Code poste;Nom poste;FONCTION;Etat;Tension (kV);departement
FRAIS;FRAISES;Poste de transformation;EN EXPLOITATION;225kV;Marne
BASCA;BASCAT;Poste de transformation;ACCORD ADMINISTRATIF;63kV;Landes
F.FRE;FAUX-FRESNAY;Poste de transformation;EN EXPLOITATION;400kV;Marne
ZGARA;PIQUAGE A GARANGER;Point de piquage;EN EXPLOITATION;90kV;Vendée
SSGEI;ST-GEIN;Poste de transformation;ACCORD ADMINISTRATIF;225kV;Landes
V.POR;VIEUX-PORT;Poste de transformation;EN EXPLOITATION;225kV;
HAPLI;HAPLINCOURT;Poste de transformation;ACCORD ADMINISTRATIF;225kV;Pas-de-Calais
CZSEU;COURSEULLES (SUR-MER);Poste de transformation;EN EXPLOITATION;225kV;
POINT;POINTES;Poste de transformation;EN EXPLOITATION;90kV;Marne
B.THO;BARRE-THOMAS (LA);Poste de transformation;EN EXPLOITATION;90kV;Ille-et-Vilaine
GAVE5;GAVET (HYDRAULIQUE);Poste de transformation;EN EXPLOITATION;63kV;Isère
1AMBI;AMBIALET /AVALATS 33KV;Poste de transformation;EN EXPLOITATION;<45kV;Tarn
1BAS5;BASSIES;Poste de transformation;EN EXPLOITATION;<45kV;Ariège
1CLAM;CLAMART;Poste de transformation;EN EXPLOITATION;225kV;Hauts-de-Seine
A.ADO;AIRE-SUR-ADOUR;Poste de transformation;EN EXPLOITATION;63kV;Landes
A.CHA;ACIERIES-DE-CHAMPAGNOLE;Poste de transformation;EN EXPLOITATION;63kV;Jura
A.DUC;ARNAY LE DUC;Poste de transformation;EN EXPLOITATION;63kV;Côte-d'Or
A.HUE;ALPE-D HUEZ;Poste de transformation;EN EXPLOITATION;63kV;Isère
A.LI7;AIR-LIQUIDE (SOGIF);Poste de transformation;EN EXPLOITATION;63kV;Ardèche
A.MOR;AIGUES-MORTES;Poste de transformation;EN EXPLOITATION;63kV;Gard
A.NOR;ANCE-DU-NORD;Poste de transformation;EN EXPLOITATION;63kV;Haute-Loire
A.OTH;AIX-EN-OTHE;Poste de transformation;EN EXPLOITATION;63kV;Aube
A.PLE;ARGENTRE-DU-PLESSIS;Poste de transformation;EN EXPLOITATION;90kV;Ille-et-Vilaine
A.TO5;ARSENAL DE TOULON;Poste de transformation;EN EXPLOITATION;63kV;Var
ACHIE;ACHIET;Poste de transformation;EN EXPLOITATION;90kV;Pas-de-Calais
AIGRE;AIGRE;Poste de transformation;EN EXPLOITATION;90kV;Charente
AILLE;AILLEVILLE;Poste de transformation;EN EXPLOITATION;63kV;Aube
ALBE5;ALBERT;Poste de transformation;EN EXPLOITATION;90kV;Somme
ALBIA;ALBIAS;Poste de transformation;EN EXPLOITATION;63kV;Tarn-et-Garonne
ALIZA;ALIZAY;Poste de transformation;EN EXPLOITATION;90kV;Seine-Maritime
ALLAI;ALLAIRE;Poste de transformation;EN EXPLOITATION;63kV;Morbihan
ALLAR;ALLARD;Poste de transformation;EN EXPLOITATION;90kV;Sarthe
ALLIE;ALLIERES;Poste de transformation;EN EXPLOITATION;63kV;Rhône
ALLIN;ALLINGES;Poste de transformation;EN EXPLOITATION;225kV;Haute-Savoie
ALRAN;ALRANCE;Poste de transformation;EN EXPLOITATION;63kV;Aveyron
AMANV;AMANVILLERS;Poste de transformation;EN EXPLOITATION;63kV;Meurthe-et-Moselle
AMARG;AMARGUE;Poste de transformation;EN EXPLOITATION;225kV;Somme
AMBER;AMBERIEU;Poste de transformation;EN EXPLOITATION;63kV;Ain
AMELO;AMELOT (AEROPORT PARIS NORD);Poste de transformation;EN EXPLOITATION;225kV;Val-d'Oise
AMFAR;AMFARD;Poste de transformation;EN EXPLOITATION;225kV;Seine-Maritime
AMIEN;AMIENS;Poste de transformation;EN EXPLOITATION;225kV;Somme
ANCER;ANCERVILLE;Poste de transformation;EN EXPLOITATION;63kV;Moselle
ANGER;ANGERS;Poste de transformation;EN EXPLOITATION;90kV;Maine-et-Loire
ANNA;ANNA;Poste de transformation;EN EXPLOITATION;63kV;Haut-Rhin
ANNAY;ANNAY;Poste de transformation;EN EXPLOITATION;63kV;Yonne
ANNEY;ANNEYRON;Poste de transformation;EN EXPLOITATION;63kV;Ardèche
ARCAC;ARCACHON (ENEDIS);Poste de transformation;EN EXPLOITATION;63kV;
ARCIS;ARCIS (-SUR-AUBE);Poste de transformation;EN EXPLOITATION;63kV;Aube
ARLOS;ARLOS;Poste de transformation;EN EXPLOITATION;63kV;Haute-Garonne
ARUDY;ARUDY;Poste de transformation;EN EXPLOITATION;63kV;Pyrénées-Atlantiques
ARVIG;ARVIGNY;Poste de transformation;EN EXPLOITATION;225kV;Essonne
ASASP;ASASP;Poste de transformation;EN EXPLOITATION;63kV;Pyrénées-Atlantiques
ASSIE;ASSIER;Poste de transformation;EN EXPLOITATION;63kV;Lot
AUBEN;AUBENAS;Poste de transformation;EN EXPLOITATION;63kV;Ardèche
AUBER;AUBERVILLE;Poste de transformation;EN EXPLOITATION;90kV;Seine-Maritime
AUBIN;AUBIN;Poste de transformation;EN EXPLOITATION;90kV;Cher
AULNA;AULNAY (-AUX-PLANCHES);Poste de transformation;EN EXPLOITATION;90kV;Marne
AURAY;AURAY;Poste de transformation;EN EXPLOITATION;63kV;Morbihan
AUREI;AUREILHAN;Poste de transformation;EN EXPLOITATION;63kV;Hautes-Pyrénées
AUREN;AURENCE (L );Poste de transformation;EN EXPLOITATION;90kV;Haute-Vienne
AUSSO;AUSSOIS;Poste de transformation;EN EXPLOITATION;225kV;Savoie
AUTER;AUTERRIVE;Poste de transformation;EN EXPLOITATION;63kV;Pyrénées-Atlantiques
AUXER;AUXERRE;Poste de transformation;EN EXPLOITATION;63kV;Yonne
AVIO5;AVION;Poste de transformation;EN EXPLOITATION;90kV;Pas-de-Calais
AVOI5;AVOINE (POSTE 400 KV);Poste de transformation;EN EXPLOITATION;400kV;Indre-et-Loire
AVORI;AVORIAZ;Poste de transformation;EN EXPLOITATION;63kV;Haute-Savoie
AVRAN;AVRANCHES;Poste de transformation;EN EXPLOITATION;90kV;Manche
AZINC;AZINCOURT;Poste de transformation;EN EXPLOITATION;90kV;Nord
B.AI5;BEL-AIR (CLIENT);Poste de transformation;EN EXPLOITATION;90kV;Maine-et-Loire
B.BAS;BAS-EN-BASSET;Poste de transformation;EN EXPLOITATION;63kV;Haute-Loire
B.COR;BREGNIER-CORDON;Poste de transformation;EN EXPLOITATION;63kV;Isère
B.DAM;BAUME-LES-DAMES;Poste de transformation;EN EXPLOITATION;63kV;Doubs
B.DUR;BOIS-DURAND;Poste de transformation;EN EXPLOITATION;90kV;Charente
B.GUI;BOIS-GUILLAUME;Poste de transformation;EN EXPLOITATION;90kV;Seine-Maritime
B.IND;BASSE-INDRE;Poste de transformation;EN EXPLOITATION;63kV;Loire-Atlantique
B.VAL;BOURG-LES-VALENCE;Poste de transformation;EN EXPLOITATION;225kV;Ardèche
BACAL;BACALAN;Poste de transformation;EN EXPLOITATION;225kV;Gironde
BAGE;BAGE (STATION DE POMPAGE);Poste de transformation;EN EXPLOITATION;63kV;Aveyron
BAGNE;BAGNEAUX;Poste de transformation;EN EXPLOITATION;63kV;Seine-et-Marne
BALAR;BALARUC;Poste de transformation;EN EXPLOITATION;225kV;Hérault
BALLO;BALLON;Poste de transformation;EN EXPLOITATION;90kV;Nord
BALMA;BALMA (POSTE);Poste de transformation;EN EXPLOITATION;225kV;Haute-Garonne
BARET;BARETTES;Poste de transformation;EN EXPLOITATION;90kV;Seine-Maritime
BASTI;BASTILLAC;Poste de transformation;EN EXPLOITATION;225kV;Hautes-Pyrénées
BAUD;BAUD;Poste de transformation;EN EXPLOITATION;63kV;Morbihan
BAUDR;BAUDRY;Poste de transformation;EN EXPLOITATION;225kV;Hauts-de-Seine
BAULE;BAULE (LA)(LA BAULE-ESCOUBLAC);Poste de transformation;EN EXPLOITATION;63kV;Loire-Atlantique
BAZAS;BAZAS;Poste de transformation;EN EXPLOITATION;63kV;Gironde
BEC5;BEC;Poste de transformation;EN EXPLOITATION;225kV;Gironde
BEDOU;BEDOULE (LA);Poste de transformation;EN EXPLOITATION;63kV;Bouches-du-Rhône
BENE5;BENETIERE;Poste de transformation;EN EXPLOITATION;90kV;Maine-et-Loire
BENY;BENY;Poste de transformation;EN EXPLOITATION;63kV;Ain
BERG6;PNB-BERGERAC;Poste de transformation;EN EXPLOITATION;63kV;Dordogne
BERRE;BERRE;Poste de transformation;EN EXPLOITATION;63kV;Bouches-du-Rhône
BERT5;BERTHOLLET;Poste de transformation;EN EXPLOITATION;225kV;Hauts-de-Seine
BERTH;BERTHOLENE;Poste de transformation;EN EXPLOITATION;63kV;Aveyron
BESS5;BESSEY;Poste de transformation;EN EXPLOITATION;63kV;Loire
BESS6;BESSANGES (CLIENT);Poste de transformation;EN EXPLOITATION;90kV;Gironde
BESSA;BESSANGES;Poste de transformation;EN EXPLOITATION;90kV;Gironde
BETHE;BETHENY;Poste de transformation;EN EXPLOITATION;63kV;Marne
BETHI;BETHISY;Poste de transformation;EN EXPLOITATION;63kV;Oise
BETHO;BETHONCOURT;Poste de transformation;EN EXPLOITATION;63kV;Doubs
BEUVR;BEUVRY (LABOURSE);Poste de transformation;EN EXPLOITATION;225kV;Pas-de-Calais
BEYRE;BEYREDE (POSTE MIXTE RTE - CLIENT);Poste de transformation;EN EXPLOITATION;63kV;Hautes-Pyrénées
BEZON;BEZON;Poste de transformation;EN EXPLOITATION;225kV;Morbihan
BISC5;BISCHWILLER;Poste de transformation;EN EXPLOITATION;63kV;Bas-Rhin
BISSY;BISSY;Poste de transformation;EN EXPLOITATION;225kV;Savoie
BOLL5;BOLLENE (POSTE RESEAU);Poste de transformation;EN EXPLOITATION;225kV;Vaucluse
BOLOG;BOLOGNE (FORGES);Poste de transformation;EN EXPLOITATION;63kV;Haute-Marne
BONN7;BONNEVAL;Poste de transformation;EN EXPLOITATION;90kV;Eure-et-Loir
BONNE;BONNETERRE;Poste de transformation;EN EXPLOITATION;225kV;Rhône
BOUE;BOUE;Poste de transformation;EN EXPLOITATION;63kV;Aisne
BOUS6;BOUSSOIS;Poste de transformation;EN EXPLOITATION;90kV;Nord
BRAS5;BRASSAC;Poste de transformation;EN EXPLOITATION;63kV;Tarn
BREUI;BREUIL (LE);Poste de transformation;EN EXPLOITATION;400kV;Corrèze
BREV7;BREVANNES;Poste de transformation;EN EXPLOITATION;63kV;Val-de-Marne
BREVA;BREVANS;Poste de transformation;EN EXPLOITATION;63kV;Jura
BRIAN;BRIANCON;Poste de transformation;EN EXPLOITATION;150kV;Hautes-Alpes
BROUS;BROUSSEVAL;Poste de transformation;EN EXPLOITATION;63kV;Haute-Marne
BRUN5;BRUNEHAUT;Poste de transformation;EN EXPLOITATION;63kV;Somme
BUGEY;BUGEY (LE);Poste de transformation;EN EXPLOITATION;400kV;Ain
BUQUE;BUQUET;Poste de transformation;EN EXPLOITATION;90kV;Seine-Maritime
BVIL5;BELLEVILLE (LE PLESSIS-BELLEVILLE);Poste de transformation;EN EXPLOITATION;63kV;Oise
BVIL7;BELLEVILLE (BELLEVILLE-SUR-LOIRE);Poste de transformation;EN EXPLOITATION;400kV;Loiret
BVILL;BELLEVILLE (S.N.C.F.);Poste de transformation;EN EXPLOITATION;63kV;Rhône
BXBRE;BEAUBREUIL;Poste de transformation;EN EXPLOITATION;90kV;Haute-Vienne
BXCAI;BEAUCAIRE (CENTRALE CNR);Poste de transformation;EN EXPLOITATION;225kV;Gard
BXPUY;BEAUPUY;Poste de transformation;EN EXPLOITATION;90kV;Vendée
BZBEL;BOURBEL;Poste de transformation;EN EXPLOITATION;90kV;Seine-Maritime
BZGAY;BOURGAY (ENEDIS);Poste de transformation;EN EXPLOITATION;90kV;Seine-Maritime
BZGET;BOURGET (LE);Poste de transformation;EN EXPLOITATION;225kV;Seine-Saint-Denis
BZNE;BOURNE (LA);Poste de transformation;EN EXPLOITATION;63kV;Isère
BZRAY;BOURRAY;Poste de transformation;EN EXPLOITATION;90kV;Sarthe
C.AND;COTE-ST-ANDRE (LA);Poste de transformation;EN EXPLOITATION;63kV;Isère
C.AVR;COMBE D AVRIEUX;Poste de transformation;EN EXPLOITATION;225kV;Savoie
C.BER;CHATEAU-BERNARD;Poste de transformation;EN EXPLOITATION;90kV;Charente
C.CAD;CROIX-CADET;Poste de transformation;EN EXPLOITATION;90kV;Haute-Vienne
C.FO5;COLOMBIER-FONTAINE;Poste de transformation;EN EXPLOITATION;63kV;Doubs
C.FO6;CAILLOUX-SUR-FONTAINES;Poste de transformation;EN EXPLOITATION;225kV;Rhône
C.GAD;CHATEAUNEUF DE GADAGNE;Poste de transformation;EN EXPLOITATION;63kV;Vaucluse
C.HUI;CONDE-SUR-HUISNE;Poste de transformation;EN EXPLOITATION;90kV;Orne
C.LAF;CHARLES-LAFFITTE;Poste de transformation;EN EXPLOITATION;90kV;
C.MA5;CROIX DES MARINS (LA);Poste de transformation;EN EXPLOITATION;63kV;Loire-Atlantique
C.MAL;CREYS-MALVILLE;Poste de transformation;EN EXPLOITATION;<45kV;Isère
C.MER;CAGNES-SUR-MER;Poste de transformation;EN EXPLOITATION;225kV;Alpes-Maritimes
C.NEY;CROIX-DE-NEYRAT;Poste de transformation;EN EXPLOITATION;63kV;Puy-de-Dôme
C.QUE;CHATEAU-QUEYRAS;Poste de transformation;EN EXPLOITATION;63kV;Hautes-Alpes
C.REG;CHAMPS-REGNAUD;Poste de transformation;EN EXPLOITATION;225kV;Côte-d'Or
C.ROI;CHOISY-LE-ROI;Poste de transformation;EN EXPLOITATION;63kV;Val-de-Marne
C.ROL;CHAMP-ROLLAND;Poste de transformation;EN EXPLOITATION;63kV;Ardèche
C.ROY;CHATENOY-LE-ROYAL;Poste de transformation;EN EXPLOITATION;63kV;Saône-et-Loire
C.SAL;CHAMP-SALMON;Poste de transformation;EN EXPLOITATION;63kV;Meurthe-et-Moselle
CABRI;CABRIES;Poste de transformation;EN EXPLOITATION;225kV;Bouches-du-Rhône
CAEN;CAEN;Poste de transformation;EN EXPLOITATION;225kV;Calvados
CAHO5;CAHORS (CLIENT);Poste de transformation;EN EXPLOITATION;63kV;Lot
CAJAR;CAJARC;Poste de transformation;EN EXPLOITATION;63kV;Lot
CAMBO;CAMBOLLE;Poste de transformation;EN EXPLOITATION;90kV;Eure
CANCO;CANCON;Poste de transformation;EN EXPLOITATION;63kV;Lot-et-Garonne
CANNE;CANNES;Poste de transformation;EN EXPLOITATION;63kV;Alpes-Maritimes
CARC5;CARCASSONNE;Poste de transformation;EN EXPLOITATION;63kV;Aude
CARLI;CARLING;Poste de transformation;EN EXPLOITATION;63kV;Moselle
CARPE;CARPENTRAS;Poste de transformation;EN EXPLOITATION;63kV;Vaucluse
CARQU;CARQUEIRANNE;Poste de transformation;EN EXPLOITATION;63kV;Var
CARRI;CARRIERES;Poste de transformation;EN EXPLOITATION;225kV;Oise
CAUM5;CAUMONT (PIPE-LINE SUD-EUROPEEN NO 1A);Poste de transformation;EN EXPLOITATION;63kV;Bouches-du-Rhône
CAVAI;CAVAILLON;Poste de transformation;EN EXPLOITATION;63kV;Bouches-du-Rhône
CAVAL;CAVALAIRE;Poste de transformation;EN EXPLOITATION;63kV;Var
CAZER;CAZERES;Poste de transformation;EN EXPLOITATION;63kV;Haute-Garonne
CERCE;CERCEAU;Poste de transformation;EN EXPLOITATION;63kV;Ardennes
CERIZ;CERIZAY;Poste de transformation;EN EXPLOITATION;90kV;Deux-Sèvres
CESSE;CESSE;Poste de transformation;EN EXPLOITATION;63kV;Aude
CEZY;CEZY;Poste de transformation;EN EXPLOITATION;63kV;Yonne
CHA.N;CHALON-NORD;Poste de transformation;EN EXPLOITATION;63kV;Saône-et-Loire
CHACE;CHACE;Poste de transformation;EN EXPLOITATION;90kV;Maine-et-Loire
CHAFF;CHAFFARD (LE);Poste de transformation;EN EXPLOITATION;400kV;Rhône
CHAG5;CHAGNOT;Poste de transformation;EN EXPLOITATION;90kV;Cher
CHAL5;CHALON (S.N.C.F.);Poste de transformation;EN EXPLOITATION;63kV;Saône-et-Loire
CHAL6;CHALON (KODAK-PATHE);Poste de transformation;EN EXPLOITATION;63kV;Saône-et-Loire
CHAM5;CHAMOUILLEY;Poste de transformation;EN EXPLOITATION;63kV;Haute-Marne
CHAMO;CHAMONIX;Poste de transformation;EN EXPLOITATION;63kV;Haute-Savoie
CHAMP;CHAMP;Poste de transformation;EN EXPLOITATION;63kV;Isère
CHAN6;CHANCENAY;Poste de transformation;EN EXPLOITATION;225kV;Marne
CHANC;CHANCIA;Poste de transformation;EN EXPLOITATION;63kV;Jura
CHANO;CHANOZ;Poste de transformation;EN EXPLOITATION;63kV;Rhône
CHAP6;CHAPEAU;Poste de transformation;EN EXPLOITATION;90kV;Charente-Maritime
CHARN;CHARNY;Poste de transformation;EN EXPLOITATION;63kV;Yonne
CHARV;CHARVIEU;Poste de transformation;EN EXPLOITATION;63kV;Isère
CHAS5;CHASSE (S.N.C.F.);Poste de transformation;EN EXPLOITATION;63kV;Rhône
CHAT6;CHATAIGNERAIE (LA);Poste de transformation;EN EXPLOITATION;90kV;Vendée
CHAV5;CHAVAGNES;Poste de transformation;EN EXPLOITATION;90kV;Vendée
CHAVA;CHAVAROCHE;Poste de transformation;EN EXPLOITATION;63kV;Haute-Savoie
CHED5;CHEDDE (S.N.C.F.);Poste de transformation;EN EXPLOITATION;45kV;Haute-Savoie
CHEME;CHEMERY;Poste de transformation;EN EXPLOITATION;90kV;Loir-et-Cher
CHEV5;CHEVIRE;Poste de transformation;EN EXPLOITATION;225kV;Loire-Atlantique
CHEV6;CHEVAIN;Poste de transformation;EN EXPLOITATION;90kV;Orne
CHEVI;CHEVILLY;Poste de transformation;EN EXPLOITATION;225kV;Hauts-de-Seine
CHEY6;CHEYLAS (LE);Poste de transformation;EN EXPLOITATION;400kV;Isère
CHOLE;CHOLET;Poste de transformation;EN EXPLOITATION;225kV;Maine-et-Loire
CIERP;CIERP;Poste de transformation;EN EXPLOITATION;63kV;Hautes-Pyrénées
CIEUR;CIEURAC;Poste de transformation;EN EXPLOITATION;63kV;Lot
CIREY;CIREY (-SUR-VEZOUZE);Poste de transformation;EN EXPLOITATION;63kV;Meurthe-et-Moselle
CLEDE;CLEDER;Poste de transformation;EN EXPLOITATION;63kV;Finistère
CLIMA;CLIMADEF;Poste de transformation;EN EXPLOITATION;63kV;Yvelines
CLUS5;CLUSE (LA);Poste de transformation;EN EXPLOITATION;63kV;Ain
CLUSE;CLUSES;Poste de transformation;EN EXPLOITATION;63kV;Haute-Savoie
COISE;COISELET;Poste de transformation;EN EXPLOITATION;63kV;Jura
COMBO;COMBOURG;Poste de transformation;EN EXPLOITATION;90kV;Ille-et-Vilaine
COMPE;COMPERTRIX;Poste de transformation;EN EXPLOITATION;63kV;Marne
CONTA;CONTAMINE;Poste de transformation;EN EXPLOITATION;225kV;Savoie
COQU5;COQUIBUS;Poste de transformation;EN EXPLOITATION;225kV;Essonne
COQUA;COQUAINVILLIERS;Poste de transformation;EN EXPLOITATION;225kV;Calvados
CORB7;CORBEIL;Poste de transformation;EN EXPLOITATION;63kV;Essonne
CORB8;CORBIER (LE);Poste de transformation;EN EXPLOITATION;63kV;Savoie
CORB9;CORBIGNY;Poste de transformation;EN EXPLOITATION;63kV;Nièvre
CORBI;CORBIERE (LA);Poste de transformation;EN EXPLOITATION;225kV;Maine-et-Loire
COTE;COTE (LA);Poste de transformation;EN EXPLOITATION;90kV;Creuse
COTON;COTONI;Poste de transformation;EN EXPLOITATION;90kV;Seine-Maritime
COULO;COULOMMIERS;Poste de transformation;EN EXPLOITATION;63kV;Seine-et-Marne
COUR;COUR (LA);Poste de transformation;EN EXPLOITATION;90kV;Vienne
CPBLA;CHAMPBLAIN;Poste de transformation;EN EXPLOITATION;225kV;Ardèche
CPDIV;CHAMPDIVERS;Poste de transformation;EN EXPLOITATION;63kV;Jura
CPNAC;CHAMPAGNAC;Poste de transformation;EN EXPLOITATION;90kV;Haute-Vienne
CPNIE;CHAMPAGNIER;Poste de transformation;EN EXPLOITATION;400kV;Isère
CREMA;CREMADES;Poste de transformation;EN EXPLOITATION;63kV;Vaucluse
CREPI;CREPIEUX;Poste de transformation;EN EXPLOITATION;63kV;Rhône
CREUS;CREUSOT (LE);Poste de transformation;EN EXPLOITATION;63kV;Saône-et-Loire
CROI5;CROIXRAULT;Poste de transformation;EN EXPLOITATION;90kV;Somme
CROI6;CROISIERE;Poste de transformation;EN EXPLOITATION;225kV;Gard
CRONE;CRONENBOURG;Poste de transformation;EN EXPLOITATION;63kV;Bas-Rhin
CROSN;CROSNE;Poste de transformation;EN EXPLOITATION;63kV;Val-de-Marne
CROZE;CROZES;Poste de transformation;EN EXPLOITATION;63kV;Aude
CRUEL;CRUEL (LE);Poste de transformation;EN EXPLOITATION;90kV;Ille-et-Vilaine
CRUGE;CRUGEY;Poste de transformation;EN EXPLOITATION;63kV;Côte-d'Or
CSLJA;CASTELJALOUX;Poste de transformation;EN EXPLOITATION;63kV;Lot-et-Garonne
CSLN5;CASTELNAU (CLIENT);Poste de transformation;EN EXPLOITATION;63kV;Hérault
CSLN6;CASTELNAUDARY;Poste de transformation;EN EXPLOITATION;63kV;Aude
CSLS5;CASTELSARRASIN (CLIENT);Poste de transformation;EN EXPLOITATION;63kV;Tarn-et-Garonne
CTAUD;CHATEAUDUN;Poste de transformation;EN EXPLOITATION;90kV;Eure-et-Loir
CTAUR;CHATEAURENARD;Poste de transformation;EN EXPLOITATION;225kV;Bouches-du-Rhône
CTLAR;CHATELARD (LE);Poste de transformation;EN EXPLOITATION;45kV;Savoie
CTMAL;CHATEAU MALO;Poste de transformation;EN EXPLOITATION;63kV;Ille-et-Vilaine
CUS.P;CUSSET-POSTE;Poste de transformation;EN EXPLOITATION;225kV;Rhône
CXMO5;CHAUMONT;Poste de transformation;EN EXPLOITATION;63kV;Haute-Marne
CXMON;CHAUMONT (CHASSENEUIL-DU-POITOU);Poste de transformation;EN EXPLOITATION;90kV;Vienne
CZBEV;COURBEVOIE;Poste de transformation;EN EXPLOITATION;63kV;Yvelines
CZLIS;COURLIS;Poste de transformation;EN EXPLOITATION;90kV;Seine-Maritime
CZNEU;COURNEUVE (LA);Poste de transformation;EN EXPLOITATION;225kV;Hauts-de-Seine
CZONN;COURONNE (LA);Poste de transformation;EN EXPLOITATION;63kV;Charente
CZTEN;COURTENAY;Poste de transformation;EN EXPLOITATION;63kV;Loiret
CZVIL;COURVILLE;Poste de transformation;EN EXPLOITATION;90kV;Eure-et-Loir
D.INF;DRAC-INFERIEUR;Poste de transformation;EN EXPLOITATION;63kV;Isère
D.PAL;DUN LE PALESTEL;Poste de transformation;EN EXPLOITATION;90kV;Creuse
DAMBR;DAMBRON;Poste de transformation;EN EXPLOITATION;400kV;Eure-et-Loir
DAMER;DAMERY;Poste de transformation;EN EXPLOITATION;225kV;Marne
DANT5;DANTON;Poste de transformation;EN EXPLOITATION;63kV;Yvelines
DANTO;DANTOU;Poste de transformation;EN EXPLOITATION;225kV;Lot-et-Garonne
DARBL;DARBLAY;Poste de transformation;EN EXPLOITATION;225kV;Seine-Maritime
DARS5;DARSE (CLIENT);Poste de transformation;EN EXPLOITATION;90kV;Seine-Maritime
DECIN;DECINES;Poste de transformation;EN EXPLOITATION;225kV;Rhône
DEGA5;DEGAGNAC;Poste de transformation;EN EXPLOITATION;63kV;Lot
DELBA;DELBASSE;Poste de transformation;EN EXPLOITATION;90kV;Nord
DELLE;DELLE;Poste de transformation;EN EXPLOITATION;63kV;Doubs
DIEUL;DIEULEFIT;Poste de transformation;EN EXPLOITATION;63kV;Drôme
DIGNE;DIGNE;Poste de transformation;EN EXPLOITATION;63kV;Alpes-de-Haute-Provence
DINAN;DINAN;Poste de transformation;EN EXPLOITATION;63kV;Côtes-d'Armor
DIVES;DIVES;Poste de transformation;EN EXPLOITATION;90kV;
DOMPI;DOMPIERRE;Poste de transformation;EN EXPLOITATION;63kV;Allier
DORMA;DORMANS;Poste de transformation;EN EXPLOITATION;63kV;Aisne
DOUAR;DOUARNENEZ;Poste de transformation;EN EXPLOITATION;63kV;Finistère
DOULL;DOULLENS;Poste de transformation;EN EXPLOITATION;90kV;Somme
DOULO;DOULON;Poste de transformation;EN EXPLOITATION;225kV;Loire-Atlantique
DURAN;DURANNE (LA);Poste de transformation;EN EXPLOITATION;225kV;Bouches-du-Rhône
DUROL;DUROLLE;Poste de transformation;EN EXPLOITATION;63kV;Puy-de-Dôme
E.CON;ESCALES CONILHAC;Poste de transformation;EN EXPLOITATION;63kV;Aude
ECHEL;ECHELLES (LES);Poste de transformation;EN EXPLOITATION;63kV;Isère
EGUZ5;EGUZON (POSTE CENTRALE);Poste de transformation;EN EXPLOITATION;90kV;Indre
EMBRU;EMBRUN;Poste de transformation;EN EXPLOITATION;63kV;Hautes-Alpes
ENTRE;ENTREVAUX;Poste de transformation;EN EXPLOITATION;150kV;Alpes-de-Haute-Provence
EPIN5;EPINAY-SOUS-SENART;Poste de transformation;EN EXPLOITATION;63kV;Essonne
ERROU;ERROUVILLE;Poste de transformation;EN EXPLOITATION;63kV;Meurthe-et-Moselle
ESCAR;ESCARELLE (L );Poste de transformation;EN EXPLOITATION;63kV;Var
ESPAL;ESPALUNGUE;Poste de transformation;EN EXPLOITATION;63kV;Pyrénées-Atlantiques
ESPER;ESPERAZA;Poste de transformation;EN EXPLOITATION;63kV;Aude
ESPI5;ESPIERS (LES);Poste de transformation;EN EXPLOITATION;225kV;Eure-et-Loir
ESSAR;ESSARS;Poste de transformation;EN EXPLOITATION;90kV;Pas-de-Calais
ESTAQ;ESTAQUE (L);Poste de transformation;EN EXPLOITATION;63kV;Bouches-du-Rhône
ETAUL;ETAULIERS;Poste de transformation;EN EXPLOITATION;63kV;Gironde
ETREV;ETREVILLE;Poste de transformation;EN EXPLOITATION;90kV;Eure
EUROP;EUROPORT;Poste de transformation;EN EXPLOITATION;90kV;Marne
EXCID;EXCIDEUIL;Poste de transformation;EN EXPLOITATION;63kV;Dordogne
F.JOU;FERTE-SOUS-JOUARRE (LA);Poste de transformation;EN EXPLOITATION;63kV;Seine-et-Marne
F.MAN;FOUR-MANOIR;Poste de transformation;EN EXPLOITATION;63kV;Nord
FACTU;FACTURE;Poste de transformation;EN EXPLOITATION;63kV;Gironde
FAMAR;FAMARS;Poste de transformation;EN EXPLOITATION;225kV;Nord
FARRA;FARRADIERE (LA);Poste de transformation;EN EXPLOITATION;225kV;Charente-Maritime
FAUGE;FAUGERES;Poste de transformation;EN EXPLOITATION;63kV;Hérault
FEISS;FEISSONS;Poste de transformation;EN EXPLOITATION;63kV;Savoie
FERRI;FERRIERES;Poste de transformation;EN EXPLOITATION;63kV;Ariège
FIER;FIER;Poste de transformation;EN EXPLOITATION;63kV;Haute-Savoie
FLACE;FLACE;Poste de transformation;EN EXPLOITATION;63kV;Saône-et-Loire
FLEYR;FLEYRIAT;Poste de transformation;EN EXPLOITATION;225kV;Ain
FLINS;FLINS;Poste de transformation;EN EXPLOITATION;63kV;Yvelines
FLOGN;FLOGNY;Poste de transformation;EN EXPLOITATION;63kV;Yonne
FLOIN;FLOING;Poste de transformation;EN EXPLOITATION;63kV;Ardennes
FLORE;FLORENSAC;Poste de transformation;EN EXPLOITATION;225kV;Hérault
FORMI;FORMIGUERES;Poste de transformation;EN EXPLOITATION;63kV;Pyrénées-Orientales
FORTE;FORTELET;Poste de transformation;EN EXPLOITATION;90kV;Nord
FOUGE;FOUGERES;Poste de transformation;EN EXPLOITATION;90kV;Ille-et-Vilaine
FRANG;FRANGEY;Poste de transformation;EN EXPLOITATION;63kV;Yonne
FREN5;FRENECOURT;Poste de transformation;EN EXPLOITATION;90kV;Calvados
FRESN;FRESNAY;Poste de transformation;EN EXPLOITATION;90kV;Sarthe
FRONC;FRONCLES;Poste de transformation;EN EXPLOITATION;225kV;Haute-Marne
FTAIN;FONTAINES (S.N.C.F.);Poste de transformation;EN EXPLOITATION;63kV;Saône-et-Loire
FUSTE;FUSTEL;Poste de transformation;EN EXPLOITATION;63kV;Bas-Rhin
G.CHE;GRAND-CHENE;Poste de transformation;EN EXPLOITATION;63kV;Ain
G.COU;GRAND-COURONNE;Poste de transformation;EN EXPLOITATION;225kV;Seine-Maritime
G.LUC;GRAND LUCE;Poste de transformation;EN EXPLOITATION;90kV;Sarthe
LISLO;LISLOCH;Poste de transformation;EN EXPLOITATION;63kV;Finistère
LOCMA;LOCMALO;Poste de transformation;EN EXPLOITATION;63kV;Morbihan
LOING;LOING;Poste de transformation;EN EXPLOITATION;63kV;Seine-et-Marne
LONGA;LONGAGES;Poste de transformation;EN EXPLOITATION;63kV;Haute-Garonne
LONGC;LONGCHAMP (RUFFEC);Poste de transformation;EN EXPLOITATION;90kV;Charente
LONNY;LONNY;Poste de transformation;EN EXPLOITATION;400kV;Ardennes
LORIE;LORIENT;Poste de transformation;EN EXPLOITATION;63kV;Morbihan
LOUDU;LOUDUN;Poste de transformation;EN EXPLOITATION;90kV;Vienne
LOUIS;LOUISFERT;Poste de transformation;EN EXPLOITATION;400kV;Loire-Atlantique
LOUPE;LOUPE (LA);Poste de transformation;EN EXPLOITATION;90kV;Orne
LOUPI;LOUPIAN;Poste de transformation;EN EXPLOITATION;63kV;Hérault
LOURD;LOURDES;Poste de transformation;EN EXPLOITATION;63kV;Hautes-Pyrénées
LOUSL;LOUSLITGES;Poste de transformation;EN EXPLOITATION;63kV;Gers
LUCY;LUCY;Poste de transformation;EN EXPLOITATION;63kV;Saône-et-Loire
LUGRA;LUGRA;Poste de transformation;EN EXPLOITATION;63kV;Hautes-Pyrénées
LUISA;LUISANT;Poste de transformation;EN EXPLOITATION;90kV;Eure-et-Loir
LUNES;LUNES;Poste de transformation;EN EXPLOITATION;63kV;Aude
LUZI1;LUZIERES I;Poste de transformation;EN EXPLOITATION;63kV;Tarn
M.BL5;MAISON-BLANCHE (MARINE NATIONALE A BREST);Poste de transformation;EN EXPLOITATION;63kV;Finistère
M.BL6;MONTAIGUT LE BLANC;Poste de transformation;EN EXPLOITATION;63kV;Puy-de-Dôme
M.LOU;MARIE-LOUISE;Poste de transformation;EN EXPLOITATION;63kV;Haut-Rhin
M.MIC;MAS DE MICHEL;Poste de transformation;EN EXPLOITATION;63kV;Gard
M.MO5;MITRY-MORY (R.F.F.);Poste de transformation;EN EXPLOITATION;63kV;Seine-Saint-Denis
M.POI;MAS-POINTU;Poste de transformation;EN EXPLOITATION;63kV;Bouches-du-Rhône
M.PON;MARTIGUES-PONTEAU;Poste de transformation;EN EXPLOITATION;400kV;
M.ROI;MONTIGNY-LE-ROI;Poste de transformation;EN EXPLOITATION;63kV;Haute-Marne
M.SEI;MERY-SUR-SEINE;Poste de transformation;EN EXPLOITATION;400kV;Marne
MAGNY;MAGNY(-SUR TILLE);Poste de transformation;EN EXPLOITATION;225kV;Côte-d'Or
MAICH;MAICHE;Poste de transformation;EN EXPLOITATION;63kV;Doubs
MALAD;MALADIERE (LA);Poste de transformation;EN EXPLOITATION;63kV;Aube
MALL5;MALLE (LA);Poste de transformation;EN EXPLOITATION;63kV;Bouches-du-Rhône
MAME;MAME (LA);Poste de transformation;EN EXPLOITATION;90kV;Charente-Maritime
MANEG;MANEGUEN;Poste de transformation;EN EXPLOITATION;63kV;Morbihan
MARAI;MARAIS (LE);Poste de transformation;EN EXPLOITATION;90kV;Eure
MARC5;MARCILLAC;Poste de transformation;EN EXPLOITATION;90kV;Corrèze
MARC8;MARCLAN;Poste de transformation;EN EXPLOITATION;63kV;Haute-Garonne
MARCH;MARCHAIS;Poste de transformation;EN EXPLOITATION;90kV;Loiret
MARDE;MARDEUIL;Poste de transformation;EN EXPLOITATION;63kV;Marne
MAREG;MAREGES;Poste de transformation;EN EXPLOITATION;225kV;Corrèze
MARIE;MARIENAU;Poste de transformation;EN EXPLOITATION;63kV;
MARL5;MARLIERE;Poste de transformation;EN EXPLOITATION;63kV;Ardennes
MARNA;MARNAVAL;Poste de transformation;EN EXPLOITATION;63kV;Haute-Marne
MARZA;MARZAN;Poste de transformation;EN EXPLOITATION;63kV;Morbihan
MATEL;MATEL;Poste de transformation;EN EXPLOITATION;63kV;Loire
MAURS;MAURS;Poste de transformation;EN EXPLOITATION;63kV;Cantal
MAZAM;MAZAMET;Poste de transformation;EN EXPLOITATION;63kV;Tarn
MAZAR;MAZARGUES;Poste de transformation;EN EXPLOITATION;225kV;
MEDOQ;MEDOQUINE;Poste de transformation;EN EXPLOITATION;63kV;Gironde
MEINA;MEINAU;Poste de transformation;EN EXPLOITATION;63kV;Bas-Rhin
MENUI;MENUIRES (LES);Poste de transformation;EN EXPLOITATION;63kV;Savoie
MERCI;MERCIERS (LES);Poste de transformation;EN EXPLOITATION;225kV;Isère
MERCU;MERCUS;Poste de transformation;EN EXPLOITATION;63kV;Ariège
MERDR;MERDRIGNAC;Poste de transformation;EN EXPLOITATION;63kV;Côtes-d'Armor
MERS;MERS;Poste de transformation;EN EXPLOITATION;90kV;
MERY;MERY (CIE GLE EAUX A MERY-SUR-OISE);Poste de transformation;EN EXPLOITATION;63kV;Val-d'Oise
MESLA;MESLAY;Poste de transformation;EN EXPLOITATION;90kV;Mayenne
METZ6;METZANGE;Poste de transformation;EN EXPLOITATION;63kV;Moselle
MEXY;MEXY;Poste de transformation;EN EXPLOITATION;63kV;Meurthe-et-Moselle
MEYRA;MEYRARGUES;Poste de transformation;EN EXPLOITATION;63kV;Bouches-du-Rhône
MEZEL;MEZEL;Poste de transformation;EN EXPLOITATION;63kV;Puy-de-Dôme
MILLE;MILLERY (54);Poste de transformation;EN EXPLOITATION;63kV;Meurthe-et-Moselle
MINIH;MINIHY;Poste de transformation;EN EXPLOITATION;63kV;Côtes-d'Armor
MIRAI;MIRAIL (LE);Poste de transformation;EN EXPLOITATION;63kV;Gironde
MIREC;MIRECOURT;Poste de transformation;EN EXPLOITATION;63kV;Vosges
MIREV;MIREVAL;Poste de transformation;EN EXPLOITATION;63kV;Hérault
MOIRA;MOIRANS;Poste de transformation;EN EXPLOITATION;225kV;Isère
MOISE;MOISENAY;Poste de transformation;EN EXPLOITATION;225kV;Seine-et-Marne
MOISS;MOISSAC;Poste de transformation;EN EXPLOITATION;63kV;Tarn-et-Garonne
MOISY;MOISY;Poste de transformation;EN EXPLOITATION;90kV;Loir-et-Cher
MORB5;MORBRAS (POSTE SOURCE);Poste de transformation;EN EXPLOITATION;225kV;Val-de-Marne
MORBR;MORBRAS;Poste de transformation;EN EXPLOITATION;400kV;Val-de-Marne
MORIH;MORIHAN;Poste de transformation;EN EXPLOITATION;225kV;Ille-et-Vilaine
MORTA;MORTAIN;Poste de transformation;EN EXPLOITATION;90kV;Manche
MORZI;MORZINE;Poste de transformation;EN EXPLOITATION;63kV;Haute-Savoie
MOTTA;MOTTARET;Poste de transformation;EN EXPLOITATION;63kV;Savoie
MOUGI;MOUGINS;Poste de transformation;EN EXPLOITATION;225kV;Alpes-Maritimes
MOUL8;MOULINEAUX;Poste de transformation;EN EXPLOITATION;225kV;Hauts-de-Seine
MOUS5;MOUSSEAUX;Poste de transformation;EN EXPLOITATION;225kV;Indre
MOUT5;MOUTHIERS;Poste de transformation;EN EXPLOITATION;90kV;Charente
MQIS;MARQUIS (LE);Poste de transformation;EN EXPLOITATION;400kV;Gironde
MQIS5;MARQUIS (LE) (ENGRAIS D AMBES);Poste de transformation;EN EXPLOITATION;63kV;Gironde
MQISA;MARQUISANE (LA);Poste de transformation;EN EXPLOITATION;63kV;Var
MQISE;MARQUISE;Poste de transformation;EN EXPLOITATION;90kV;Pas-de-Calais
MTALI;MONTALIEU;Poste de transformation;EN EXPLOITATION;63kV;Isère
MTBRO;MONTBRON;Poste de transformation;EN EXPLOITATION;90kV;Charente
MTEND;MONTENDRE;Poste de transformation;EN EXPLOITATION;90kV;Charente-Maritime
MTER5;MONTEREAU (CLIENT);Poste de transformation;EN EXPLOITATION;63kV;Seine-et-Marne
MTEYN;MONTEYNARD;Poste de transformation;EN EXPLOITATION;225kV;Isère
MTFER;MONTFERMY;Poste de transformation;EN EXPLOITATION;63kV;Puy-de-Dôme
MTFO5;MONTFORT (BEDEE);Poste de transformation;EN EXPLOITATION;90kV;Ille-et-Vilaine
MTGUY;MONTGUYON;Poste de transformation;EN EXPLOITATION;225kV;Charente-Maritime
MTMAR;MONTMARTEL;Poste de transformation;EN EXPLOITATION;63kV;Vaucluse
MTMEL;MONTMELIAN;Poste de transformation;EN EXPLOITATION;63kV;Savoie
MTMIR;MONTMIRAIL;Poste de transformation;EN EXPLOITATION;63kV;Aisne
MTREU;MONTREUIL (-SUR-LOIR);Poste de transformation;EN EXPLOITATION;90kV;Maine-et-Loire
MTREV;MONTREVEL;Poste de transformation;EN EXPLOITATION;63kV;Ain
MTRIC;MONTRICHER;Poste de transformation;EN EXPLOITATION;45kV;Savoie
MTTES;MONTTESSUY;Poste de transformation;EN EXPLOITATION;63kV;Paris
MTVAU;MONTVAUTHIER;Poste de transformation;EN EXPLOITATION;45kV;Haute-Savoie
MUNST;MUNSTER;Poste de transformation;EN EXPLOITATION;63kV;Haut-Rhin
MURIG;MURIGNY;Poste de transformation;EN EXPLOITATION;63kV;Marne
N.OUE;NORD-OUEST;Poste de transformation;EN EXPLOITATION;63kV;Isère
NAINT;NAINTRE;Poste de transformation;EN EXPLOITATION;90kV;Vienne
NAVES;NAVES;Poste de transformation;EN EXPLOITATION;90kV;Corrèze
NENEZ;NENEZ;Poste de transformation;EN EXPLOITATION;63kV;Côtes-d'Armor
NERAC;NERAC;Poste de transformation;EN EXPLOITATION;63kV;Lot-et-Garonne
NEUSS;NEUSSARGUES;Poste de transformation;EN EXPLOITATION;63kV;Cantal
NEUVY;NEUVY;Poste de transformation;EN EXPLOITATION;63kV;Loiret
NEY;NEY;Poste de transformation;EN EXPLOITATION;225kV;Hauts-de-Seine
NOAIL;NOAILLES;Poste de transformation;EN EXPLOITATION;63kV;Corrèze
NONAN;NONANCOURT;Poste de transformation;EN EXPLOITATION;90kV;Eure-et-Loir
NOVIL;NOVILLARS;Poste de transformation;EN EXPLOITATION;63kV;Doubs
NYONS;NYONS;Poste de transformation;EN EXPLOITATION;63kV;Drôme
O.CEI;OUEST-CEINTURE;Poste de transformation;EN EXPLOITATION;63kV;Hauts-de-Seine
OBERN;OBERNAI (ELECTRICITE DE STRASBOURG);Poste de transformation;EN EXPLOITATION;63kV;Bas-Rhin
ORAN5;ORANGERIE (STRASBOURG);Poste de transformation;EN EXPLOITATION;63kV;Bas-Rhin
ORANG;ORANGERIE (L);Poste de transformation;EN EXPLOITATION;225kV;Vienne
ORCHI;ORCHIES;Poste de transformation;EN EXPLOITATION;90kV;Nord
ORNAN;ORNANS;Poste de transformation;EN EXPLOITATION;63kV;Doubs
ORTH5;ORTHEZ;Poste de transformation;EN EXPLOITATION;63kV;Pyrénées-Atlantiques
OSERA;OSERAIE;Poste de transformation;EN EXPLOITATION;63kV;Seine-et-Marne
P.ABB;PONT-L ABBE;Poste de transformation;EN EXPLOITATION;63kV;Finistère
P.AGE;PASSAGE-D AGEN;Poste de transformation;EN EXPLOITATION;63kV;Lot-et-Garonne
P.CAS;PONT-DU-CASSE;Poste de transformation;EN EXPLOITATION;63kV;Lot-et-Garonne
P.ESC;PONT-ESCOFFIER;Poste de transformation;EN EXPLOITATION;225kV;Isère
P.FOR;PETITE-FORET;Poste de transformation;EN EXPLOITATION;63kV;Nord
P.LIG;PONT-DE-LIGNON;Poste de transformation;EN EXPLOITATION;63kV;Haute-Loire
P.ME5;PETIT-MENIN;Poste de transformation;EN EXPLOITATION;225kV;Nord
P.MEE;PONT-DU-MEE;Poste de transformation;EN EXPLOITATION;63kV;Seine-et-Marne
P.RO5;PEAGE-DE-ROUSSILLON-NORD;Poste de transformation;EN EXPLOITATION;63kV;Loire
P.SAO;POUILLY-SUR-SAONE;Poste de transformation;EN EXPLOITATION;63kV;Côte-d'Or
P.VAU;PRES-DE-VAUX;Poste de transformation;EN EXPLOITATION;63kV;Doubs
PARC;PARC (LE);Poste de transformation;EN EXPLOITATION;225kV;Sarthe
PARDI;PARDIES;Poste de transformation;EN EXPLOITATION;63kV;Pyrénées-Atlantiques
PELIS;PELISSIER;Poste de transformation;EN EXPLOITATION;225kV;Tarn
PERCH;PERCHE (LA);Poste de transformation;EN EXPLOITATION;63kV;Pyrénées-Orientales
PERCY;PERCY;Poste de transformation;EN EXPLOITATION;90kV;Calvados
PERR7;PERROY;Poste de transformation;EN EXPLOITATION;63kV;Nièvre
PERRA;PERRACHE;Poste de transformation;EN EXPLOITATION;225kV;Rhône
PERRE;PERRET;Poste de transformation;EN EXPLOITATION;225kV;Hauts-de-Seine
PERSA;PERSAN;Poste de transformation;EN EXPLOITATION;225kV;Val-d'Oise
PEU.N;PEUGEOT-NORD;Poste de transformation;EN EXPLOITATION;63kV;Doubs
PEYRO;PEYROU;Poste de transformation;EN EXPLOITATION;225kV;Hérault
PINON;PINON;Poste de transformation;EN EXPLOITATION;63kV;Aisne
PITHI;PITHIVIERS;Poste de transformation;EN EXPLOITATION;90kV;Loiret
PLAN5;PLANCHE (LA);Poste de transformation;EN EXPLOITATION;90kV;Vienne
PLOER;PLOERMEL;Poste de transformation;EN EXPLOITATION;63kV;Morbihan
PLOUA;PLOUAY;Poste de transformation;EN EXPLOITATION;63kV;Morbihan
PLUMA;PLUMASSERIE (LA);Poste de transformation;EN EXPLOITATION;90kV;Sarthe
POMBL;POMBLIERE;Poste de transformation;EN EXPLOITATION;63kV;Savoie
PORCH;PORCHEVILLE;Poste de transformation;EN EXPLOITATION;225kV;Yvelines
POURN;POURNOY;Poste de transformation;EN EXPLOITATION;63kV;Moselle
POURP;POURPRISES(LES);Poste de transformation;EN EXPLOITATION;63kV;Yonne
POUXE;POUXEUX;Poste de transformation;EN EXPLOITATION;63kV;Vosges
PRAD6;PRADINAS;Poste de transformation;EN EXPLOITATION;63kV;Aveyron
PRADI;PRADIERES;Poste de transformation;EN EXPLOITATION;63kV;Ariège
PRELE;PRELES (LES);Poste de transformation;EN EXPLOITATION;225kV;Yonne
PRESS;PRESSY;Poste de transformation;EN EXPLOITATION;225kV;Haute-Savoie
PTCH5;PONTCHARRA;Poste de transformation;EN EXPLOITATION;63kV;Isère
PURPA;PURPAN;Poste de transformation;EN EXPLOITATION;63kV;Haute-Garonne
Q.ISS;QUAI D ISSY;Poste de transformation;EN EXPLOITATION;63kV;Hauts-de-Seine
Q.SEI;QUATRE-SEIGNEURS;Poste de transformation;EN EXPLOITATION;225kV;Hérault
QUEVI;QUEVILLONCOURT;Poste de transformation;EN EXPLOITATION;63kV;Meurthe-et-Moselle
QUIM5;QUIMPERLE;Poste de transformation;EN EXPLOITATION;63kV;Finistère
QUING;QUINGEY;Poste de transformation;EN EXPLOITATION;63kV;Doubs
R.COT;RENE-COTY;Poste de transformation;EN EXPLOITATION;225kV;Paris
R.MOL;RUE DE MOLSHEIM;Poste de transformation;EN EXPLOITATION;63kV;Bas-Rhin
R.NE5;ROCHEFORT (PORTIQUE);Poste de transformation;EN EXPLOITATION;63kV;Jura
RANTI;RANTIGNY;Poste de transformation;EN EXPLOITATION;63kV;Oise
RANVI;RANVILLE;Poste de transformation;EN EXPLOITATION;225kV;Calvados
RASSU;RASSUEN;Poste de transformation;EN EXPLOITATION;225kV;Bouches-du-Rhône
RAVEL;RAVELLE (LA);Poste de transformation;EN EXPLOITATION;90kV;Indre
REALS;REALS;Poste de transformation;EN EXPLOITATION;63kV;Hérault
RECRE;RECREDY (LE);Poste de transformation;EN EXPLOITATION;90kV;Vendée
REDET;REDET (LE);Poste de transformation;EN EXPLOITATION;63kV;Côtes-d'Armor
REMIL;REMILLY;Poste de transformation;EN EXPLOITATION;63kV;Moselle
RENA5;RENAUCOURT;Poste de transformation;EN EXPLOITATION;63kV;Haute-Saône
REPAI;REPAIRE (LE);Poste de transformation;EN EXPLOITATION;90kV;Haute-Vienne
RESOL;RESOLUT;Poste de transformation;EN EXPLOITATION;63kV;Landes
RESSO;RESSONS(-SUR-MATZ);Poste de transformation;EN EXPLOITATION;63kV;Oise
REVIG;REVIGNY;Poste de transformation;EN EXPLOITATION;400kV;Meuse
RIBEC;RIBECHIM;Poste de transformation;EN EXPLOITATION;63kV;Oise
RIBEM;RIBEMONT;Poste de transformation;EN EXPLOITATION;63kV;Aisne
RIORG;RIORGES;Poste de transformation;EN EXPLOITATION;225kV;Loire
RISSO;RISSO;Poste de transformation;EN EXPLOITATION;225kV;Alpes-Maritimes
ROBE5;ROBERTSAU;Poste de transformation;EN EXPLOITATION;63kV;Bas-Rhin
RODE;RODE (LA);Poste de transformation;EN EXPLOITATION;63kV;Var
ROJA;ROJA;Poste de transformation;EN EXPLOITATION;63kV;Lot-et-Garonne
ROLAM;ROLAMPONT;Poste de transformation;EN EXPLOITATION;225kV;Haute-Marne
ROMEL;ROMELET;Poste de transformation;EN EXPLOITATION;63kV;Côte-d'Or
ROMEN;ROMENAY;Poste de transformation;EN EXPLOITATION;63kV;Ain
ROMOR;ROMORANTIN;Poste de transformation;EN EXPLOITATION;90kV;Loir-et-Cher
ROUI5;ROUILLAC;Poste de transformation;EN EXPLOITATION;90kV;Charente
ROUMO;ROUMOULES;Poste de transformation;EN EXPLOITATION;225kV;Alpes-de-Haute-Provence
ROURE;ROURE;Poste de transformation;EN EXPLOITATION;63kV;Gard
ROUYE;ROUYE;Poste de transformation;EN EXPLOITATION;63kV;Landes
ROYAN;ROYAN;Poste de transformation;EN EXPLOITATION;90kV;Charente-Maritime
ROZEB;ROZEBOOM;Poste de transformation;EN EXPLOITATION;225kV;
RQBIL;ROQUEBILLIERE;Poste de transformation;EN EXPLOITATION;150kV;Alpes-Maritimes
RUE;RUE;Poste de transformation;EN EXPLOITATION;90kV;Somme
RUFFE;RUFFE;Poste de transformation;EN EXPLOITATION;63kV;Hérault
S.BAR;SERRE-BARBIN;Poste de transformation;EN EXPLOITATION;150kV;Hautes-Alpes
S.COM;SURY-LE-COMTAL;Poste de transformation;EN EXPLOITATION;63kV;Loire
S.GIR;SALIN-DE-GIRAUD;Poste de transformation;EN EXPLOITATION;63kV;Bouches-du-Rhône
S.UNI;SARRE-UNION;Poste de transformation;EN EXPLOITATION;63kV;Bas-Rhin
SABLE;SABLE;Poste de transformation;EN EXPLOITATION;90kV;Sarthe
SABRA;SABRAN;Poste de transformation;EN EXPLOITATION;63kV;Gard
SAINT;SAINTES;Poste de transformation;EN EXPLOITATION;225kV;Charente-Maritime
SALAI;SALAISE;Poste de transformation;EN EXPLOITATION;63kV;Ardèche
SALET;SALETTES;Poste de transformation;EN EXPLOITATION;63kV;Haute-Loire
SALLE;SALLES(-SOUS-BOIS);Poste de transformation;EN EXPLOITATION;63kV;Drôme
SALMO;SALMONPRE;Poste de transformation;EN EXPLOITATION;63kV;Meuse
SALON;SALON;Poste de transformation;EN EXPLOITATION;225kV;Bouches-du-Rhône
SAMOI;SAMOIS;Poste de transformation;EN EXPLOITATION;63kV;Seine-et-Marne
SARR7;SARRALBE;Poste de transformation;EN EXPLOITATION;63kV;Moselle
SARRA;SARRANS;Poste de transformation;EN EXPLOITATION;225kV;Aveyron
SARRY;SARRY;Poste de transformation;EN EXPLOITATION;225kV;Yonne
SARSA;SARSAN;Poste de transformation;EN EXPLOITATION;63kV;Hautes-Pyrénées
SARZE;SARZEAU;Poste de transformation;EN EXPLOITATION;63kV;Morbihan
SAUCE;SAUCES (LES);Poste de transformation;EN EXPLOITATION;45kV;Savoie
SAUCL;SAUCLIERES;Poste de transformation;EN EXPLOITATION;63kV;Hérault
SAUDR;SAUDRUPT;Poste de transformation;EN EXPLOITATION;63kV;Marne
SAUGE;SAUGEES;Poste de transformation;EN EXPLOITATION;90kV;Essonne
SAULI;SAULIEU;Poste de transformation;EN EXPLOITATION;63kV;Côte-d'Or
SAUS5;SAUSSET;Poste de transformation;EN EXPLOITATION;400kV;Val-d'Oise
SAUTI;SAUTILLET;Poste de transformation;EN EXPLOITATION;63kV;Oise
SAUV5;SAUVEUR;Poste de transformation;EN EXPLOITATION;63kV;Côtes-d'Armor
SAUV6;SAUVETERRE;Poste de transformation;EN EXPLOITATION;63kV;Gard
SEGUI;SEGUIN;Poste de transformation;EN EXPLOITATION;63kV;Yvelines
SEMIN;SEMINAIRE;Poste de transformation;EN EXPLOITATION;225kV;Allier
SEPTE;SEPTEMES;Poste de transformation;EN EXPLOITATION;225kV;Bouches-du-Rhône
SERVI;SERVIGNE;Poste de transformation;EN EXPLOITATION;90kV;Ille-et-Vilaine
SEVIG;SEVIGNAC;Poste de transformation;EN EXPLOITATION;63kV;Côtes-d'Armor
SIBEL;SIBELIN;Poste de transformation;EN EXPLOITATION;63kV;Rhône
SISTE;SISTERON;Poste de transformation;EN EXPLOITATION;225kV;Hautes-Alpes
SOLER;SOLER (LE);Poste de transformation;EN EXPLOITATION;225kV;Pyrénées-Orientales
SONNE;SONNETTES;Poste de transformation;EN EXPLOITATION;225kV;Val-de-Marne
SOQUE;SOQUENCE;Poste de transformation;EN EXPLOITATION;90kV;Seine-Maritime
SORGU;SORGUES;Poste de transformation;EN EXPLOITATION;63kV;Vaucluse
SORIN;SORINIERES;Poste de transformation;EN EXPLOITATION;90kV;Loire-Atlantique
SORRU;SORRUS;Poste de transformation;EN EXPLOITATION;225kV;Pas-de-Calais
SOULA;SOULAC (CLIENT);Poste de transformation;EN EXPLOITATION;63kV;
SOULL;SOULLANS;Poste de transformation;EN EXPLOITATION;225kV;Vendée
SOYAU;SOYAUX;Poste de transformation;EN EXPLOITATION;90kV;Charente
SSALA;STE-ALAUZIE;Poste de transformation;EN EXPLOITATION;63kV;Lot
SSAMO;ST AMOUR;Poste de transformation;EN EXPLOITATION;225kV;Rhône
SSAN5;ST-ANTONIN;Poste de transformation;EN EXPLOITATION;63kV;Tarn-et-Garonne
SSAP5;ST-CHELY-D'APCHER (SOC.METAL.DE ST-CHELY);Poste de transformation;EN EXPLOITATION;63kV;Lozère
SSAU5;ST-AUBIN;Poste de transformation;EN EXPLOITATION;225kV;Yvelines
SSBAI;ST-PIERRE-DE-BAILLEUL;Poste de transformation;EN EXPLOITATION;225kV;Eure
SSBLA;ST-BLAISE;Poste de transformation;EN EXPLOITATION;63kV;Vosges
SSCAT;ST-DENIS-CATUS;Poste de transformation;EN EXPLOITATION;63kV;Lot
SSCER;ST-CERE;Poste de transformation;EN EXPLOITATION;63kV;Lot
SSCH5;ST-MARTIN-LA-CHAMBRE;Poste de transformation;EN EXPLOITATION;45kV;Savoie
SSCH6;ST-CHARLES;Poste de transformation;EN EXPLOITATION;63kV;Meurthe-et-Moselle
SSCO6;ST-COULITZ;Poste de transformation;EN EXPLOITATION;63kV;Finistère
SSCOM;ST-GEORGES-DE-COMMIERS;Poste de transformation;EN EXPLOITATION;63kV;Isère
SSCYP;ST-CYPRIEN;Poste de transformation;EN EXPLOITATION;63kV;Pyrénées-Orientales
SSDIE;ST-DIE;Poste de transformation;EN EXPLOITATION;63kV;Vosges
SSEUR;ST-ANDRE-DE-L EURE;Poste de transformation;EN EXPLOITATION;90kV;Eure
SSFEY;STE-FEYRE;Poste de transformation;EN EXPLOITATION;225kV;Creuse
SSFL8;ST-FLOUR;Poste de transformation;EN EXPLOITATION;63kV;Cantal
SSFOL;ST-JEAN-DE-FOLLEVILLE;Poste de transformation;EN EXPLOITATION;90kV;Seine-Maritime
SSFOY;STE-FOY(-LA-GRANDE);Poste de transformation;EN EXPLOITATION;63kV;Dordogne
SSGE5;ST-GEORGES (CLIENT);Poste de transformation;EN EXPLOITATION;63kV;Rhône
SSGEN;ST-GENIEZ;Poste de transformation;EN EXPLOITATION;90kV;Corrèze
SSGUI;ST-GUILLERME;Poste de transformation;EN EXPLOITATION;225kV;Isère
SSHER;ST-HERBOT;Poste de transformation;EN EXPLOITATION;63kV;Finistère
SSJAM;STE-JAMME (-SUR-SARTHE);Poste de transformation;EN EXPLOITATION;90kV;Sarthe
SSJM5;ST-JEAN-DE-MAURIENNE (S.N.C.F.);Poste de transformation;EN EXPLOITATION;45kV;Savoie
SSJUL;ST-JULIEN;Poste de transformation;EN EXPLOITATION;225kV;Moselle
SSLAC;STE-HELENE-DU-LAC;Poste de transformation;EN EXPLOITATION;63kV;Isère
SSLUZ;ST-JEAN-DE-LUZ;Poste de transformation;EN EXPLOITATION;63kV;
SSMA8;ST-MAXIMIN;Poste de transformation;EN EXPLOITATION;63kV;Var
SSMAM;ST-MAMMES;Poste de transformation;EN EXPLOITATION;63kV;Seine-et-Marne
SSMAX;STE-MAXENCE;Poste de transformation;EN EXPLOITATION;63kV;Oise
SSMCE;ST-MARCEL;Poste de transformation;EN EXPLOITATION;90kV;Indre
SSMI5;ST-ELOI-LES-MINES;Poste de transformation;EN EXPLOITATION;63kV;Puy-de-Dôme
SSMIH;ST-MIHIEL;Poste de transformation;EN EXPLOITATION;63kV;Meuse
SSMO6;ST-PIERRE-LE-MOUTIER;Poste de transformation;EN EXPLOITATION;63kV;Nièvre
SSMRI;ST-MAURICE;Poste de transformation;EN EXPLOITATION;63kV;Hautes-Alpes
SSNAB;ST-NABORD;Poste de transformation;EN EXPLOITATION;225kV;Vosges
SSOME;ST-OMER;Poste de transformation;EN EXPLOITATION;90kV;Pas-de-Calais
SSPEY;ST-PEY;Poste de transformation;EN EXPLOITATION;63kV;Gironde
SSQUE;ST-QUENTIN (-FALLAVIER);Poste de transformation;EN EXPLOITATION;63kV;Isère
SSROC;ST-ROCH;Poste de transformation;EN EXPLOITATION;225kV;Nord
SSSA5;ST-SAUVEUR;Poste de transformation;EN EXPLOITATION;63kV;Ardèche
SSSA7;ST-SAUVEUR (CLIENT);Poste de transformation;EN EXPLOITATION;63kV;Lozère
SSSER;ST-SERNIN;Poste de transformation;EN EXPLOITATION;63kV;Haute-Garonne
SSSEV;ST-SEVER;Poste de transformation;EN EXPLOITATION;63kV;Landes
SSSUL;ST-SULPICE;Poste de transformation;EN EXPLOITATION;63kV;Haute-Garonne
SSUSU;ST-USUGE;Poste de transformation;EN EXPLOITATION;63kV;Saône-et-Loire
SSVAU;ST-PARRES-LES-VAUDES;Poste de transformation;EN EXPLOITATION;63kV;Aube
SSVI6;ST-MARTIN-LE-VIEUX;Poste de transformation;EN EXPLOITATION;90kV;Haute-Vienne
STEAM;STEAM (H.B.L.);Poste de transformation;EN EXPLOITATION;63kV;Moselle
STRAS;STRASBOURG;Poste de transformation;EN EXPLOITATION;225kV;Bas-Rhin
SUISS;SUISSES (LES);Poste de transformation;EN EXPLOITATION;63kV;Hauts-de-Seine
SYNTH;SYNTHESE;Poste de transformation;EN EXPLOITATION;63kV;Moselle
T.CHA;TONNAY-CHARENTE;Poste de transformation;EN EXPLOITATION;90kV;Charente-Maritime
T.CRA;TERMINAL DE LA CRAU;Poste de transformation;EN EXPLOITATION;63kV;Bouches-du-Rhône
T.FRO;TERRES-FROIDES;Poste de transformation;EN EXPLOITATION;63kV;Savoie
T.NOI;TERRES-NOIRES (S.N.C.F.);Poste de transformation;EN EXPLOITATION;225kV;Nord
TACHE;TACHES (LES);Poste de transformation;EN EXPLOITATION;63kV;Ain
TAIN;TAIN (E.D.F. ET S.N.C.F.);Poste de transformation;EN EXPLOITATION;63kV;Ardèche
TARAS;TARASCON;Poste de transformation;EN EXPLOITATION;225kV;Ariège
TARBE;TARBES (ALSTHOM A SEMEAC);Poste de transformation;EN EXPLOITATION;63kV;Hautes-Pyrénées
TASSE;TASSET;Poste de transformation;EN EXPLOITATION;63kV;Haute-Savoie
TAVAU;TAVAUX (STE SOLVAY A TAVAUX);Poste de transformation;EN EXPLOITATION;225kV;Jura
TECH5;TECHNOCENTRE;Poste de transformation;EN EXPLOITATION;63kV;Yvelines
TEIL2;TEILLET (-ARGENTY);Poste de transformation;EN EXPLOITATION;63kV;Creuse
TEMP5;TEMPLE;Poste de transformation;EN EXPLOITATION;225kV;Paris
TEMP6;TEMPLE (LE)(CLIENT);Poste de transformation;EN EXPLOITATION;45kV;Savoie
TENAY;TENAY;Poste de transformation;EN EXPLOITATION;63kV;Ain
TENDR;TENDRECOURT;Poste de transformation;EN EXPLOITATION;63kV;Ardennes
TERNE;TERNES;Poste de transformation;EN EXPLOITATION;225kV;Hauts-de-Seine
TERNO;TERNOISE;Poste de transformation;EN EXPLOITATION;90kV;Pas-de-Calais
TERR6;TERRETTE;Poste de transformation;EN EXPLOITATION;400kV;Manche
TERRI;TERRIER;Poste de transformation;EN EXPLOITATION;400kV;Oise
THIO5;THIONVILLE (CLIENT);Poste de transformation;EN EXPLOITATION;90kV;Eure-et-Loir
THIO6;THIONVILLE (USINOR ACIERIES);Poste de transformation;EN EXPLOITATION;63kV;Moselle
THIOT;THIOT;Poste de transformation;EN EXPLOITATION;225kV;Orne
TOUR5;TOURNAN (-EN-BRIE);Poste de transformation;EN EXPLOITATION;63kV;Seine-et-Marne
TOURE;TOURELLES;Poste de transformation;EN EXPLOITATION;45kV;Haute-Savoie
TOURN;TOURNON;Poste de transformation;EN EXPLOITATION;63kV;Ardèche
TOUSS;TOUSSON;Poste de transformation;EN EXPLOITATION;63kV;Essonne
TRIGN;TRIGNAC;Poste de transformation;EN EXPLOITATION;63kV;Loire-Atlantique
TRUCH;TRUCHTERSHEIM;Poste de transformation;EN EXPLOITATION;63kV;Bas-Rhin
TURCK;TURCKHEIM;Poste de transformation;EN EXPLOITATION;63kV;Haut-Rhin
UNIEU;UNIEUX;Poste de transformation;EN EXPLOITATION;63kV;Loire
USSON;USSON;Poste de transformation;EN EXPLOITATION;63kV;Aude
V.BAR;VENDEUVRE-SUR-BARSE;Poste de transformation;EN EXPLOITATION;63kV;Aube
V.BEN;VAL-BENEYTE;Poste de transformation;EN EXPLOITATION;90kV;Corrèze
V.BOU;VILLIERS-AU-BOUIN;Poste de transformation;EN EXPLOITATION;90kV;Indre-et-Loire
V.FEZ;VIC-FEZENSAC;Poste de transformation;EN EXPLOITATION;63kV;Gers
V.ISE;VAL-D ISERE;Poste de transformation;EN EXPLOITATION;63kV;Savoie
V.MO5;VILLERS-LA-MONTAGNE;Poste de transformation;EN EXPLOITATION;63kV;Meurthe-et-Moselle
V.MON;VEUVES-MONTEAUX;Poste de transformation;EN EXPLOITATION;90kV;Indre-et-Loire
V.VOI;VERTE-VOIE;Poste de transformation;EN EXPLOITATION;90kV;
VAL;VAL (LE);Poste de transformation;EN EXPLOITATION;63kV;Var
VALI5;VALIN;Poste de transformation;EN EXPLOITATION;63kV;Bouches-du-Rhône
VALL7;VALLON;Poste de transformation;EN EXPLOITATION;63kV;Cher
VALLI;VALLIERES;Poste de transformation;EN EXPLOITATION;63kV;Savoie
VANEL;VANELLE (LA);Poste de transformation;EN EXPLOITATION;63kV;Drôme
VARAN;VARANGEVILLE;Poste de transformation;EN EXPLOITATION;63kV;Meurthe-et-Moselle
VAUCA;VAUCANSON;Poste de transformation;EN EXPLOITATION;63kV;Isère
VECQU;VECQUEMONT;Poste de transformation;EN EXPLOITATION;90kV;Somme
VELAR;VELARS;Poste de transformation;EN EXPLOITATION;63kV;Côte-d'Or
VEN.P;VENTHON-POSTE;Poste de transformation;EN EXPLOITATION;225kV;Savoie
VENIZ;VENIZEL;Poste de transformation;EN EXPLOITATION;63kV;Aisne
VERFE;VERFEIL;Poste de transformation;EN EXPLOITATION;400kV;Haute-Garonne
VERLH;VERLHAGUET;Poste de transformation;EN EXPLOITATION;225kV;Tarn-et-Garonne
VERN8;VERNELLE (LA);Poste de transformation;EN EXPLOITATION;63kV;Puy-de-Dôme
VERN9;VERNOSC;Poste de transformation;EN EXPLOITATION;63kV;Ardèche
VERTE;VERTEFEUILLE;Poste de transformation;EN EXPLOITATION;225kV;Nord
VESLE;VESLE;Poste de transformation;EN EXPLOITATION;400kV;Marne
VEXIN;VEXIN;Poste de transformation;EN EXPLOITATION;63kV;Val-d'Oise
VIAUD;VIAUD;Poste de transformation;EN EXPLOITATION;63kV;Moselle
VIBRA;VIBRAYE;Poste de transformation;EN EXPLOITATION;90kV;Sarthe
VICLA;VICLAIRE;Poste de transformation;EN EXPLOITATION;63kV;Savoie
VIELM;VIELMOULIN;Poste de transformation;EN EXPLOITATION;400kV;Côte-d'Or
VINAY;VINAY;Poste de transformation;EN EXPLOITATION;63kV;Isère
VINC5;VINCENNES;Poste de transformation;EN EXPLOITATION;225kV;Paris
VIOLE;VIOLETTE;Poste de transformation;EN EXPLOITATION;63kV;Hautes-Pyrénées
VIRAD;VIRADEL;Poste de transformation;EN EXPLOITATION;225kV;Gard
VITRE;VITRE;Poste de transformation;EN EXPLOITATION;90kV;Ille-et-Vilaine
VIVIE;VIVIEZ;Poste de transformation;EN EXPLOITATION;63kV;Aveyron
VLEGU;VILLEGUSIEN;Poste de transformation;EN EXPLOITATION;63kV;Haute-Marne
VLEJU;VILLEJUST;Poste de transformation;EN EXPLOITATION;400kV;Essonne
VLEME;VILLEMENT;Poste de transformation;EN EXPLOITATION;90kV;Indre
VLENO;VILLENOY;Poste de transformation;EN EXPLOITATION;63kV;Seine-et-Marne
VOULT;VOULTE (LA);Poste de transformation;EN EXPLOITATION;63kV;Ardèche
WAGE;WAGE;Poste de transformation;EN EXPLOITATION;63kV;Oise
WATTR;WATTRELOS;Poste de transformation;EN EXPLOITATION;225kV;Nord
WESTH;WESTHOUCK (COPENOR G.I.E.);Poste de transformation;EN EXPLOITATION;225kV;Nord
WOEST;WOESTYNE;Poste de transformation;EN EXPLOITATION;225kV;Pas-de-Calais
XEUIL;XEUILLEY;Poste de transformation;EN EXPLOITATION;63kV;Meurthe-et-Moselle
YDES;YDES;Poste de transformation;EN EXPLOITATION;90kV;Cantal
YSSIN;YSSINGEAUX;Poste de transformation;EN EXPLOITATION;63kV;Haute-Loire
ZAIG5;AIGU5 / PERR5 RANDE 1;Point de piquage;EN EXPLOITATION;45kV;Savoie
ZALL5;ALLOU / MEHUN MUSSA 1;Point de piquage;EN EXPLOITATION;90kV;Cher
ZANCE;ANCEL / MARGE PRATC 1;Point de piquage;EN EXPLOITATION;63kV;Haute-Loire
ZARQ5;ARQUE / BATAV LONG9 2;Point de piquage;EN EXPLOITATION;90kV;Pas-de-Calais
ZAUB7;PIQUAGE AUBRIVES;Point de piquage;EN EXPLOITATION;63kV;Meurthe-et-Moselle
ZB.L5;PIQUAGE BORDERES-ET-LAMENSANS (LIAISON A.ADOZ31NAOUT);Point de piquage;EN EXPLOITATION;63kV;Landes
ZBAS7;PIQUAGE A BASTIDONNE;Point de piquage;EN EXPLOITATION;63kV;Bouches-du-Rhône
ZBATO;PIQUAGE A BATON;Point de piquage;EN EXPLOITATION;63kV;Isère
ZBENY;BENY / MTREV TREFF 1;Point de piquage;EN EXPLOITATION;63kV;Ain
ZBILL;BILLY / BAYET FONT 1;Point de piquage;EN EXPLOITATION;225kV;Allier
ZBONI;PIQUAGE BONICHAUD (LIAISON COTEZ42VNES);Point de piquage;EN EXPLOITATION;90kV;Creuse
ZBOTL;PIQUAGE A BOTLAN;Point de piquage;EN EXPLOITATION;63kV;Finistère
ZBRA5;PIQUAGE VIGUIER (LIAISON VALGRZ31VIGUI);Point de piquage;EN EXPLOITATION;63kV;Aude
ZBRAC;BRACH / BELLE CULOZ 1;Point de piquage;EN EXPLOITATION;63kV;Ain
ZBRAM;PIQUAGE BRAM (LIAISON BAGATZ31VALGR);Point de piquage;EN EXPLOITATION;63kV;Aude
ZBRI6;PIQUAGE A BRIEC;Point de piquage;EN EXPLOITATION;63kV;Finistère
ZBRIC;PIQUAGE BRICHE A SAINT-DENIS (ZBRIC);Point de piquage;EN EXPLOITATION;225kV;Val-d'Oise
ZBRUG;PIQUAGE BRUGALE;Point de piquage;EN EXPLOITATION;63kV;Corrèze
ZBXZE;PIQUAGE BEAUZEE;Point de piquage;EN EXPLOITATION;63kV;Meuse
ZBZPA;VALE9 / BLERE VARE5 1;Point de piquage;EN EXPLOITATION;90kV;Indre
ZC.BA;C.BAR / G.ILE SSAL5 1;Point de piquage;EN EXPLOITATION;63kV;Savoie
ZC.R5;C.RO6 / CHAIN CZELL 1;Point de piquage;EN EXPLOITATION;90kV;Loiret
ZCAP5;PIQUAGE CAPENDU (LIAISON CROZEZ31LEZIG);Point de piquage;EN EXPLOITATION;63kV;Aude
ZCAT5;PIQUAGE CATOY (LIAISON BRUCHZ31COLAY);Point de piquage;EN EXPLOITATION;63kV;Lot-et-Garonne
ZCATO;PIQUAGE CATOY (LIAISON COLAYZ31SSLIV);Point de piquage;EN EXPLOITATION;63kV;Lot-et-Garonne
ZCAUS;PIQUAGE CAUSSADE (LIAISON LERE Z31MTPE5);Point de piquage;EN EXPLOITATION;63kV;Tarn-et-Garonne
ZCAZ5;PIQUAGE CAZALIS (LIAISON BAZASZ31LUXEY);Point de piquage;EN EXPLOITATION;63kV;Gironde
ZCBAU;CBAUD / B.MON CHABR 1;Point de piquage;EN EXPLOITATION;225kV;Drôme
ZCER6;PIQUAGE CERONS (LIAISON PODENZ31SAUCA);Point de piquage;EN EXPLOITATION;63kV;Gironde
ZCHAG;CHAG5 / MARMA VIERZ 2;Point de piquage;EN EXPLOITATION;90kV;Cher
ZCOIG;PIQUAGE A COIGNIERES;Point de piquage;EN EXPLOITATION;63kV;Yvelines
ZCOL.;PIQUAGE COLMAR-NORD;Point de piquage;EN EXPLOITATION;63kV;Haut-Rhin
ZCOM5;COMME / BANNE MTVIC 1;Point de piquage;EN EXPLOITATION;63kV;Allier
ZCOQ5;PIQUAGE COQUIBUS A EVRY (ZCOQ5);Point de piquage;EN EXPLOITATION;225kV;Essonne
ZCOUE;PIQUAGE COUESQUE (LIAISON GOLINZ61RUEYR);Point de piquage;EN EXPLOITATION;225kV;Cantal
ZCPB5;CPBLA / B.MON GAMPA 1;Point de piquage;EN EXPLOITATION;225kV;Drôme
ZCRAP;CRAPO / CHARP DARDI 1;Point de piquage;EN EXPLOITATION;63kV;Rhône
ZCREM;PIQUAGE A CREMADE;Point de piquage;EN EXPLOITATION;63kV;Vaucluse
ZCRUS;CRUSE / CORNI GEN.P 1;Point de piquage;EN EXPLOITATION;225kV;Haute-Savoie
ZDURR;DURRE / MTLUC VALL7 1;Point de piquage;EN EXPLOITATION;63kV;Allier
ZE.CO;PIQUAGE ESCALE (LIAISON CROZEZ31LEZIG);Point de piquage;EN EXPLOITATION;63kV;Aude
ZESTA;ESTAQ / P.LAN SEPTE 1;Point de piquage;EN EXPLOITATION;63kV;Bouches-du-Rhône
ZESTI;PIQUAGE ESTIVAUX (LIAISON BRADAZ41GAUCH);Point de piquage;EN EXPLOITATION;90kV;Corrèze
ZF.SU;F.SUL / GIEN S.LOI 1;Point de piquage;EN EXPLOITATION;90kV;Loiret
ZFAN5;PIQUAGE FANAUDES A MONTMAGNY (ZFAN5);Point de piquage;EN EXPLOITATION;225kV;Val-d'Oise
ZFARG;PIQUAGE FARGEAS (LIAISON BREJOZ41TUQUE);Point de piquage;EN EXPLOITATION;90kV;Haute-Vienne
ZFEIS;FEISS / CUDRA G.COE 1;Point de piquage;EN EXPLOITATION;63kV;Savoie
ZFROM;PIQUAGE FROMELENNES;Point de piquage;EN EXPLOITATION;63kV;
ZFTA5;FTAI9 / DOMPI DONJO 1;Point de piquage;EN EXPLOITATION;63kV;Allier
ZFTAI;FTAI6 / ARRAS GAVRE 1;Point de piquage;EN EXPLOITATION;90kV;Pas-de-Calais
ZG.ME;PIQUAGE A LE GRAND-MEMENIER;Point de piquage;EN EXPLOITATION;90kV;Ille-et-Vilaine
ZGERM;PIQUAGE GERMIGNY;Point de piquage;EN EXPLOITATION;63kV;Yonne
ZGONE;PIQUAGE A GONESSE;Point de piquage;EN EXPLOITATION;225kV;Val-d'Oise
ZGOR5;PIQUAGE GORRE (LIAISON PLAUDZ41TANNI);Point de piquage;EN EXPLOITATION;90kV;Charente
ZGRAI;LOTHI / MADRO SSMCE 1;Point de piquage;EN EXPLOITATION;90kV;Indre
ZH.TO;PIQUAGE HAYANGE-TOURNEBRIDE;Point de piquage;EN EXPLOITATION;225kV;Moselle
ZHARC;PIQUAGE A SAINT-OUEN-DU-BREUIL;Point de piquage;EN EXPLOITATION;90kV;Seine-Maritime
ZHARG;PIQUAGE A JUMEAUVILLE;Point de piquage;EN EXPLOITATION;63kV;Yvelines
ZHER6;HERB5 / P.VIZ ZSSDI 1;Point de piquage;EN EXPLOITATION;63kV;Isère
ZHER7;PIQUAGE HERBLAY A HERBLAY (ZHER7);Point de piquage;EN EXPLOITATION;225kV;Val-d'Oise
ZHERB;PIQUAGE HERBLAY A HERBLAY (ZHERB);Point de piquage;EN EXPLOITATION;225kV;Val-d'Oise
ZLAF5;PIQUAGE LAFOX (LIAISON BOE  Z31P.CAS);Point de piquage;EN EXPLOITATION;63kV;Lot-et-Garonne
ZLANA;PIQUAGE LANAU (LIAISON GRANDZ61RUEYR);Point de piquage;EN EXPLOITATION;225kV;Cantal
ZLEDE;LEDEN / THEZI UZES 1;Point de piquage;EN EXPLOITATION;63kV;Gard
ZLINT;PIQUAGE LINTIN (LIAISON LINTIL32ZLINT);Point de piquage;EN EXPLOITATION;63kV;Tarn
ZLOUD;LOUD6 / BVUE SANSS 1;Point de piquage;EN EXPLOITATION;63kV;Haute-Loire
ZM.F5;PIQUAGE MOTHE FENELON (LIAISON GOURDZ31SOUIL);Point de piquage;EN EXPLOITATION;63kV;Dordogne
ZMALL;PIQUAGE A MALLE (LA);Point de piquage;EN EXPLOITATION;63kV;Bouches-du-Rhône
ZMALM;PIQUAGE A SAINT-GERMAIN-DE-FRESNEY;Point de piquage;EN EXPLOITATION;90kV;Eure
ZMARL;PIQUAGE MARLIERE PYL 12;Point de piquage;EN EXPLOITATION;63kV;Ardennes
ZMATE;MATEL / RIORG ROANN 1;Point de piquage;EN EXPLOITATION;63kV;Loire
ZMATR;PIQUAGE MATRAS (LIAISON ALBAIAZ31VERLH);Point de piquage;EN EXPLOITATION;63kV;Tarn-et-Garonne
ZMAUP;PIQUAGE MAUPAS;Point de piquage;EN EXPLOITATION;63kV;Marne
ZMED5;PIQUAGE MEDOQUINE (LIAISON PESSAZ31TALEN);Point de piquage;EN EXPLOITATION;63kV;Gironde
ZMENT;MENTO / .CAMP T.VIC 1;Point de piquage;EN EXPLOITATION;225kV;Alpes-Maritimes
ZMER6;PIQUAGE MERCUS (LIAISON LAVELZ31TARAS);Point de piquage;EN EXPLOITATION;63kV;Ariège
ZMERY;PIQUAGE A LABBEVILLE;Point de piquage;EN EXPLOITATION;63kV;Val-d'Oise
ZMESN;PIQUAGE A MESNAY;Point de piquage;EN EXPLOITATION;63kV;Jura
ZMETH;PIQUAGE A METHANIER;Point de piquage;EN EXPLOITATION;63kV;Bouches-du-Rhône
ZMIZO;MIZOE / OCHE SSGUI 1;Point de piquage;EN EXPLOITATION;63kV;Isère
ZMOR5;PIQUAGE MORCENX (LIAISON CANTEZ31LABOU);Point de piquage;EN EXPLOITATION;63kV;Landes
ZMORG;PIQUAGE LA MORGE;Point de piquage;EN EXPLOITATION;63kV;Aube
ZMRN6;PIQUAGE A MARTINIERE;Point de piquage;EN EXPLOITATION;63kV;Vaucluse
ZMTJA;PIQUAGE MONTJAY A LES ULIS (ZMTJA);Point de piquage;EN EXPLOITATION;225kV;Essonne
ZMTMI;PIQUAGE CHEZY;Point de piquage;EN EXPLOITATION;63kV;Aisne
ZMTR6;PIQUAGE MONTREJEAU SNCF (LIAISON GOUR5Z31LANNE);Point de piquage;EN EXPLOITATION;63kV;Hautes-Pyrénées
ZN.GR;PIQUAGE A NOTRE-DAME-DE-GRAVENCHON;Point de piquage;EN EXPLOITATION;90kV;Seine-Maritime
ZNAY5;PIQUAGE NAY SNCF (LIAISON COARRZ31SARSA);Point de piquage;EN EXPLOITATION;63kV;Pyrénées-Atlantiques
ZP.B6;P.BEN / B.ETO MOUCH 1;Point de piquage;EN EXPLOITATION;63kV;Rhône
ZP.BR;V.MON / COMMA ONZAI 1;Point de piquage;EN EXPLOITATION;90kV;Indre-et-Loire
ZP.HE;P.HER / GORGE VOREP 1;Point de piquage;EN EXPLOITATION;63kV;Isère
ZPANN;PIQUAGE PANNESIERE;Point de piquage;EN EXPLOITATION;63kV;Nièvre
ZPAST;PIQUAGE PASTOUREL LIAISON CSLN5Z31MTPEL;Point de piquage;EN EXPLOITATION;63kV;Hérault
ZPENA;PIQUAGE A PEN-AR-VERN;Point de piquage;EN EXPLOITATION;63kV;Finistère
ZPENN;PIQUAGE 1 AUX PENNES;Point de piquage;EN EXPLOITATION;63kV;Bouches-du-Rhône
ZPER5;PIQUAGE PERPIGNAN 2 (LIAISON CABESZ32M.BRU);Point de piquage;EN EXPLOITATION;63kV;Pyrénées-Orientales
ZPIOU;A.VOU / I.JOU MINIE 1;Point de piquage;EN EXPLOITATION;90kV;Vienne
ZPOM5;POMBL / CONTA POM.C 1;Point de piquage;EN EXPLOITATION;63kV;Savoie
ZPOUA;POUAN / CRAON CTAUB 1;Point de piquage;EN EXPLOITATION;90kV;Loire-Atlantique
ZPOYG;PIQUAGE POYGNES (LIAISON BXREGZ41DONZE);Point de piquage;EN EXPLOITATION;90kV;Corrèze
ZPRA6;PIQUAGE A VANNES (PRAT);Point de piquage;EN EXPLOITATION;63kV;Morbihan
ZRAGE;RAGEA / CONTA MOTTA 1;Point de piquage;EN EXPLOITATION;63kV;Savoie
ZRAN6;RANDE / ALBER LONG6 2;Point de piquage;EN EXPLOITATION;225kV;Savoie
ZRENE;PIQUAGE A RENELIERE;Point de piquage;EN EXPLOITATION;90kV;Deux-Sèvres
ZREVE;REVE5 / BXREP GAMPA 2;Point de piquage;EN EXPLOITATION;63kV;Drôme
ZRIC5;PIQUAGE RICHEBOURG A RICHEBOURG (ZRIC5);Point de piquage;EN EXPLOITATION;225kV;Eure-et-Loir
ZROC7;ROCH5 / DARDI G.VIO 1;Point de piquage;EN EXPLOITATION;63kV;Rhône
ZS.M5;S.MOR / CHANC VOUGL 1;Point de piquage;EN EXPLOITATION;63kV;Jura
ZS.SE;PIQUAGE SOMMER-SEDAN PYL 9;Point de piquage;EN EXPLOITATION;63kV;Ardennes
ZSAKA;PIQUAGE SAKANIE (LIAISON SABARZ31TARAS);Point de piquage;EN EXPLOITATION;63kV;Ariège
ZSAR6;PIQUAGE SARREGUEMINES;Point de piquage;EN EXPLOITATION;225kV;Moselle
ZSCAE;PIQUAGE A SCAER;Point de piquage;EN EXPLOITATION;63kV;Finistère
ZSERM;PIQUAGE A LA SERMONNERIE;Point de piquage;EN EXPLOITATION;90kV;Maine-et-Loire
ZSOL6;PIQUAGE A SOLLIES;Point de piquage;EN EXPLOITATION;63kV;Var
ZSOU5;PIQUAGE SOULAC (LIAISON LESP5Z31SOULA);Point de piquage;EN EXPLOITATION;63kV;
ZSOU6;PIQUAGE ADAST (LIAISON SARSAZ31SOULO);Point de piquage;EN EXPLOITATION;63kV;Hautes-Pyrénées
ZSSAG;PIQUAGE STE-AGATHE (LIGNE N0 1);Point de piquage;EN EXPLOITATION;63kV;Moselle
ZSSCO;SSCOG / CORDE PRUNI 1;Point de piquage;EN EXPLOITATION;225kV;Isère
ZSSDI;SSDID / CPNIE ZHER6 1;Point de piquage;EN EXPLOITATION;63kV;Isère
ZSSG6;PIQUAGE ST GENIEZ (LIAISON MAURIZ41TALAM);Point de piquage;EN EXPLOITATION;90kV;Corrèze
ZSSJ7;SSJM5 / LONG6 ZARVA 1;Point de piquage;EN EXPLOITATION;45kV;Savoie
ZSSVA;PIQUAGE A ST-PARRES-LES-VAUDES;Point de piquage;EN EXPLOITATION;63kV;Aube
ZTANI;TANIN / MORZI PRESS 1;Point de piquage;EN EXPLOITATION;63kV;Haute-Savoie
ZTEM5;TEMP6 / LONG6 SAUS2 1;Point de piquage;EN EXPLOITATION;45kV;Savoie
ZTERR;TERRE / C.GEA RIVIE 1;Point de piquage;EN EXPLOITATION;63kV;Loire
ZTHO5;PIQUAGE A THOR 2 (LE);Point de piquage;EN EXPLOITATION;63kV;Vaucluse
ZTHOR;PIQUAGE A THOR 1 (LE);Point de piquage;EN EXPLOITATION;63kV;Vaucluse
ZTOU7;PIQUAGE TOURNAY SNCF (LIAISON BOUHEZ31LUGRA);Point de piquage;EN EXPLOITATION;63kV;Hautes-Pyrénées
ZTRAM;PIQUAGE TRAMAZAYGUES (LIAISON BORDEZ31BORD8);Point de piquage;EN EXPLOITATION;63kV;Hautes-Pyrénées
ZTREB;PIQUAGE TREBAS (LIAISON CROUXZ31REQUI);Point de piquage;EN EXPLOITATION;63kV;Tarn
ZTREF;PIQUAGE A TREFLEVENEZ;Point de piquage;EN EXPLOITATION;225kV;Finistère
ZV.A5;PIQUAGE VALENCE D AGEN (LIAISON GOLFEZ31MOISS);Point de piquage;EN EXPLOITATION;63kV;Tarn-et-Garonne
ZVAIL;VAILL / FORTA SANCE 1;Point de piquage;EN EXPLOITATION;63kV;Cher
ZVIEV;PIQUAGE A SAINT-PHILBERT-SUR-RISLE;Point de piquage;EN EXPLOITATION;90kV;Eure
ZVLEN;PIQUAGE A VILLENOY;Point de piquage;EN EXPLOITATION;63kV;Seine-et-Marne
ZPUYC;PIQUAGE A PUYCHENIT;Point de piquage;EN EXPLOITATION;90kV;Dordogne
ZSSE6;PIQUAGE A SAINT-ESTEPHE;Point de piquage;EN EXPLOITATION;63kV;Gironde
CHA.S;CHARTRES-SUD;Poste de transformation;EN EXPLOITATION;225kV;Eure-et-Loir
LANE6;LANEUVELOTTE;Poste de transformation;EN EXPLOITATION;63kV;Meurthe-et-Moselle
THEVA;THEVALLES;Poste de transformation;EN EXPLOITATION;90kV;Mayenne
GOUBE;GOUBERVILLE;Poste de transformation;ACCORD ADMINISTRATIF;90kV;Seine-Maritime
ZVA10;PIQUAGE A VALDEROURE;Point de piquage;EN EXPLOITATION;225kV;Var
GALAT;GALATA;Poste de transformation;EN EXPLOITATION;63kV;Loire
COUFF;COUFFRAU;Poste de transformation;EN EXPLOITATION;225kV;Aveyron
EYRE5;EYREIN;Poste de transformation;EN EXPLOITATION;90kV;Corrèze
ZQ.EC;PP A LEFFRINCKOUCKE (DUNES / G.SYN Q.ECL 1);Point de piquage;EN EXPLOITATION;225kV;Nord
ZVEA5;VEAUC / SSJUS VOLVO 3;Point de piquage;EN EXPLOITATION;63kV;Loire
COUSL;COUSLIET;Poste de transformation;ACCORD ADMINISTRATIF;400kV;Pas-de-Calais
V.MOY;VOIE-MOYENNE (LA);Poste de transformation;EN EXPLOITATION;90kV;Marne
B.PAI;BOIS PAILLET (LE);Poste de transformation;EN EXPLOITATION;90kV;Eure-et-Loir
DARCE;DARCEY;Poste de transformation;EN EXPLOITATION;225kV;Côte-d'Or
MONN5;MONNERVILLE;Poste de transformation;EN EXPLOITATION;90kV;Eure-et-Loir
ZSSF5;PIQUAGE A SAINT-FLOUR;Point de piquage;EN EXPLOITATION;63kV;Cantal
HESIN;HESINGUE;Poste de transformation;EN EXPLOITATION;63kV;Haut-Rhin
EPIZO;EPIZON - LES HAUTS PAYS;Poste de transformation;EN EXPLOITATION;225kV;Haute-Marne
ZNEG5;PIQUAGE A NEGREPELISSE;Point de piquage;EN EXPLOITATION;225kV;Tarn-et-Garonne
SSPLA;STE-CROIX-EN-PLAINE;Poste de transformation;EN EXPLOITATION;63kV;Haut-Rhin
TOURR;TOURRETTES;Poste de transformation;EN EXPLOITATION;63kV;Var
M.NIC;MESNIL-SAINT-NICAISE;Poste de transformation;EN EXPLOITATION;63kV;Somme
PAPIN;PAPIN;Poste de transformation;EN EXPLOITATION;225kV;Ardèche
LUCE;RSEIPC (SIEGE SOCIAL);Poste de transformation;EN EXPLOITATION;<45kV;Eure-et-Loir
MESN5;MESNIER (CHEZ);Poste de transformation;EN EXPLOITATION;90kV;Charente
ETREZ;ETREZ;Poste de transformation;EN EXPLOITATION;63kV;Ain
ZIVR5;PIQUAGE A IVRY5 (CLIENT);Point de piquage;EN EXPLOITATION;63kV;Paris
ZLINA;PIQUAGE A LINAS (PRINCIPAL);Point de piquage;EN EXPLOITATION;225kV;Essonne
COULI;COULINIERE (LA);Poste de transformation;EN EXPLOITATION;90kV;Eure
M.PIN;MONT-PINSON;Poste de transformation;EN EXPLOITATION;90kV;Ardennes
ZCNR6;PIQUAGE CHANTEREINE A THOUROTTE (ZCNR6);Point de piquage;EN EXPLOITATION;63kV;Oise
MORCH;MORCHIES;Poste de transformation;EN EXPLOITATION;225kV;Pas-de-Calais
JALAN;JALANCOURT (RINGO);Poste de transformation;EN EXPLOITATION;63kV;Côte-d'Or
BEL12;BELLAC (RINGO);Poste de transformation;EN EXPLOITATION;90kV;Haute-Vienne
V.AUB;VILLETTE-SUR-AUBE;Poste de transformation;EN EXPLOITATION;90kV;Aube
ZSSPL;PIQUAGE A STE-CROIX-EN-PLAINE;Point de piquage;EN EXPLOITATION;63kV;Haut-Rhin
TAUTE;TAUTE;Poste de transformation;EN EXPLOITATION;400kV;Manche
C.DEN;CHAMPDENIERS-ST-DENIS;Poste de transformation;EN EXPLOITATION;90kV;Deux-Sèvres
G.RIV;GRANDES-RIVIERES;Poste de transformation;EN EXPLOITATION;225kV;Loire-Atlantique
GERR5;GER;Poste de transformation;EN EXPLOITATION;90kV;Manche
ZC.OM;PIQUAGE A CRESSY-OMENCOURT;Point de piquage;EN EXPLOITATION;225kV;Somme
ZBLA6;PIQUAGE A BLANQUEFORT;Point de piquage;EN EXPLOITATION;63kV;Gironde
GARIE;GARIES;Poste de transformation;EN EXPLOITATION;225kV;Gironde
ZGERB;GERBA / LORIO MOUR5 1;Point de piquage;EN EXPLOITATION;63kV;Ardèche
LAMBR;LAMBRES-LES-DOUAI;Poste de transformation;EN EXPLOITATION;225kV;Pas-de-Calais
PRINQ;PRINQUIAU;Poste de transformation;EN EXPLOITATION;225kV;Loire-Atlantique
ZROCB;PIQUAGE A ROCBARON;Point de piquage;EN EXPLOITATION;225kV;Var
COUPV;COUPVRAY;Poste de transformation;EN EXPLOITATION;225kV;Seine-et-Marne
ZCNR7;PIQUAGE CHANTEREINE A THOUROTTE (ZCNR7);Point de piquage;EN EXPLOITATION;63kV;Oise
F.GOS;FOND GOSSON;Poste de transformation;EN EXPLOITATION;225kV;Pas-de-Calais
CHAB7;CHABROL;Poste de transformation;EN EXPLOITATION;225kV;Hauts-de-Seine
ANDR5;ANDRAYE (CN AIR);Poste de transformation;EN EXPLOITATION;45kV;Savoie
ZV.LI;PIQUAGE A LA VALLEE AUX LIEVRES;Point de piquage;EN EXPLOITATION;63kV;Eure
ZSS11;PIQUAGE A SAINT-GERAUD-DE-CORPS;Point de piquage;EN EXPLOITATION;225kV;Dordogne
TACON;TACONNET;Poste de transformation;EN EXPLOITATION;63kV;Meurthe-et-Moselle
ZSSTE;PIQUAGE  A SAINT-MARTIN-DU-TERTRE;Point de piquage;EN EXPLOITATION;63kV;Yonne
CTAU5;CHATEAUROUX;Poste de transformation;EN EXPLOITATION;90kV;Indre
VLEGA;VILLEGATS;Poste de transformation;EN EXPLOITATION;90kV;Charente
ZPUYA;PIQUAGE A PUYALOUS;Point de piquage;EN EXPLOITATION;63kV;Pyrénées-Atlantiques
MERZH;MERZHER (AR);Poste de transformation;ACCORD ADMINISTRATIF;COURANT CONTINU;Finistère
LAITI;LAITIER (LE);Poste de transformation;EN EXPLOITATION;90kV;Vienne
A.BOU;ANDREZIEUX-BOUTHEON;Poste de transformation;EN EXPLOITATION;63kV;Loire
G.CER;GORGES-DE-LA-CERE;Poste de transformation;EN EXPLOITATION;63kV;Corrèze
SALL7;SALLE (LA);Poste de transformation;EN EXPLOITATION;63kV;Saône-et-Loire
POMAC;POMACLE;Poste de transformation;EN EXPLOITATION;63kV;Marne
CALA5;CALAN;Poste de transformation;EN EXPLOITATION;400kV;Morbihan
GARRI;GARRIGOU;Poste de transformation;EN EXPLOITATION;225kV;Tarn
ZBAST;PIQUAGE A BASTILLE;Point de piquage;EN EXPLOITATION;225kV;Loire-Atlantique
VICOG;VICOGNE (LA);Poste de transformation;EN EXPLOITATION;225kV;Somme
ZLES8;PIQUAGE A LESCAR;Point de piquage;EN EXPLOITATION;63kV;Pyrénées-Atlantiques
CHARR;CHARRAUT (LE);Poste de transformation;EN EXPLOITATION;90kV;Vienne
ZBERC;PIQUAGE A BERCLAU;Point de piquage;EN EXPLOITATION;225kV;Pas-de-Calais
P.BOI;PETIT-BOIS (LE);Poste de transformation;EN EXPLOITATION;225kV;Essonne
CZMEL;COURMELLES;Poste de transformation;ACCORD ADMINISTRATIF;63kV;Aisne
ZMORE;PIQUAGE A MOREAU;Point de piquage;EN EXPLOITATION;225kV;Aude
SAONE;SAONE;Poste de transformation;EN EXPLOITATION;225kV;Doubs
ZGOUD;PIQUAGE GOUDOULI;Point de piquage;EN EXPLOITATION;63kV;Haute-Garonne
ZVLE6;PIQUAGE A VILLENOUVELLE;Point de piquage;EN EXPLOITATION;63kV;Haute-Garonne
NEGR5;NEGREPELISSE;Poste de transformation;EN EXPLOITATION;225kV;Tarn-et-Garonne
GALL5;GALLAIS;Poste de transformation;ACCORD ADMINISTRATIF;225kV;Charente
BRIAS;BRIASTRE;Poste de transformation;EN EXPLOITATION;63kV;Nord
.PIOS;PIOSSASCO;Poste de transformation;EN EXPLOITATION;COURANT CONTINU;Savoie
F.EAU;FORGES-LES-EAUX;Poste de transformation;EN EXPLOITATION;90kV;Seine-Maritime
MTAG5;MONTAGNETTE (LA);Poste de transformation;EN EXPLOITATION;225kV;Bouches-du-Rhône
ZCH10;PIQUAGE A CHARRON;Point de piquage;EN EXPLOITATION;90kV;Charente-Maritime
ZGARR;PIQUAGE A GARRIGOU;Point de piquage;EN EXPLOITATION;225kV;Tarn
VIGNE;VIGNE (LA);Poste de transformation;EN EXPLOITATION;225kV;Yonne
PIOVI;PIOVIT;Poste de transformation;EN EXPLOITATION;63kV;Dordogne
ZT.RO;PIQUAGE A TOURZEL-RONZIERES;Point de piquage;EN EXPLOITATION;63kV;Puy-de-Dôme
ZJUST;PIQUAGE A LA JUSTICE;Point de piquage;EN EXPLOITATION;225kV;Eure-et-Loir
ZSAB5;PIQUAGE A SABLONNIERES (LES);Point de piquage;EN EXPLOITATION;63kV;Nord
ZSEIG;PIQUAGE A SEIGNAS;Point de piquage;EN EXPLOITATION;63kV;Aude
MARIT;MARITIME;Poste de transformation;EN EXPLOITATION;90kV;Eure
SCIER;SCIERIE (LA);Poste de transformation;ACCORD ADMINISTRATIF;225kV;Pyrénées-Atlantiques
BENAU;BENAUGE;Poste de transformation;EN EXPLOITATION;63kV;Gironde
ZS.SO;PIQUAGE A SANS-SOUCI;Point de piquage;ACCORD ADMINISTRATIF;63kV;Haute-Garonne
ZBAR7;PIQUAGE A BARBERIE (LA);Point de piquage;EN EXPLOITATION;90kV;Ille-et-Vilaine
ZP.IL;PIQUAGE AUX PETITES ILES;Point de piquage;EN EXPLOITATION;225kV;Isère
G.SOL;GRANDE-SOLE (LA);Poste de transformation;EN EXPLOITATION;400kV;
LOUD8;LOUDENVIELLE (PRODUCTION);Poste de transformation;EN EXPLOITATION;63kV;Hautes-Pyrénées
ZMTAU;PIQUAGE A MONTAUROUX;Point de piquage;EN EXPLOITATION;63kV;Var
ZT.SS;PIQUAGE AUX TERRES-ST-ANTOINE;Point de piquage;EN EXPLOITATION;63kV;Marne
G.MAS;GRAND-MAS (LE);Poste de transformation;EN EXPLOITATION;225kV;Puy-de-Dôme
GUER8;GUERACHE (LA);Poste de transformation;EN EXPLOITATION;225kV;Var
ZP.CR;PIQUAGE PONT DU CRIEU;Point de piquage;ACCORD ADMINISTRATIF;63kV;Ariège
ZLESS;PIQUAGE A LESSAY (EX ZCOU6);Point de piquage;EN EXPLOITATION;90kV;Manche
V.AIG;VILLERS-AGRON-AIGUIZY;Poste de transformation;ACCORD ADMINISTRATIF;225kV;Aisne
J.LAC;JARDIN DU LAC;Poste de transformation;ACCORD ADMINISTRATIF;90kV;Charente
RUYTI;RUYTINGEN (DUNKERQUE LNG);Poste de transformation;EN EXPLOITATION;90kV;
N.LOO;NOTRE-DAME-DE-LOOS;Poste de transformation;ACCORD ADMINISTRATIF;225kV;Nord
ZF.SS;PIQUAGE A LA FONTAINE-ST-HUBERT;Point de piquage;EN EXPLOITATION;63kV;Marne
G.NOB;GRAND NOBLE;Poste de transformation;EN EXPLOITATION;63kV;Haute-Garonne
GANGE;GANGES;Poste de transformation;EN EXPLOITATION;225kV;Gard
GANNA;GANNAT;Poste de transformation;EN EXPLOITATION;63kV;Allier
GANNE;GANNES (S.N.C.F.);Poste de transformation;EN EXPLOITATION;63kV;Oise
GAREN;GARENNES;Poste de transformation;EN EXPLOITATION;90kV;
GARIB;GARIBALDI;Poste de transformation;EN EXPLOITATION;225kV;Paris
GAUDI;GAUDIERE (LA);Poste de transformation;EN EXPLOITATION;400kV;Aude
GAUGL;GAUGLIN;Poste de transformation;EN EXPLOITATION;400kV;Loiret
GEN.P;GENISSIAT-POSTE;Poste de transformation;EN EXPLOITATION;400kV;Ain
GENI6;GENISSIAT-PORTIQUE;Poste de transformation;EN EXPLOITATION;63kV;Ain
GERE;GERE;Poste de transformation;EN EXPLOITATION;63kV;Rhône
GERVA;GERVANS;Poste de transformation;EN EXPLOITATION;63kV;Ardèche
GESSE;GESSE;Poste de transformation;EN EXPLOITATION;63kV;Aude
GILLY;GILLY;Poste de transformation;EN EXPLOITATION;63kV;Savoie
GIRON;GIRONCOURT;Poste de transformation;EN EXPLOITATION;63kV;Vosges
GLACI;GLACIERE (LA);Poste de transformation;EN EXPLOITATION;63kV;Gironde
GLAIR;GLAIRE (LA);Poste de transformation;EN EXPLOITATION;63kV;Hautes-Pyrénées
GODIN;GODIN;Poste de transformation;EN EXPLOITATION;225kV;Aveyron
GOURA;GOURAY (LE);Poste de transformation;EN EXPLOITATION;63kV;Côtes-d'Armor
GOURJ;GOURJADE;Poste de transformation;EN EXPLOITATION;225kV;Tarn
GRAUL;GRAULHET;Poste de transformation;EN EXPLOITATION;63kV;Tarn
GREPI;GREPILLES;Poste de transformation;EN EXPLOITATION;400kV;Loire
GREZI;GREZILLAC;Poste de transformation;EN EXPLOITATION;225kV;Gironde
GRIPP;GRIPP;Poste de transformation;EN EXPLOITATION;63kV;Hautes-Pyrénées
GROSN;GROSNE;Poste de transformation;EN EXPLOITATION;400kV;Saône-et-Loire
GUARB;GUARBECQUE;Poste de transformation;EN EXPLOITATION;225kV;Pas-de-Calais
GUESD;GUESDE;Poste de transformation;EN EXPLOITATION;225kV;Val-de-Marne
GUITA;GUITAYNE;Poste de transformation;EN EXPLOITATION;63kV;Gironde
GUNDE;GUNDERSHOFFEN;Poste de transformation;EN EXPLOITATION;63kV;Bas-Rhin
GUPIE;GUPIE;Poste de transformation;EN EXPLOITATION;225kV;Lot-et-Garonne
GYSSE;GYSSERIE;Poste de transformation;EN EXPLOITATION;63kV;Jura
HAMBA;HAMBACH;Poste de transformation;EN EXPLOITATION;63kV;Moselle
HARCA;HARCANVILLE (ENEDIS);Poste de transformation;EN EXPLOITATION;90kV;Seine-Maritime
HAUT5;HAUTELUCE;Poste de transformation;EN EXPLOITATION;45kV;Savoie
HAUT6;HAUTERIVE;Poste de transformation;EN EXPLOITATION;63kV;Ain
HAUTE;HAUTEFAGE;Poste de transformation;EN EXPLOITATION;90kV;Corrèze
HAYBE;HAYBES;Poste de transformation;EN EXPLOITATION;63kV;
HEMIN;HEMING;Poste de transformation;EN EXPLOITATION;63kV;Moselle
HENDA;HENDAYE;Poste de transformation;EN EXPLOITATION;63kV;
HENRI;HENRICHEMONT;Poste de transformation;EN EXPLOITATION;63kV;Cher
HERBI;HERBIERS (LES);Poste de transformation;EN EXPLOITATION;90kV;Vendée
HERBL;HERBLAY;Poste de transformation;EN EXPLOITATION;225kV;Val-d'Oise
HERS5;HERSE(LA);Poste de transformation;EN EXPLOITATION;400kV;Oise
HIRSO;HIRSON;Poste de transformation;EN EXPLOITATION;63kV;Aisne
HORME;HORME (L );Poste de transformation;EN EXPLOITATION;63kV;Loire
HUNIN;HUNINGUE (E.D.F. - REGIE DE HUNINGUE);Poste de transformation;EN EXPLOITATION;63kV;Haut-Rhin
I.TET;ILLE-SUR-TET;Poste de transformation;EN EXPLOITATION;63kV;Pyrénées-Orientales
IRSID;IRSID;Poste de transformation;EN EXPLOITATION;63kV;Moselle
ISOL5;ISOLA (VILLAGE);Poste de transformation;EN EXPLOITATION;63kV;Alpes-Maritimes
J.BRU;JEAN BRUNHES;Poste de transformation;EN EXPLOITATION;63kV;Haute-Garonne
JANE;JANE;Poste de transformation;EN EXPLOITATION;63kV;Bouches-du-Rhône
JARNE;JARNE (LA);Poste de transformation;EN EXPLOITATION;90kV;Charente-Maritime
JAUME;JAUMES(LES);Poste de transformation;EN EXPLOITATION;90kV;Vienne
JEUXE;JEUXEY;Poste de transformation;EN EXPLOITATION;225kV;Vosges
JONCH;JONCHERE;Poste de transformation;EN EXPLOITATION;63kV;Val-de-Marne
JOUQU;JOUQUES;Poste de transformation;EN EXPLOITATION;63kV;Vaucluse
JUINE;JUINE;Poste de transformation;EN EXPLOITATION;90kV;Essonne
JURAN;JURANCON;Poste de transformation;EN EXPLOITATION;150kV;Pyrénées-Atlantiques
JUSSA;JUSSAC;Poste de transformation;EN EXPLOITATION;90kV;Cantal
KERLO;KERLOUAN;Poste de transformation;EN EXPLOITATION;63kV;
L.BAR;LIGNY-EN-BARROIS;Poste de transformation;EN EXPLOITATION;63kV;Meuse
L.CAR;LATOUR-DE-CAROL;Poste de transformation;EN EXPLOITATION;63kV;
L.CE1;LAVAL-DE-CERE I;Poste de transformation;EN EXPLOITATION;63kV;Corrèze
L.MON;LAURAC-MONTREAL;Poste de transformation;EN EXPLOITATION;63kV;Ardèche
L.NEU;LOGIS-NEUF;Poste de transformation;EN EXPLOITATION;225kV;Ardèche
L.OO;LAC D OO;Poste de transformation;EN EXPLOITATION;150kV;Haute-Garonne
L.VIE;LUNEL-VIEL;Poste de transformation;EN EXPLOITATION;63kV;Hérault
LABA5;LABARRE;Poste de transformation;EN EXPLOITATION;63kV;Ariège
LACAN;LACANAU;Poste de transformation;EN EXPLOITATION;63kV;Gironde
LACQ;LACQ (S.N.C.F.);Poste de transformation;EN EXPLOITATION;63kV;Pyrénées-Atlantiques
LAFIG;LAFIGERE;Poste de transformation;EN EXPLOITATION;225kV;Lozère
LAFOU;LAFOURGUETTE;Poste de transformation;EN EXPLOITATION;63kV;Haute-Garonne
LAMOR;LAMORUE;Poste de transformation;EN EXPLOITATION;225kV;Yvelines
LANGE;LANGEAC;Poste de transformation;EN EXPLOITATION;63kV;Haute-Loire
LANGO;LANGON;Poste de transformation;EN EXPLOITATION;63kV;Gironde
LAON;LAON;Poste de transformation;EN EXPLOITATION;63kV;Aisne
LAROC;LAROCHE;Poste de transformation;EN EXPLOITATION;63kV;Yonne
LATEN;LATENA;Poste de transformation;EN EXPLOITATION;400kV;Oise
LAURO;LAURONS;Poste de transformation;EN EXPLOITATION;63kV;
LAUTE;LAUTERBOURG;Poste de transformation;EN EXPLOITATION;63kV;Bas-Rhin
LAVAG;LAVAGNAC;Poste de transformation;EN EXPLOITATION;63kV;Hérault
LAVE5;LAVELINE;Poste de transformation;EN EXPLOITATION;63kV;Vosges
LAVOI;LAVOIR;Poste de transformation;EN EXPLOITATION;63kV;Côte-d'Or
LAXOU;LAXOU;Poste de transformation;EN EXPLOITATION;63kV;Meurthe-et-Moselle
LECTO;LECTOURE;Poste de transformation;EN EXPLOITATION;63kV;Gers
LEYGU;LEYGUES;Poste de transformation;EN EXPLOITATION;63kV;Cantal
LIMO5;LIMOUX;Poste de transformation;EN EXPLOITATION;63kV;Aude
LIORA;LIORAN;Poste de transformation;EN EXPLOITATION;63kV;Cantal
LISLE;LISLET;Poste de transformation;EN EXPLOITATION;90kV;Aisne
LIVAR;LIVAROT;Poste de transformation;EN EXPLOITATION;90kV;Calvados
LIZY;LIZY (-SUR-OURCQ);Poste de transformation;EN EXPLOITATION;63kV;Seine-et-Marne
LOISI;LOISIVIERE;Poste de transformation;EN EXPLOITATION;90kV;Orne
LOSCO;LOSCOAT;Poste de transformation;EN EXPLOITATION;225kV;Finistère
LOUD6;LOUDES;Poste de transformation;EN EXPLOITATION;63kV;Haute-Loire
LOUDE;LOUDEAC;Poste de transformation;EN EXPLOITATION;63kV;Côtes-d'Armor
LUC;LUC (LE);Poste de transformation;EN EXPLOITATION;63kV;Tarn-et-Garonne
LUDE;LUDE (LE);Poste de transformation;EN EXPLOITATION;90kV;Sarthe
LUXE;LUXE;Poste de transformation;EN EXPLOITATION;90kV;Charente
M.CAM;MAL CAMPEE (LA);Poste de transformation;EN EXPLOITATION;63kV;Ardennes
M.GOU;MAS-DE-GOUIN;Poste de transformation;EN EXPLOITATION;63kV;Bouches-du-Rhône
M.LAR;MONT-LARRON;Poste de transformation;EN EXPLOITATION;90kV;Haute-Vienne
M.LIL;MOULINS-LILLE;Poste de transformation;EN EXPLOITATION;225kV;Nord
M.MA5;MT-SAINT-MARTIN;Poste de transformation;EN EXPLOITATION;225kV;
M.NOU;MAS-NOU;Poste de transformation;EN EXPLOITATION;63kV;Pyrénées-Orientales
MADE6;MADELEINE (LA);Poste de transformation;EN EXPLOITATION;225kV;Meurthe-et-Moselle
MADIE;MADIERES;Poste de transformation;EN EXPLOITATION;63kV;Hérault
MALA8;MALADRERIE (CLIENT);Poste de transformation;EN EXPLOITATION;63kV;Oise
MALAU;MALAUNAY;Poste de transformation;EN EXPLOITATION;90kV;Seine-Maritime
MALEC;MALECOT;Poste de transformation;EN EXPLOITATION;225kV;Seine-et-Marne
MALES;MALESHERBES;Poste de transformation;EN EXPLOITATION;63kV;Loiret
MALGO;MALGOVERT;Poste de transformation;EN EXPLOITATION;225kV;Savoie
MALIN;MALINTRAT;Poste de transformation;EN EXPLOITATION;225kV;Puy-de-Dôme
MALLI;MALLIFAUD;Poste de transformation;EN EXPLOITATION;63kV;Isère
MALPL;MALPLAQUET;Poste de transformation;EN EXPLOITATION;90kV;
MAMER;MAMERS;Poste de transformation;EN EXPLOITATION;90kV;Sarthe
MANDA;MANDARINS;Poste de transformation;EN EXPLOITATION;400kV;Pas-de-Calais
MANOI;MANOIR (LE);Poste de transformation;EN EXPLOITATION;225kV;Eure
MANOM;MANOM;Poste de transformation;EN EXPLOITATION;63kV;Moselle
MANOS;MANOSQUE;Poste de transformation;EN EXPLOITATION;225kV;Alpes-de-Haute-Provence
MARCK;MARCKOLSHEIM;Poste de transformation;EN EXPLOITATION;225kV;Bas-Rhin
MAREN;MARENNES;Poste de transformation;EN EXPLOITATION;90kV;
MARL6;MARLENHEIM;Poste de transformation;EN EXPLOITATION;400kV;Bas-Rhin
MARMA;MARMAGNE;Poste de transformation;EN EXPLOITATION;400kV;Cher
MARN5;MARNIERE;Poste de transformation;EN EXPLOITATION;90kV;Eure
MAROL;MAROLLES;Poste de transformation;EN EXPLOITATION;225kV;Marne
MASQU;MASQUET;Poste de transformation;EN EXPLOITATION;225kV;Gironde
MASSI;MASSIAC;Poste de transformation;EN EXPLOITATION;63kV;Cantal
MATRA;MATRAS;Poste de transformation;EN EXPLOITATION;63kV;Tarn-et-Garonne
MATZ;MATZ (RESSONS-SUR);Poste de transformation;EN EXPLOITATION;63kV;Oise
MAUDU;MAUDUIT;Poste de transformation;EN EXPLOITATION;63kV;Finistère
MAUPA;MAUPAS (A CONTAULT);Poste de transformation;EN EXPLOITATION;63kV;Marne
MAURE;MAUREIX (LE);Poste de transformation;EN EXPLOITATION;225kV;Haute-Vienne
MAYET;MAYET;Poste de transformation;EN EXPLOITATION;63kV;Dordogne
MAZIN;MAZINGARBE;Poste de transformation;EN EXPLOITATION;225kV;Pas-de-Calais
MEAUX;MEAUX;Poste de transformation;EN EXPLOITATION;63kV;Seine-et-Marne
MEDER;MEDERIC;Poste de transformation;EN EXPLOITATION;63kV;Val-de-Marne
MEDOC;MEDOC (LESPARRE);Poste de transformation;EN EXPLOITATION;63kV;Gironde
MEGEV;MEGEVE;Poste de transformation;EN EXPLOITATION;63kV;Savoie
MENES;MENESPLET;Poste de transformation;EN EXPLOITATION;90kV;Dordogne
MENTO;MENTON;Poste de transformation;EN EXPLOITATION;225kV;Alpes-Maritimes
MERVA;MERVANS;Poste de transformation;EN EXPLOITATION;63kV;Saône-et-Loire
MESNI;MESNIL;Poste de transformation;EN EXPLOITATION;90kV;Manche
MEURA;MEURANT;Poste de transformation;EN EXPLOITATION;63kV;Somme
MEYLA;MEYLAN;Poste de transformation;EN EXPLOITATION;63kV;Isère
MEYME;MEYMES;Poste de transformation;EN EXPLOITATION;63kV;Lot
MEZIN;MEZIN;Poste de transformation;EN EXPLOITATION;63kV;Lot-et-Garonne
MIONS;MIONS;Poste de transformation;EN EXPLOITATION;400kV;Rhône
MOFFL;MOFFLAINES;Poste de transformation;EN EXPLOITATION;90kV;Pas-de-Calais
MOHET;MOHET;Poste de transformation;EN EXPLOITATION;63kV;Somme
MOIS5;MOISSAN;Poste de transformation;EN EXPLOITATION;63kV;Rhône
MOLE;MOLE (LA);Poste de transformation;EN EXPLOITATION;225kV;Corrèze
MOLIN;MOLINONS;Poste de transformation;EN EXPLOITATION;63kV;Yonne
MONNA;MONNAIE;Poste de transformation;EN EXPLOITATION;90kV;Indre-et-Loire
MORC5;MORCENX;Poste de transformation;EN EXPLOITATION;63kV;Landes
MORLA;MORLAIX;Poste de transformation;EN EXPLOITATION;63kV;Finistère
MORON;MORONVILLIERS;Poste de transformation;EN EXPLOITATION;63kV;Marne
MOTT5;MOTTE (LA) (VILLENEUVE-LES-AVIGNON);Poste de transformation;EN EXPLOITATION;225kV;Gard
MOUCH;MOUCHE (LA);Poste de transformation;EN EXPLOITATION;225kV;Rhône
MOUGU;MOUGUERRE;Poste de transformation;EN EXPLOITATION;225kV;Pyrénées-Atlantiques
MOUL5;MOULINOTTE;Poste de transformation;EN EXPLOITATION;90kV;Gironde
MOUL9;MOULASSE (LA);Poste de transformation;EN EXPLOITATION;63kV;Ariège
MOULI;MOULINELLE (LA);Poste de transformation;EN EXPLOITATION;63kV;Meurthe-et-Moselle
MOUSS;MOUSSEROLLES;Poste de transformation;EN EXPLOITATION;63kV;Pyrénées-Atlantiques
MOUTH;MOUTHIER;Poste de transformation;EN EXPLOITATION;63kV;Doubs
MQION;MARQUION;Poste de transformation;EN EXPLOITATION;63kV;Pas-de-Calais
MTALE;MONTALET;Poste de transformation;EN EXPLOITATION;63kV;Yvelines
MTBAR;MONTBARD;Poste de transformation;EN EXPLOITATION;63kV;Côte-d'Or
MTBRU;MONTBRUN;Poste de transformation;EN EXPLOITATION;63kV;
MTDAU;MONTDAUPHIN;Poste de transformation;EN EXPLOITATION;63kV;Hautes-Alpes
MTENV;MONTENVERS;Poste de transformation;EN EXPLOITATION;63kV;Haute-Savoie
MTEZ5;MONTEZIC (POSTE EXTERIEUR);Poste de transformation;EN EXPLOITATION;400kV;Aveyron
MTIVI;MONTIVILLIERS;Poste de transformation;EN EXPLOITATION;90kV;Seine-Maritime
MTJAY;MONTJAY;Poste de transformation;EN EXPLOITATION;225kV;Essonne
MTJOY;MONTJOYER (EOLIEN 1);Poste de transformation;EN EXPLOITATION;63kV;Drôme
MTLUC;MONTLUCON;Poste de transformation;EN EXPLOITATION;225kV;Allier
MTMOR;MONTMORILLON;Poste de transformation;EN EXPLOITATION;90kV;Vienne
MTPAO;MONTPAON;Poste de transformation;EN EXPLOITATION;63kV;Aveyron
MTPE5;MONTPEZAT (CLIENT);Poste de transformation;EN EXPLOITATION;63kV;Lot
MTPEZ;MONTPEZAT;Poste de transformation;EN EXPLOITATION;225kV;Ardèche
MURE5;MURE (LA);Poste de transformation;EN EXPLOITATION;63kV;Isère
MUREA;MUREAUX (LES);Poste de transformation;EN EXPLOITATION;225kV;Yvelines
MUSSA;MUSSAY;Poste de transformation;EN EXPLOITATION;90kV;Cher
N.GRA;N.D.DE-GRAVENCHON;Poste de transformation;EN EXPLOITATION;90kV;Eure
N.MAI;NEUVES-MAISONS;Poste de transformation;EN EXPLOITATION;63kV;Meurthe-et-Moselle
N.SE5;NOGENT-SUR-SEINE (POSTE CENTRALE);Poste de transformation;EN EXPLOITATION;400kV;Aube
N.USS;NEUVIC-D USSEL;Poste de transformation;EN EXPLOITATION;90kV;Corrèze
NANT5;NANTET;Poste de transformation;EN EXPLOITATION;63kV;Savoie
NAVA5;NAVARROSSE;Poste de transformation;EN EXPLOITATION;63kV;Landes
NICER;NICERIE (LA);Poste de transformation;EN EXPLOITATION;90kV;Charente
NIMES;NIMES (-TALABOT);Poste de transformation;EN EXPLOITATION;63kV;Gard
NOGEN;NOGENTEL;Poste de transformation;EN EXPLOITATION;225kV;Aisne
NOILH;NOILHAN;Poste de transformation;EN EXPLOITATION;63kV;Gers
NOYA5;NOYAL;Poste de transformation;EN EXPLOITATION;90kV;Ille-et-Vilaine
NOZAY;NOZAY;Poste de transformation;EN EXPLOITATION;90kV;Essonne
NUITS;NUITS (-SOUS-RAVIERES);Poste de transformation;EN EXPLOITATION;63kV;Yonne
OBER5;OBERNAI (K.2);Poste de transformation;EN EXPLOITATION;63kV;Bas-Rhin
OIRY;OIRY;Poste de transformation;EN EXPLOITATION;63kV;Marne
OLETT;OLETTE;Poste de transformation;EN EXPLOITATION;63kV;Pyrénées-Orientales
OLIVE;OLIVETTES (LES);Poste de transformation;EN EXPLOITATION;63kV;Gard
OLONN;OLONNE;Poste de transformation;EN EXPLOITATION;90kV;Vendée
ORBEC;ORBEC;Poste de transformation;EN EXPLOITATION;90kV;Calvados
ORGEI;ORGEIX;Poste de transformation;EN EXPLOITATION;63kV;Ariège
ORGER;ORGERES;Poste de transformation;EN EXPLOITATION;90kV;Eure-et-Loir
ORLU;ORLU;Poste de transformation;EN EXPLOITATION;150kV;Ariège
ORLY;ORLY;Poste de transformation;EN EXPLOITATION;225kV;Hauts-de-Seine
ORME5;ORMES (LES);Poste de transformation;EN EXPLOITATION;63kV;Seine-et-Marne
ORMES;ORMES;Poste de transformation;EN EXPLOITATION;225kV;Marne
OXYGA;OXYGAZ;Poste de transformation;EN EXPLOITATION;225kV;Moselle
OZ;OZ;Poste de transformation;EN EXPLOITATION;63kV;Isère
OZON;OZON;Poste de transformation;EN EXPLOITATION;63kV;Ardèche
P.AND;PRAZ-ST-ANDRE;Poste de transformation;EN EXPLOITATION;400kV;Savoie
P.ARA;PONT-D ARAN;Poste de transformation;EN EXPLOITATION;63kV;Var
P.CAM;PONT-DE-CAMPS;Poste de transformation;EN EXPLOITATION;150kV;Pyrénées-Atlantiques
P.CHA;PEYRAT-LE-CHATEAU;Poste de transformation;EN EXPLOITATION;225kV;Haute-Vienne
P.ELL;PONT-DE-L ELLE;Poste de transformation;EN EXPLOITATION;90kV;Dordogne
P.EVE;PONT-EVEQUE;Poste de transformation;EN EXPLOITATION;225kV;Rhône
P.HAL;PLACE-DES-HALLES;Poste de transformation;EN EXPLOITATION;63kV;Bas-Rhin
P.LAC;PERE-LACHAISE;Poste de transformation;EN EXPLOITATION;225kV;Paris
P.LAN;PAS-DES-LANCIERS;Poste de transformation;EN EXPLOITATION;63kV;Bouches-du-Rhône
P.MEN;PONT-DE-MENAT;Poste de transformation;EN EXPLOITATION;63kV;Puy-de-Dôme
P.MIT;POINTE A MITEAU;Poste de transformation;EN EXPLOITATION;90kV;Vienne
P.MOU;PONT-A MOUSSON;Poste de transformation;EN EXPLOITATION;63kV;Meurthe-et-Moselle
P.REI;PONT-DE-LA-REINE;Poste de transformation;EN EXPLOITATION;63kV;Hautes-Pyrénées
P.RIV;POINTIS-DE-RIVIERE;Poste de transformation;EN EXPLOITATION;63kV;Haute-Garonne
P.ROI;PONT-DE-ROIDE;Poste de transformation;EN EXPLOITATION;63kV;Doubs
P.ROS;PETITE-ROSSELLE;Poste de transformation;EN EXPLOITATION;225kV;
P.SAC;PORTE-SACHET;Poste de transformation;EN EXPLOITATION;63kV;Jura
P.SEP;PONT-SEPT;Poste de transformation;EN EXPLOITATION;225kV;Seine-Maritime
P.VEY;PONT DE VEYRIERES;Poste de transformation;EN EXPLOITATION;63kV;Ardèche
PAIMP;PAIMPOL;Poste de transformation;EN EXPLOITATION;63kV;
PAIRE;PAIREUX (LE);Poste de transformation;EN EXPLOITATION;63kV;Ain
PALUD;PALUD (LA);Poste de transformation;EN EXPLOITATION;63kV;Ardèche
PAMIE;PAMIERS (C.F.F.F.);Poste de transformation;EN EXPLOITATION;63kV;Ariège
PANNE;PANNESIERE;Poste de transformation;EN EXPLOITATION;63kV;Nièvre
PARIZ;PARIZE;Poste de transformation;EN EXPLOITATION;63kV;Nièvre
PAS;PAS (LE);Poste de transformation;EN EXPLOITATION;90kV;Ille-et-Vilaine
PATRA;PATRAS;Poste de transformation;EN EXPLOITATION;63kV;Lot-et-Garonne
PAU.N;PAU-NORD;Poste de transformation;EN EXPLOITATION;63kV;Pyrénées-Atlantiques
PAUI5;PAUILLAC (S.N.C.F.);Poste de transformation;EN EXPLOITATION;63kV;Gironde
PAYOL;PAYOLLES (LES);Poste de transformation;EN EXPLOITATION;90kV;Loiret
PECY;PECY;Poste de transformation;EN EXPLOITATION;63kV;Seine-et-Marne
PERIE;PERIERS;Poste de transformation;EN EXPLOITATION;90kV;Manche
PERON;PERONNE;Poste de transformation;EN EXPLOITATION;63kV;Somme
PERTA;PERTAIN;Poste de transformation;EN EXPLOITATION;225kV;Somme
PERTU;PERTUIS;Poste de transformation;EN EXPLOITATION;63kV;Vaucluse
PESSA;PESSAC;Poste de transformation;EN EXPLOITATION;225kV;Gironde
PEU.S;PEUGEOT-SUD;Poste de transformation;EN EXPLOITATION;63kV;Doubs
PEZEN;PEZENAS;Poste de transformation;EN EXPLOITATION;63kV;Hérault
PFAFF;PFAFFENHOFFEN;Poste de transformation;EN EXPLOITATION;63kV;Bas-Rhin
PHALS;PHALSBOURG;Poste de transformation;EN EXPLOITATION;63kV;Moselle
PICHE;PICHEGU;Poste de transformation;EN EXPLOITATION;63kV;Gard
PINED;PINEDE (LA);Poste de transformation;EN EXPLOITATION;63kV;Alpes-Maritimes
PINET;PINET;Poste de transformation;EN EXPLOITATION;63kV;Aveyron
PINT5;PINTERIE (LA);Poste de transformation;EN EXPLOITATION;90kV;Vienne
PIOLE;PIOLENC;Poste de transformation;EN EXPLOITATION;63kV;Vaucluse
PLAI5;PLAISIR;Poste de transformation;EN EXPLOITATION;63kV;Yvelines
PLEMY;PLEMY;Poste de transformation;EN EXPLOITATION;63kV;Côtes-d'Armor
PLEUM;PLEUMARTIN;Poste de transformation;EN EXPLOITATION;90kV;Vienne
PORC5;PORCHEFONTAINE;Poste de transformation;EN EXPLOITATION;63kV;Yvelines
PORT6;PORTILLON;Poste de transformation;EN EXPLOITATION;90kV;Indre-et-Loire
POUZA;POUZAUGES;Poste de transformation;EN EXPLOITATION;90kV;Vendée
POUZI;POUZIN (LE);Poste de transformation;EN EXPLOITATION;63kV;Ardèche
POYGN;POYGNES (LES);Poste de transformation;EN EXPLOITATION;90kV;Corrèze
PRAD5;PRADE (LA);Poste de transformation;EN EXPLOITATION;63kV;Aveyron
PRAGN;PRAGNERES;Poste de transformation;EN EXPLOITATION;225kV;Hautes-Pyrénées
PRALO;PRALOGNAN;Poste de transformation;EN EXPLOITATION;63kV;Savoie
PRATC;PRATCLAUX;Poste de transformation;EN EXPLOITATION;225kV;Haute-Loire
PRAUL;PRAULIAT;Poste de transformation;EN EXPLOITATION;63kV;Puy-de-Dôme
PRAUT;PRAUTHOY;Poste de transformation;EN EXPLOITATION;63kV;Haute-Marne
PRIME;PRIMEVERES;Poste de transformation;EN EXPLOITATION;225kV;Seine-Saint-Denis
PRRFI;PIERREFITTE (CLIENT);Poste de transformation;EN EXPLOITATION;63kV;Hautes-Pyrénées
PRRTT;PIERRETTE (LA);Poste de transformation;EN EXPLOITATION;225kV;Nord
PRUNI;PRUNIERES;Poste de transformation;EN EXPLOITATION;225kV;Isère
PTARL;PONTARLIER;Poste de transformation;EN EXPLOITATION;225kV;Doubs
PUTEA;PUTEAUX;Poste de transformation;EN EXPLOITATION;225kV;Hauts-de-Seine
QUENT;QUENTOIS;Poste de transformation;EN EXPLOITATION;90kV;Somme
QUEST;QUESTEMBERT;Poste de transformation;EN EXPLOITATION;63kV;Morbihan
QUIBE;QUIBERON;Poste de transformation;EN EXPLOITATION;63kV;
QUINT;QUINTES (LES);Poste de transformation;EN EXPLOITATION;400kV;Sarthe
R.TOR;RAIE-TORTUE;Poste de transformation;EN EXPLOITATION;225kV;Yvelines
R.YON;ROCHE-SUR-YON (LA);Poste de transformation;EN EXPLOITATION;90kV;Vendée
RADIC;RADICATEL;Poste de transformation;EN EXPLOITATION;90kV;Seine-Maritime
RAMBO;RAMBOUILLET;Poste de transformation;EN EXPLOITATION;90kV;Yvelines
RATEA;RATEAUX (LES);Poste de transformation;EN EXPLOITATION;63kV;Haute-Savoie
RATIE;RATIER;Poste de transformation;EN EXPLOITATION;225kV;Seine-Maritime
REGHA;REGHAT;Poste de transformation;EN EXPLOITATION;63kV;Val-de-Marne
REIMS;REIMS (SIEGE GMR CHAMPAGNE-ARDENNE);Poste de transformation;EN EXPLOITATION;HORS TENSION;Marne
RENAU;RENAULT;Poste de transformation;EN EXPLOITATION;90kV;Sarthe
RENOU;RENOUVAL;Poste de transformation;EN EXPLOITATION;90kV;Seine-Maritime
REOLE;REOLE (LA);Poste de transformation;EN EXPLOITATION;63kV;Gironde
REPAS;REPASSE (LA);Poste de transformation;EN EXPLOITATION;63kV;Alpes-de-Haute-Provence
RICH5;RICHEBOURG;Poste de transformation;EN EXPLOITATION;225kV;Eure-et-Loir
RIEZ;RIEZ (LES);Poste de transformation;EN EXPLOITATION;63kV;Nord
RIGNA;RIGNAC;Poste de transformation;EN EXPLOITATION;63kV;Lot
RILLI;RILLIEUX;Poste de transformation;EN EXPLOITATION;63kV;Rhône
RIOM;RIOM;Poste de transformation;EN EXPLOITATION;63kV;Puy-de-Dôme
RIVE5;RIVES;Poste de transformation;EN EXPLOITATION;63kV;Isère
ROGNA;ROGNAC;Poste de transformation;EN EXPLOITATION;225kV;Bouches-du-Rhône
ROSNA;ROSNAY;Poste de transformation;EN EXPLOITATION;90kV;Indre
ROSS5;ROSSIGNOL;Poste de transformation;EN EXPLOITATION;63kV;Seine-et-Marne
ROUSS;ROUSSON;Poste de transformation;EN EXPLOITATION;225kV;Yonne
ROUZE;ROUZE;Poste de transformation;EN EXPLOITATION;63kV;Ariège
RUEIL;RUEIL;Poste de transformation;EN EXPLOITATION;225kV;Yvelines
RULHA;RULHAT;Poste de transformation;EN EXPLOITATION;400kV;Puy-de-Dôme
RUMIL;RUMILLY;Poste de transformation;EN EXPLOITATION;63kV;Haute-Savoie
S.BES;SUPER-BESSE;Poste de transformation;EN EXPLOITATION;90kV;Puy-de-Dôme
S.FOU;SIX-FOURS;Poste de transformation;EN EXPLOITATION;63kV;Var
S.MO5;SOMMER-MOUZON;Poste de transformation;EN EXPLOITATION;63kV;Ardennes
S.MOU;SALLES-MOUSSAC;Poste de transformation;EN EXPLOITATION;90kV;Charente
SABAR;SABART;Poste de transformation;EN EXPLOITATION;63kV;Ariège
SADIR;SADIRAC;Poste de transformation;EN EXPLOITATION;63kV;Gironde
SAFE;S.A.F.E.;Poste de transformation;EN EXPLOITATION;225kV;Moselle
SAILL;SAILLANT (LE);Poste de transformation;EN EXPLOITATION;90kV;Corrèze
SAKAN;SAKANIE;Poste de transformation;EN EXPLOITATION;63kV;Ariège
SANGO;SANGONIS;Poste de transformation;EN EXPLOITATION;63kV;Hérault
SARAN;SARAN;Poste de transformation;EN EXPLOITATION;90kV;Loiret
SARRE;SARREBOURG;Poste de transformation;EN EXPLOITATION;63kV;Moselle
SAULA;SAULAIE (LA);Poste de transformation;EN EXPLOITATION;63kV;Rhône
SAUS2;SAUSSAZ II (LA);Poste de transformation;EN EXPLOITATION;45kV;Savoie
SAUVE;SAUVETAT (LA);Poste de transformation;EN EXPLOITATION;63kV;Lot-et-Garonne
SAVER;SAVERNE;Poste de transformation;EN EXPLOITATION;63kV;Bas-Rhin
SAVIG;SAVIGNAC;Poste de transformation;EN EXPLOITATION;225kV;Cantal
SEGON;SEGONNAUX (LES);Poste de transformation;EN EXPLOITATION;63kV;Gard
SEINE;SEINE;Poste de transformation;EN EXPLOITATION;225kV;Hauts-de-Seine
SERRI;SERRIERES;Poste de transformation;EN EXPLOITATION;225kV;Ain
SERV6;SERVON;Poste de transformation;EN EXPLOITATION;90kV;Ille-et-Vilaine
SEVEN;SEVENANS;Poste de transformation;EN EXPLOITATION;63kV;Territoire de Belfort
SOLLI;SOLLIES;Poste de transformation;EN EXPLOITATION;63kV;Var
SOMBU;SOMBUSSY;Poste de transformation;EN EXPLOITATION;63kV;Meuse
SOSPE;SOSPEL;Poste de transformation;EN EXPLOITATION;63kV;Alpes-Maritimes
SPAY;SPAY;Poste de transformation;EN EXPLOITATION;90kV;Sarthe
SPORE;SPORENINSEL;Poste de transformation;EN EXPLOITATION;225kV;Bas-Rhin
SSAGA;STE-AGATHE;Poste de transformation;EN EXPLOITATION;63kV;Moselle
SSAL5;ST-PIERRE-D ALBIGNY;Poste de transformation;EN EXPLOITATION;63kV;Savoie
SSAOU;ST-AOUSTRILLE;Poste de transformation;EN EXPLOITATION;90kV;Indre
SSAPO;ST-APOLLINAIRE;Poste de transformation;EN EXPLOITATION;63kV;Côte-d'Or
SSAUB;ST-AUBAN;Poste de transformation;EN EXPLOITATION;225kV;Alpes-de-Haute-Provence
SSAVO;ST-AVOLD;Poste de transformation;EN EXPLOITATION;400kV;Moselle
SSBAR;STE-BARBE;Poste de transformation;EN EXPLOITATION;63kV;Côte-d'Or
SSBER;ST-BERON;Poste de transformation;EN EXPLOITATION;63kV;Isère
SSBOU;ST-PHILBERT-DE-BOUAINE;Poste de transformation;EN EXPLOITATION;90kV;Loire-Atlantique
SSBR5;ST-BRICE;Poste de transformation;EN EXPLOITATION;225kV;Marne
SSBR6;ST-BRICE-EN-COGLES;Poste de transformation;EN EXPLOITATION;90kV;Ille-et-Vilaine
SSBRI;ST-BRIEUC;Poste de transformation;EN EXPLOITATION;63kV;Côtes-d'Armor
SSCEC;STE-CECILE-LES-VIGNES;Poste de transformation;EN EXPLOITATION;63kV;Vaucluse
SSCHR;ST-CHRISTOL;Poste de transformation;EN EXPLOITATION;225kV;Hérault
SSCL5;ST-CLAUDE;Poste de transformation;EN EXPLOITATION;63kV;Jura
SSCO7;ST-COME;Poste de transformation;EN EXPLOITATION;90kV;Indre-et-Loire
SSDAL;ST-DALMAS;Poste de transformation;EN EXPLOITATION;150kV;Alpes-Maritimes
SSE.C;ST-EGREVE CENTRALE;Poste de transformation;EN EXPLOITATION;63kV;Isère
SSEGR;ST-EGREVE;Poste de transformation;EN EXPLOITATION;63kV;Isère
SSEUL;STE-EULALIE;Poste de transformation;EN EXPLOITATION;63kV;Gironde
SSF.N;ST-FONS-NORD;Poste de transformation;EN EXPLOITATION;63kV;Rhône
SSFEN;ST-PAUL-DE-FENOUILLET;Poste de transformation;EN EXPLOITATION;63kV;Pyrénées-Orientales
SSGIL;ST-GILLES;Poste de transformation;EN EXPLOITATION;90kV;Vendée
SSGRA;ST-GRAVE;Poste de transformation;EN EXPLOITATION;63kV;Morbihan
SSHEN;ST-HENRI;Poste de transformation;EN EXPLOITATION;63kV;Lot
SSJUS;ST-JUST (-SUR-LOIRE);Poste de transformation;EN EXPLOITATION;63kV;Loire
SSMA7;STE-MAXIME;Poste de transformation;EN EXPLOITATION;63kV;Var
SSMAC;ST-MACAIRE;Poste de transformation;EN EXPLOITATION;63kV;Gironde
SSMC;ST-MARC;Poste de transformation;EN EXPLOITATION;90kV;Haute-Vienne
SSMC5;ST-MARCELLIN;Poste de transformation;EN EXPLOITATION;63kV;Isère
SSMED;ST-MEDARD;Poste de transformation;EN EXPLOITATION;63kV;Gironde
SSMO5;ST-PIERRE-MONTLIMART;Poste de transformation;EN EXPLOITATION;90kV;Maine-et-Loire
SSNAZ;ST-NAZAIRE;Poste de transformation;EN EXPLOITATION;225kV;Loire-Atlantique
SSOU5;ST-OUEN (POSTE);Poste de transformation;EN EXPLOITATION;225kV;Hauts-de-Seine
SSPIE;ST-PIERRE;Poste de transformation;EN EXPLOITATION;63kV;Finistère
SSPOL;ST-POL;Poste de transformation;EN EXPLOITATION;90kV;Pas-de-Calais
SSPRO;ST-REMY-DE-PROVENCE;Poste de transformation;EN EXPLOITATION;63kV;Bouches-du-Rhône
SSRAP;ST-RAPHAEL;Poste de transformation;EN EXPLOITATION;63kV;Var
SSSAU;ST-SAUVES;Poste de transformation;EN EXPLOITATION;63kV;Puy-de-Dôme
SSSET;ST-SETIERS;Poste de transformation;EN EXPLOITATION;90kV;Corrèze
SSSIG;STE-SIGOLENE;Poste de transformation;EN EXPLOITATION;63kV;Haute-Loire
SSTRO;ST-TROPEZ;Poste de transformation;EN EXPLOITATION;63kV;Var
SSUSA;ST-USAGE;Poste de transformation;EN EXPLOITATION;63kV;Côte-d'Or
SSVAL;ST-VALLIER;Poste de transformation;EN EXPLOITATION;63kV;Ardèche
SSVER;ST-VERAN;Poste de transformation;EN EXPLOITATION;63kV;Gard
SSVES;ST-MARTIN-VESUBIE;Poste de transformation;EN EXPLOITATION;150kV;Alpes-Maritimes
SSVIT;ST-VIT;Poste de transformation;EN EXPLOITATION;63kV;Jura
SSVIV;ST-VIVIEN;Poste de transformation;EN EXPLOITATION;63kV;Gironde
T.LAS;TOUR-LASCARIS;Poste de transformation;EN EXPLOITATION;225kV;Alpes-Maritimes
T.PIN;TOUR-DU-PIN (LA);Poste de transformation;EN EXPLOITATION;63kV;Isère
TABAR;TABARDERIE;Poste de transformation;EN EXPLOITATION;400kV;Loiret
TALEN;TALENCE;Poste de transformation;EN EXPLOITATION;63kV;Gironde
TALIZ;TALIZAT;Poste de transformation;EN EXPLOITATION;63kV;Cantal
TARN5;TARNOS;Poste de transformation;EN EXPLOITATION;225kV;
TAUPE;TAUPE (LA);Poste de transformation;EN EXPLOITATION;63kV;Puy-de-Dôme
TAUTA;TAUTAVEL;Poste de transformation;EN EXPLOITATION;63kV;Pyrénées-Orientales
TAVA5;TAVAUX (COGENERATION DALKIA);Poste de transformation;EN EXPLOITATION;225kV;Jura
TECHN;TECHNOPOLE;Poste de transformation;EN EXPLOITATION;63kV;Moselle
THANN;THANN;Poste de transformation;EN EXPLOITATION;63kV;Haut-Rhin
THEIL;THEIL (LE);Poste de transformation;EN EXPLOITATION;90kV;Orne
THILL;THILLOT (LE);Poste de transformation;EN EXPLOITATION;63kV;Vosges
THIOU;THIOU (LE);Poste de transformation;EN EXPLOITATION;63kV;Haute-Savoie
THOU;THOU (LE);Poste de transformation;EN EXPLOITATION;90kV;Charente-Maritime
TILLE;TILLENAY;Poste de transformation;EN EXPLOITATION;63kV;Côte-d'Or
TINTE;TINTENIAC;Poste de transformation;EN EXPLOITATION;90kV;Ille-et-Vilaine
TIVER;TIVERNON;Poste de transformation;EN EXPLOITATION;225kV;Eure-et-Loir
TOULU;TOULUCH;Poste de transformation;EN EXPLOITATION;63kV;Aveyron
TOUR9;TOURNOISIS;Poste de transformation;EN EXPLOITATION;90kV;Loiret
TREBA;TREBAS;Poste de transformation;EN EXPLOITATION;63kV;Tarn
TREGU;TREGUEUX;Poste de transformation;EN EXPLOITATION;225kV;Côtes-d'Armor
TREVI;TREVINS;Poste de transformation;EN EXPLOITATION;90kV;Deux-Sèvres
TRICA;TRICASTIN (LE);Poste de transformation;EN EXPLOITATION;225kV;Drôme
TRITH;TRITH-ST-LEGER (L.M.E.);Poste de transformation;EN EXPLOITATION;225kV;Nord
TRO.E;TROYES-EST;Poste de transformation;EN EXPLOITATION;63kV;Aube
TUNNE;TUNNEL;Poste de transformation;EN EXPLOITATION;225kV;Pas-de-Calais
U.MON;USINOR-MONTATAIRE;Poste de transformation;EN EXPLOITATION;63kV;Oise
UGIN6;UGINE (UGINE SAVOIE A UGINE)2;Poste de transformation;EN EXPLOITATION;45kV;Haute-Savoie
UNION;UNION;Poste de transformation;EN EXPLOITATION;63kV;Haute-Garonne
V.BLA;VILLENEUVE-DE-BLAYE;Poste de transformation;EN EXPLOITATION;63kV;Gironde
V.BRE;VERNOU-SUR-BRENNE;Poste de transformation;EN EXPLOITATION;90kV;Indre-et-Loire
V.CON;VIEUX-CONDE;Poste de transformation;EN EXPLOITATION;63kV;Nord
V.COR;VILLESEQUE DES CORBIERES;Poste de transformation;EN EXPLOITATION;63kV;Aude
V.MAR;VILLE-LE-MARCLET;Poste de transformation;EN EXPLOITATION;90kV;Somme
V.ROM;VOIE ROMAINE;Poste de transformation;EN EXPLOITATION;63kV;Haut-Rhin
V.THO;VAL THORENS;Poste de transformation;EN EXPLOITATION;63kV;Savoie
VAILL;VAILLY;Poste de transformation;EN EXPLOITATION;63kV;Cher
VAIRE;VAIRES;Poste de transformation;EN EXPLOITATION;225kV;Seine-et-Marne
VALDA;VALDAHON;Poste de transformation;EN EXPLOITATION;63kV;Doubs
VALDU;VALDUC;Poste de transformation;EN EXPLOITATION;63kV;Côte-d'Or
VALES;VALESCOURT;Poste de transformation;EN EXPLOITATION;225kV;Oise
VALL6;VALLET;Poste de transformation;EN EXPLOITATION;90kV;Loire-Atlantique
VANVE;VANVES;Poste de transformation;EN EXPLOITATION;63kV;Hauts-de-Seine
VAUDR;VAUDREUIL;Poste de transformation;EN EXPLOITATION;90kV;Eure
VAUG5;VAUGRIS (C.N.R.);Poste de transformation;EN EXPLOITATION;63kV;Rhône
VAUPA;VAUPALIERE (LA);Poste de transformation;EN EXPLOITATION;400kV;Seine-Maritime
VEDEN;VEDENE;Poste de transformation;EN EXPLOITATION;63kV;Vaucluse
VENDI;VENDIN;Poste de transformation;EN EXPLOITATION;225kV;Pas-de-Calais
VENTH;VENTHON;Poste de transformation;EN EXPLOITATION;45kV;Savoie
VERGE;VERGER;Poste de transformation;EN EXPLOITATION;400kV;Loir-et-Cher
VERSI;VERSILHAC;Poste de transformation;EN EXPLOITATION;63kV;Haute-Loire
VERTO;VERTOU;Poste de transformation;EN EXPLOITATION;225kV;Loire-Atlantique
VEYNE;VEYNES;Poste de transformation;EN EXPLOITATION;63kV;Hautes-Alpes
VEYTI;VEYTISOU (LA);Poste de transformation;EN EXPLOITATION;90kV;Haute-Vienne
VICHY;VICHY;Poste de transformation;EN EXPLOITATION;63kV;Allier
VIGUI;VIGUIER;Poste de transformation;EN EXPLOITATION;63kV;Aude
VINEU;VINEUIL;Poste de transformation;EN EXPLOITATION;90kV;Loir-et-Cher
VINTR;VINTROU;Poste de transformation;EN EXPLOITATION;63kV;Tarn
VITR5;VITRY (S.N.C.F. LABO);Poste de transformation;EN EXPLOITATION;63kV;Val-de-Marne
VLAR5;VILLAROCHE;Poste de transformation;EN EXPLOITATION;63kV;Seine-et-Marne
VLARO;VILLARODIN;Poste de transformation;EN EXPLOITATION;400kV;Savoie
VLECH;VILLECHETIVE;Poste de transformation;EN EXPLOITATION;400kV;Yonne
VLEDI;VILLEDIEU;Poste de transformation;EN EXPLOITATION;90kV;Manche
VLETT;VILLETTE (PORTIQUE);Poste de transformation;EN EXPLOITATION;63kV;Ardennes
VOIRO;VOIRON;Poste de transformation;EN EXPLOITATION;63kV;Isère
VOREP;VOREPPE;Poste de transformation;EN EXPLOITATION;63kV;Isère
VOSNE;VOSNE;Poste de transformation;EN EXPLOITATION;63kV;Côte-d'Or
VOUGY;VOUGY;Poste de transformation;EN EXPLOITATION;63kV;Haute-Savoie
VOUJE;VOUJEAUCOURT;Poste de transformation;EN EXPLOITATION;63kV;Doubs
VOUZI;VOUZIERS;Poste de transformation;EN EXPLOITATION;63kV;Ardennes
VOVES;VOVES;Poste de transformation;EN EXPLOITATION;90kV;Eure-et-Loir
WADON;WADONVILLE;Poste de transformation;EN EXPLOITATION;63kV;Meuse
WOIPP;WOIPPY;Poste de transformation;EN EXPLOITATION;63kV;Moselle
YVETO;YVETOT;Poste de transformation;EN EXPLOITATION;90kV;Seine-Maritime
YZEUR;YZEURE;Poste de transformation;EN EXPLOITATION;63kV;Allier
ZALRA;PIQUAGE ALRANCE (LIAISON ARVIEZ31SSVIC);Point de piquage;EN EXPLOITATION;63kV;Aveyron
ZANDR;ANDRA / EPIER RANDE 1;Point de piquage;EN EXPLOITATION;45kV;Savoie
ZARBI;ARBI1 / ARBI2 CUDRA 1;Point de piquage;EN EXPLOITATION;45kV;Savoie
ZARNO;ARNOU / FARRA MAREN 1;Point de piquage;EN EXPLOITATION;90kV;Charente-Maritime
ZARQU;ARQUE / BATAV LONG9 1;Point de piquage;EN EXPLOITATION;90kV;Pas-de-Calais
ZARTE;ARTEN / AUVIL DAMBR 1;Point de piquage;EN EXPLOITATION;90kV;Eure-et-Loir
ZAUMA;AUMAL / BLOCA NEUF5 2;Point de piquage;EN EXPLOITATION;90kV;Seine-Maritime
ZAVRO;PIQUAGE A NEUILLY-SUR-MARNE;Point de piquage;EN EXPLOITATION;225kV;Seine-Saint-Denis
ZB.VA;B.VAL / B.MON BXCHA 2;Point de piquage;EN EXPLOITATION;225kV;Ardèche
ZBACC;PIQUAGE A SAINTE-CROIX-HAGUE;Point de piquage;EN EXPLOITATION;90kV;Manche
ZBETT;BETTA / AMBER SSV.E 1;Point de piquage;EN EXPLOITATION;63kV;Ain
ZBLO1;BLO.N / VALL5 VLERB 1;Point de piquage;EN EXPLOITATION;90kV;Loir-et-Cher
ZBOU6;PIQUAGE BOUSSENS (LIAISON CAZERZ31MANCI);Point de piquage;EN EXPLOITATION;63kV;Haute-Garonne
ZBOUC;PIQUAGE BOUCAU (LIAISON MOUGUZ31MOUSS);Point de piquage;EN EXPLOITATION;63kV;Pyrénées-Atlantiques
ZBREC;SSMRE / GARD9 GODI5 1;Point de piquage;EN EXPLOITATION;90kV;Indre-et-Loire
ZBREV;PIQUAGE BREVAL A VAUREAL (ZBREV);Point de piquage;EN EXPLOITATION;63kV;Val-d'Oise
ZBROS;PIQUAGE A LA BROSSONNIERE;Point de piquage;EN EXPLOITATION;63kV;Côtes-d'Armor
ZBRUF;PIQUAGE A BRUFFIERE;Point de piquage;EN EXPLOITATION;90kV;Loire-Atlantique
ZBRUL;BRIAR / GIEN LOMBA 1;Point de piquage;EN EXPLOITATION;90kV;Loiret
ZBXLI;BXLIN / J.CLA ORANG 1;Point de piquage;EN EXPLOITATION;90kV;Vienne
ZC.L6;PIQUAGE CROIX-LEONARD (LIGNE N0 2);Point de piquage;EN EXPLOITATION;63kV;Saône-et-Loire
ZC.LE;PIQUAGE A LA CROIX-SAINT-LEUFROY;Point de piquage;EN EXPLOITATION;90kV;Eure
ZCAMB;PIQUAGE CAMBEYRAT (LIAISON GODINZ31LARDI);Point de piquage;EN EXPLOITATION;63kV;Aveyron
ZCASC;PIQUAGE A CASCADEC;Point de piquage;EN EXPLOITATION;63kV;Finistère
ZCAU5;PIQUAGE CAUSSADE (LIAISON ALBIAZ31LERE );Point de piquage;EN EXPLOITATION;63kV;Tarn-et-Garonne
ZCHEV;CHEVR / BREVI V.ISE 1;Point de piquage;EN EXPLOITATION;63kV;Savoie
ZCOMM;PIQUAGE A COMMERCY;Point de piquage;EN EXPLOITATION;63kV;Meuse
ZCOND;PIQUAGE CONDOM (LIAISON MTREAZ31V.FEZ);Point de piquage;EN EXPLOITATION;63kV;Gers
ZCPBL;CPBLA / GAMPA SSVAL 1;Point de piquage;EN EXPLOITATION;63kV;Ardèche
ZCSLN;PIQUAGE CASTELNAUDARY (LIAISON BAGATZ31VALGR);Point de piquage;EN EXPLOITATION;63kV;Aude
ZCUPE;PIQUAGE CUPERLY;Point de piquage;EN EXPLOITATION;225kV;Marne
ZCUR5;PIQUAGE CURTIL;Point de piquage;EN EXPLOITATION;225kV;Saône-et-Loire
ZCZE6;PIQUAGE 2 A COUREGES;Point de piquage;EN EXPLOITATION;63kV;Gard
ZDALI;CIVRA / COUR SSSAV 1;Point de piquage;EN EXPLOITATION;90kV;Deux-Sèvres
ZDURO;DUROL / CELLE THIE5 1;Point de piquage;EN EXPLOITATION;63kV;Puy-de-Dôme
ZECRA;PIQUAGE A ECRAINVILLE;Point de piquage;EN EXPLOITATION;90kV;Seine-Maritime
ZENCH;PIQUAGE ENCHANET (LIAISON BREUIZ61GATEL);Point de piquage;EN EXPLOITATION;225kV;Corrèze
ZESPI;ESPI5 / CXNAY DAMBR 2;Point de piquage;EN EXPLOITATION;225kV;Eure-et-Loir
ZESQ5;PIQUAGE ESQUIT (LIAISON ASASPZ31E.LES);Point de piquage;EN EXPLOITATION;63kV;Pyrénées-Atlantiques
ZETAN;PIQUAGE A ETANG;Point de piquage;EN EXPLOITATION;63kV;
ZETRE;PIQUAGE A ETREVILLE;Point de piquage;EN EXPLOITATION;90kV;Eure
ZFANA;PIQUAGE FANAUDES A MONTMAGNY (ZFANA);Point de piquage;EN EXPLOITATION;225kV;Val-d'Oise
ZFAYM;FAYMO / CHAT6 NIORT 1;Point de piquage;EN EXPLOITATION;90kV;Vendée
ZFORG;CXVIG / FERRA ZJAUM 1;Point de piquage;EN EXPLOITATION;90kV;Vienne
ZFOS;PIQUAGE FOS (LIAISON CIERPZ31M.MAU);Point de piquage;EN EXPLOITATION;63kV;Haute-Garonne
ZGALE;PIQUAGE GALERES A CHELLES (ZGALE);Point de piquage;EN EXPLOITATION;225kV;Seine-Saint-Denis
ZGARG;PIQUAGE A EPONE;Point de piquage;EN EXPLOITATION;63kV;Yvelines
ZGAYE;PIQUAGE A GAYEULLES;Point de piquage;EN EXPLOITATION;90kV;Ille-et-Vilaine
ZGOLB;PIQUAGE GOLBEY;Point de piquage;EN EXPLOITATION;225kV;Vosges
ZGORR;GORRO / ERNEE MAYEN 1;Point de piquage;EN EXPLOITATION;90kV;Mayenne
ZGRAN;GRAN6 / F.VER SSJUS 1;Point de piquage;EN EXPLOITATION;63kV;Loire
ZGRIP;PIQUAGE GRIPP (LIAISON ARTIGZ31CAMP5);Point de piquage;EN EXPLOITATION;63kV;Hautes-Pyrénées
ZJARG;JARGE / SAUS6 SOUR5 1;Point de piquage;EN EXPLOITATION;90kV;Loiret
ZLAB5;PIQUAGE LABRUGUIERE (LIAISON GOURJZ31MAZAM);Point de piquage;EN EXPLOITATION;63kV;Tarn
ZLAN8;PIQUAGE LANGLOIS A BUSSY-SAINT-MARTIN (ZLAN8);Point de piquage;EN EXPLOITATION;225kV;Seine-et-Marne
ZLARD;PIQUAGE LARDIT (LIAISON GOLINZ61RUEYR);Point de piquage;EN EXPLOITATION;225kV;Aveyron
ZLIEB;PIQUAGE LIEBVILLERS;Point de piquage;EN EXPLOITATION;63kV;Doubs
ZLOUR;PIQUAGE LOURDES SNCF (LIAISON SARSAZ31SOULO);Point de piquage;EN EXPLOITATION;63kV;Hautes-Pyrénées
ZLUD5;PIQUAGE A LUDRES (Ligne LANEUZ31N.MAI);Point de piquage;EN EXPLOITATION;63kV;Meurthe-et-Moselle
ZM.LA;PIQUAGE MONTLARRON (LIAISON MAUREZ41P.CHA);Point de piquage;EN EXPLOITATION;90kV;Haute-Vienne
ZM.MI;PIQUAGE A MAS DE MICHEL;Point de piquage;EN EXPLOITATION;63kV;Gard
ZMAD6;PIQUAGE LA MADELEINE;Point de piquage;EN EXPLOITATION;225kV;Meurthe-et-Moselle
ZMAGR;PIQUAGE MAGRE (LIAISON AURENZ41MAURE);Point de piquage;EN EXPLOITATION;90kV;Haute-Vienne
ZMAL5;PIQUAGE MALAUNAY A PISSY-POVILLE (ZMAL5);Point de piquage;EN EXPLOITATION;90kV;Seine-Maritime
ZMAL6;PIQUAGE A COURDEMANCHE;Point de piquage;EN EXPLOITATION;90kV;Eure
ZMAR7;PIQUAGE MARLE;Point de piquage;EN EXPLOITATION;63kV;Aisne
ZMAR8;MARNI / AOSTE BRENS 1;Point de piquage;EN EXPLOITATION;225kV;Ain
ZMER7;MERCI / FROGE G.ILE 1;Point de piquage;EN EXPLOITATION;225kV;Isère
ZMERC;PIQUAGE MERCUS (LIAISON FERRIZ31TARAS);Point de piquage;EN EXPLOITATION;63kV;Ariège
ZMET6;PIQUAGE METZANGE;Point de piquage;EN EXPLOITATION;63kV;Moselle
ZMON7;PIQUAGE MONT (LIAISON MARSIZ31ORTH5);Point de piquage;EN EXPLOITATION;63kV;Pyrénées-Atlantiques
ZMONL;PIQUAGE MONLOO (LIAISON L.BALZ51LANNE);Point de piquage;EN EXPLOITATION;150kV;Hautes-Pyrénées
ZMORC;PIQUAGE MORCENX (LIAISON CANTEZ32LABOU);Point de piquage;EN EXPLOITATION;63kV;Landes
ZMOUX;MOUX / CHANC CIZE 1;Point de piquage;EN EXPLOITATION;63kV;Jura
ZMRIG;PIQUAGE EX MARIGNAC (LIAISON CIERPZ31M.MAU);Point de piquage;EN EXPLOITATION;63kV;Hautes-Pyrénées
ZMTME;MTMEL / CBERY G.ILE 1;Point de piquage;EN EXPLOITATION;63kV;Savoie
ZNAY;PIQUAGE NAY SNCF (LIAISON BORD7Z31COARR);Point de piquage;EN EXPLOITATION;63kV;Pyrénées-Atlantiques
ZNEUF;NEUF5 / BXCH5 RENOU 1;Point de piquage;EN EXPLOITATION;90kV;Seine-Maritime
ZNEUL;NEULI / FEURS GREPI 1;Point de piquage;EN EXPLOITATION;63kV;Loire
ZNOUA;PIQUAGE NOUAUX (LIAISON ARRENZ51L.BAL);Point de piquage;EN EXPLOITATION;150kV;Hautes-Pyrénées
ZP.DE;PIQUAGE PONT DES DEMOISELLES (LIAISON CTAU L31P.SIM);Point de piquage;EN EXPLOITATION;63kV;Haute-Garonne
ZP.G5;P.GUI / SSYOR ZLIM6 1;Point de piquage;EN EXPLOITATION;63kV;Puy-de-Dôme
ZP.SE;P.SE5 / BOISS MTLUE 1;Point de piquage;EN EXPLOITATION;63kV;Ain
ZP.V5;PIQUAGE A PONT-LA-VILLE;Point de piquage;EN EXPLOITATION;225kV;Haute-Marne
ZPARI;PIQUAGE PARIZE;Point de piquage;EN EXPLOITATION;63kV;Nièvre
ZPEU5;PIQUAGE PEUGEOT (LIGNE N0 2);Point de piquage;EN EXPLOITATION;63kV;Haut-Rhin
ZPICT;PIQUAGE A LA PICTAIS;Point de piquage;EN EXPLOITATION;90kV;Ille-et-Vilaine
ZPIN5;PIQUAGE A LA BOCCA 2;Point de piquage;EN EXPLOITATION;63kV;Alpes-Maritimes
ZPLO5;PIQUAGE A LANVAUDAN (PLOUAY);Point de piquage;EN EXPLOITATION;63kV;Morbihan
ZQUAR;QUARE / THIER VALEN 2;Point de piquage;EN EXPLOITATION;225kV;Nord
ZQUEN;QUENT / ARGOE LAMO5 1;Point de piquage;EN EXPLOITATION;90kV;Somme
ZQUI5;QUINT / ARNAG C.FON 1;Point de piquage;EN EXPLOITATION;225kV;Sarthe
ZQUIN;PIQUAGE A QUINSON;Point de piquage;EN EXPLOITATION;225kV;Alpes-de-Haute-Provence
ZREAL;PIQUAGE REALS (LIAISON CAZEDZ31SSVIN);Point de piquage;EN EXPLOITATION;63kV;Hérault
ZRENO;PIQUAGE A BELLENGREVILLE;Point de piquage;EN EXPLOITATION;90kV;Seine-Maritime
ZRIVA;RIVAR / BONN6 MIGNA 1;Point de piquage;EN EXPLOITATION;90kV;Vienne
ZROJ5;PIQUAGE ROJA (LIAISON TONN5Z31UNET );Point de piquage;EN EXPLOITATION;63kV;Lot-et-Garonne
ZROU1;PIQUAGE A ROULEAUX 1;Point de piquage;EN EXPLOITATION;63kV;Loire-Atlantique
ZROUV;PIQUAGE ROUVERADE (LIAISON BRADAZ41REPAI);Point de piquage;EN EXPLOITATION;90kV;Corrèze
ZS.MO;PIQUAGE SOMMER-MOUZON;Point de piquage;EN EXPLOITATION;63kV;Ardennes
ZSABR;PIQUAGE A SABRAN;Point de piquage;EN EXPLOITATION;63kV;Gard
ZSALI;PIQUAGE A ST-PRIVA DES VIEUX;Point de piquage;EN EXPLOITATION;63kV;Gard
ZSALL;ECOUF / ANGER CORBI 2;Point de piquage;EN EXPLOITATION;90kV;Maine-et-Loire
ZSOMM;SOMMI / ANDUZ VIRAD 1;Point de piquage;EN EXPLOITATION;63kV;Gard
ZSSA5;PIQUAGE STE-AGATHE (LIGNE N0 2);Point de piquage;EN EXPLOITATION;63kV;Moselle
ZSSA6;SSAL6 / GILLY SSAL5 1;Point de piquage;EN EXPLOITATION;63kV;Savoie
ZSSAL;PIQUAGE ST ALAUZIE (LIAISON LALBEZ31MTPE5);Point de piquage;EN EXPLOITATION;63kV;Lot
ZSSCU;PIQUAGE SAINT ANDREE DE CUBZAC (LIAISON CUBNEZ31IZON );Point de piquage;EN EXPLOITATION;63kV;Gironde
ZSSME;PIQUAGE A ST-MICHEL-SUR-MEURTHE;Point de piquage;EN EXPLOITATION;63kV;Vosges
ZSSN5;PIQUAGE A SAINT-NAZAIRE;Point de piquage;EN EXPLOITATION;63kV;Loire-Atlantique
ZSSS5;PIQUAGE A BAILLEUL-SUR-THERAIN;Point de piquage;EN EXPLOITATION;63kV;Oise
ZTECH;PIQUAGE A MAGNY-LES-HAMEAUX;Point de piquage;EN EXPLOITATION;63kV;Yvelines
ZTEIL;PIQUAGE A TEIL (LE);Point de piquage;EN EXPLOITATION;63kV;Ardèche
ZTER5;TERRE / RIVIE SOLEI 1;Point de piquage;EN EXPLOITATION;63kV;Loire
ZTOUA;FRESN / ALENC V.JUH 1;Point de piquage;EN EXPLOITATION;90kV;Sarthe
ZTREZ;PIQUAGE A TREZANNE;Point de piquage;EN EXPLOITATION;90kV;Vendée
ZTROU;MAZIE / BUIS MARMA 1;Point de piquage;EN EXPLOITATION;90kV;Cher
ZV.CO;PIQUAGE VILLESEQUE (LIAISON LIVIEZ31V.COR);Point de piquage;EN EXPLOITATION;63kV;Aude
ZV.MO;V.MOU / LONG6 SAUS2 1;Point de piquage;EN EXPLOITATION;225kV;Savoie
ZVER7;PIQUAGE VERNET (LIAISON FAUGAZ31MURET);Point de piquage;EN EXPLOITATION;63kV;Haute-Garonne
ZVONN;VONNA / CRUET FLACE 1;Point de piquage;EN EXPLOITATION;63kV;Ain
ZYZEU;YZEUR / DOMPI SEMIN 2;Point de piquage;EN EXPLOITATION;63kV;Allier
B.PRI;BOIS PRINCE (LE);Poste de transformation;EN EXPLOITATION;90kV;Eure-et-Loir
ZB.PR;PIQUAGE A BOIS PRINCE (LE);Point de piquage;EN EXPLOITATION;90kV;Eure-et-Loir
ZN.SU;PIQUAGE A LA NOUE SURDEAU;Point de piquage;EN EXPLOITATION;63kV;Ardennes
CSTTT;CASTET (SHEM);Poste de transformation;EN EXPLOITATION;63kV;Pyrénées-Atlantiques
CAFFA;CAFFARELLI;Poste de transformation;EN EXPLOITATION;63kV;Finistère
ZMELU;PIQUAGE MELUN A MELUN (ZMELU);Point de piquage;EN EXPLOITATION;63kV;Seine-et-Marne
ZP.F5;P.FOS / GAP ZTRIN 1;Point de piquage;EN EXPLOITATION;63kV;Hautes-Alpes
ZBREA;PIQUAGE A BREAL-SOUS-VITRE;Point de piquage;EN EXPLOITATION;90kV;Ille-et-Vilaine
BZGUI;BOURGUIGNON;Poste de transformation;EN EXPLOITATION;225kV;Doubs
ZLARU;PIQUAGE A LARUNS;Point de piquage;EN EXPLOITATION;63kV;Pyrénées-Atlantiques
ZIRAN;PIQUAGE A IRANGER (L);Point de piquage;EN EXPLOITATION;63kV;Landes
ABIDO;ABIDOS;Poste de transformation;EN EXPLOITATION;63kV;Pyrénées-Atlantiques
C.MIC;CHARLES-MICHELS;Poste de transformation;ACCORD ADMINISTRATIF;225kV;Yvelines
GALUS;GALUS;Poste de transformation;ACCORD ADMINISTRATIF;63kV;Gironde
ULISS;ULIS (LES);Poste de transformation;EN EXPLOITATION;225kV;Essonne
ZV.SE;PIQUAGE A VILLERS-SEMEUSE;Point de piquage;EN EXPLOITATION;63kV;Ardennes
SSVI7;ST-VICTOR (CLIENT);Poste de transformation;EN EXPLOITATION;63kV;Allier
ZCAVA;ZCA10 / BXMET CAVAI 1;Point de piquage;EN EXPLOITATION;63kV;Vaucluse
ZPELA;PIQUAGE A PELADE;Point de piquage;EN EXPLOITATION;225kV;Var
F.ETO;FONTAINE-ETOUPEFOUR;Poste de transformation;EN EXPLOITATION;90kV;Calvados
F.MAU;FONTENAY-MAUVOISIN;Poste de transformation;EN EXPLOITATION;90kV;Yvelines
ZF.TO;PIQUAGE A FAVERGES-DE-LA-TOUR;Point de piquage;ACCORD ADMINISTRATIF;63kV;Isère
BXCO5;BEAUCOURSIERE (LA);Poste de transformation;EN EXPLOITATION;90kV;
ZLAZ5;PIQUAGE A LAZER;Point de piquage;EN EXPLOITATION;63kV;Hautes-Alpes
SACL5;SACLAY (PLATEAU);Poste de transformation;EN EXPLOITATION;225kV;Essonne
B.MES;BUS-LA-MESIERE;Poste de transformation;EN EXPLOITATION;225kV;Somme
FRUGE;FRUGES;Poste de transformation;EN EXPLOITATION;400kV;Pas-de-Calais
ZBUTT;BUTTA / FLERS LAVAL 1;Point de piquage;EN EXPLOITATION;225kV;Mayenne
H.DEV;HENRI DEVILLE;Poste de transformation;EN EXPLOITATION;63kV;Savoie
CIZ5;CIZE (CLIENT);Poste de transformation;EN EXPLOITATION;225kV;Ain
LANTO;LANTON;Poste de transformation;EN EXPLOITATION;63kV;Gironde
MESSI;MESSIMY-NEMOZ;Poste de transformation;EN EXPLOITATION;63kV;Rhône
PRION;PRIONNET;Poste de transformation;EN EXPLOITATION;400kV;Vaucluse
RQRED;ROQUEREDONDE;Poste de transformation;EN EXPLOITATION;63kV;Hérault
ZLAN9;PIQUAGE A LANEUVELOTTE;Point de piquage;EN EXPLOITATION;63kV;Meurthe-et-Moselle
ZMES5;PIQUAGE A CHAPONOST;Point de piquage;EN EXPLOITATION;63kV;Rhône
GRUIS;GRUISSAN;Poste de transformation;EN EXPLOITATION;63kV;
ZGESV;PIQUAGE A GESVRES;Point de piquage;EN EXPLOITATION;63kV;Loire-Atlantique
PEYRU;PEYRUSSE;Poste de transformation;EN EXPLOITATION;63kV;Cantal
ROGE5;ROGERVILLE (DRESSER RAND);Poste de transformation;EN EXPLOITATION;225kV;Seine-Maritime
VAUB6;VAUBAN (PORT MILITAIRE DE TOULON);Poste de transformation;EN EXPLOITATION;63kV;Var
ZRIGO;PIQUAGE A RIGOTTE (LA);Point de piquage;EN EXPLOITATION;225kV;Haute-Marne
ZHESI;PIQUAGE HESINGUE;Point de piquage;EN EXPLOITATION;63kV;Haut-Rhin
LIROU;LIROU;Poste de transformation;ACCORD ADMINISTRATIF;63kV;Aude
ZMAGD;PIQUAGE A MAGDELEINE (LA);Point de piquage;EN EXPLOITATION;90kV;Charente
ZJON5;PIQUAGE A JONCHERE 2;Point de piquage;EN EXPLOITATION;63kV;Val-de-Marne
FONDE;FONDETTES;Poste de transformation;EN EXPLOITATION;90kV;Indre-et-Loire
IRANG;IRANGER (L);Poste de transformation;EN EXPLOITATION;63kV;Landes
ZDUV5;PIQUAGE A DUVIGNEAU;Point de piquage;EN EXPLOITATION;225kV;
LARRE;LARREY;Poste de transformation;ACCORD ADMINISTRATIF;225kV;Côte-d'Or
MEES;MEES (LES) (SOLAIRE 1);Poste de transformation;EN EXPLOITATION;225kV;Alpes-de-Haute-Provence
LIMEU;LIMEUX;Poste de transformation;EN EXPLOITATION;400kV;Somme
MONNE;MONNET;Poste de transformation;EN EXPLOITATION;225kV;Isère
PLUVI;PLUVIGNER;Poste de transformation;ACCORD ADMINISTRATIF;225kV;Morbihan
PONAN;PONANT;Poste de transformation;EN EXPLOITATION;225kV;Finistère
ZP.C5;PIQUAGE A PEYRAT-LE-CHATEAU;Point de piquage;EN EXPLOITATION;225kV;Haute-Vienne
SSTRE;SAINT-HILAIRE-LA-TREILLE;Poste de transformation;ACCORD ADMINISTRATIF;225kV;Haute-Vienne
JAMET;JAMETZ;Poste de transformation;EN EXPLOITATION;225kV;Meuse
HAYET;HAYETTE (LA);Poste de transformation;EN EXPLOITATION;63kV;Aisne
ZCH12;PIQUAGE A CHARRAUT (LE);Point de piquage;EN EXPLOITATION;90kV;Vienne
ZC.RH;PIQUAGE A CHATEAUNEUF (SNCF);Point de piquage;EN EXPLOITATION;63kV;Ardèche
ZJONC;PIQUAGE A JONCHERE 1;Point de piquage;EN EXPLOITATION;63kV;Val-de-Marne
PLACH;PLACHY (LE);Poste de transformation;EN EXPLOITATION;225kV;Pas-de-Calais
COTEL;COTELETTE (LA);Poste de transformation;EN EXPLOITATION;90kV;Marne
SULAU;SULAUZE;Poste de transformation;EN EXPLOITATION;63kV;Bouches-du-Rhône
ZGUE5;PIQUAGE A GUERACHE (LA);Point de piquage;EN EXPLOITATION;225kV;Var
ORMOI;ORMOIE (DES);Poste de transformation;ACCORD ADMINISTRATIF;225kV;Seine-et-Marne
RIVAL;RIVAL;Poste de transformation;EN EXPLOITATION;63kV;Savoie
ZCES5;PIQUAGE A CESTAS;Point de piquage;EN EXPLOITATION;63kV;Gironde
MANO7;MANOIRE;Poste de transformation;EN EXPLOITATION;90kV;Dordogne
ZAMEC;PIQUAGE A AMECOURT;Point de piquage;EN EXPLOITATION;63kV;Eure
ZJAZE;PIQUAGE A JAZENEUIL;Point de piquage;EN EXPLOITATION;90kV;Deux-Sèvres
QUIRI;QUIRIN;Poste de transformation;EN EXPLOITATION;225kV;Finistère
AYRES;AYRES;Poste de transformation;EN EXPLOITATION;400kV;Aveyron
BOUS7;BOUSBECQUE;Poste de transformation;EN EXPLOITATION;90kV;
C.GOM;CHATEAU-GOMBERT;Poste de transformation;EN EXPLOITATION;225kV;Bouches-du-Rhône
ROBI6;ROBINE (CANAL DE LA);Poste de transformation;EN EXPLOITATION;63kV;Aude
GOUV5;GOUVILLE;Poste de transformation;EN EXPLOITATION;90kV;Manche
ROUMA;ROUMAGNOLLE;Poste de transformation;EN EXPLOITATION;225kV;Charente-Maritime
CESTA;CESTAS;Poste de transformation;EN EXPLOITATION;225kV;Gironde
ZMTCL;PIQUAGE A MONTCLARAT;Point de piquage;EN EXPLOITATION;63kV;Aveyron
VARIS;VARISCOURT;Poste de transformation;ACCORD ADMINISTRATIF;63kV;Aisne
BLAUX;BLAUX;Poste de transformation;EN EXPLOITATION;225kV;Alpes-de-Haute-Provence
ZHERE;PIQUAGE A LA HERELLE;Point de piquage;EN EXPLOITATION;63kV;Oise
ZPISS;PIQUAGE A PISSOU;Point de piquage;EN EXPLOITATION;63kV;Tarn-et-Garonne
A.BOI;AULNAY-SOUS-BOIS;Poste de transformation;ACCORD ADMINISTRATIF;225kV;Val-d'Oise
ZB.ME;PIQUAGE A BUS-LA-MESIERE;Point de piquage;EN EXPLOITATION;225kV;Somme
ZPLAC;PIQUAGE A PLACHY (LE);Point de piquage;EN EXPLOITATION;225kV;Pas-de-Calais
LEUCA;LEUCATE;Poste de transformation;EN EXPLOITATION;63kV;
CROCS;CROCS (LES);Poste de transformation;ACCORD ADMINISTRATIF;225kV;Aube
C.ORB;CONQUES-SUR-ORBIEL;Poste de transformation;EN EXPLOITATION;225kV;Aude
SSXAN;ST-XANDRE;Poste de transformation;EN EXPLOITATION;90kV;
H.FAL;HAUTES - FALAISES;Poste de transformation;EN EXPLOITATION;225kV;
ZC.BR;PIQUAGE AU CHAMP BRIFFOR;Point de piquage;EN EXPLOITATION;63kV;Doubs
MUREM;MUREMONT;Poste de transformation;EN EXPLOITATION;225kV;Meuse
BLERI;BLERIOT (ROISSY);Poste de transformation;EN EXPLOITATION;225kV;Val-d'Oise
D.ROS;DAME-ROSE;Poste de transformation;ACCORD ADMINISTRATIF;225kV;Yvelines
I.SEI;IVRY-SUR-SEINE (PSEM);Poste de transformation;EN EXPLOITATION;63kV;Paris
R.DIE;RIDENS-DE-DIEPPE;Poste de transformation;EN EXPLOITATION;225kV;
E.JAC;EN-JACCA;Poste de transformation;EN EXPLOITATION;63kV;Haute-Garonne
THUEL;THUEL (LE);Poste de transformation;ACCORD ADMINISTRATIF;225kV;Aisne
ZMEZO;PIQUAGE MEZOT;Point de piquage;EN EXPLOITATION;63kV;Meurthe-et-Moselle
B.RUM;BOSSUS-LES-RUMIGNY;Poste de transformation;ACCORD ADMINISTRATIF;225kV;Aisne
ZAMIG;PIQUAGE A AMIGNE;Point de piquage;EN EXPLOITATION;225kV;Sarthe
BEVIL;BEVILLERS;Poste de transformation;EN EXPLOITATION;225kV;Nord
B.AI7;BEL-AIR (VILLEURBANNE);Poste de transformation;EN EXPLOITATION;63kV;Rhône
V.ILE;VENT-DES-ILES;Poste de transformation;EN EXPLOITATION;225kV;
ZP.B8;PIQUAGE PETIT-BOULAY;Point de piquage;EN EXPLOITATION;150kV;Saône-et-Loire
G.QU6;GRAND-QUEVILLY (CLIENT UIOM);Poste de transformation;EN EXPLOITATION;90kV;Seine-Maritime
GABIO;GABION;Poste de transformation;EN EXPLOITATION;225kV;Seine-Maritime
GAILL;GAILLAC;Poste de transformation;EN EXPLOITATION;63kV;Tarn
GALER;GALERES;Poste de transformation;EN EXPLOITATION;225kV;Seine-Saint-Denis
GAMBS;GAMBSHEIM;Poste de transformation;EN EXPLOITATION;225kV;Bas-Rhin
GANIL;GANIL;Poste de transformation;EN EXPLOITATION;90kV;Calvados
GAP;GAP;Poste de transformation;EN EXPLOITATION;63kV;Hautes-Alpes
GARE5;GARENNE (LA);Poste de transformation;EN EXPLOITATION;63kV;Tarn-et-Garonne
GAREI;GAREIN;Poste de transformation;EN EXPLOITATION;63kV;Landes
GAUC5;GAUCHY;Poste de transformation;EN EXPLOITATION;63kV;Aisne
GEISP;GEISPOLSHEIM;Poste de transformation;EN EXPLOITATION;63kV;Bas-Rhin
GELLA;GELLAINVILLE;Poste de transformation;EN EXPLOITATION;90kV;Eure-et-Loir
GENET;GENET;Poste de transformation;EN EXPLOITATION;90kV;Maine-et-Loire
GENEU;GENEUILLE;Poste de transformation;EN EXPLOITATION;63kV;Haute-Saône
GENEV;GENEVRAIE (LA);Poste de transformation;EN EXPLOITATION;90kV;Indre
GENIS;GENISSIAT;Poste de transformation;EN EXPLOITATION;225kV;Ain
GENN5;GENNES;Poste de transformation;EN EXPLOITATION;63kV;Doubs
GEVRE;GEVREY;Poste de transformation;EN EXPLOITATION;63kV;Côte-d'Or
GIEN;GIEN;Poste de transformation;EN EXPLOITATION;225kV;Loiret
GIGNA;GIGNAC;Poste de transformation;EN EXPLOITATION;63kV;Dordogne
GIMON;GIMONT;Poste de transformation;EN EXPLOITATION;63kV;Gers
GINES;GINESTOUS;Poste de transformation;EN EXPLOITATION;225kV;Haute-Garonne
GINOU;GINOUX;Poste de transformation;EN EXPLOITATION;HORS TENSION;Ardèche
GOETZ;GOETZENBRUCK;Poste de transformation;EN EXPLOITATION;63kV;Moselle
GOLF5;GOLFECH (NUCLEAIRE);Poste de transformation;EN EXPLOITATION;400kV;Lot-et-Garonne
GOLFE;GOLFECH (HYDRAULIQUE);Poste de transformation;EN EXPLOITATION;63kV;Tarn-et-Garonne
GONTA;GONTARD;Poste de transformation;EN EXPLOITATION;63kV;Bouches-du-Rhône
GOUDO;GOUDOUNECHE;Poste de transformation;EN EXPLOITATION;90kV;Corrèze
GOUR5;GOURDAN;Poste de transformation;EN EXPLOITATION;63kV;Hautes-Pyrénées
GOURD;GOURDON;Poste de transformation;EN EXPLOITATION;63kV;Lot
GOUVI;GOUVIEUX;Poste de transformation;EN EXPLOITATION;225kV;Oise
GRAN7;GRANDPUITS;Poste de transformation;EN EXPLOITATION;63kV;Seine-et-Marne
GRAND;GRANDVAL;Poste de transformation;EN EXPLOITATION;225kV;Cantal
GRASS;GRASSE;Poste de transformation;EN EXPLOITATION;63kV;Alpes-Maritimes
GRAV5;GRAVELINES (CENTRALE);Poste de transformation;EN EXPLOITATION;400kV;
GRIBO;GRIBOUZY (LES);Poste de transformation;EN EXPLOITATION;90kV;Loir-et-Cher
GRIGN;GRIGNY;Poste de transformation;EN EXPLOITATION;225kV;Essonne
GROUX;GROUX (LES);Poste de transformation;EN EXPLOITATION;90kV;Eure
GUER6;GUERLETTES (LES);Poste de transformation;EN EXPLOITATION;90kV;
GUERA;GUERANDE;Poste de transformation;EN EXPLOITATION;63kV;Loire-Atlantique
GUERS;GUERSAC;Poste de transformation;EN EXPLOITATION;225kV;Loire-Atlantique
GY;GY;Poste de transformation;EN EXPLOITATION;63kV;Haute-Saône
H.CLO;HAUT-CLOS;Poste de transformation;EN EXPLOITATION;63kV;Aube
H.RIV;HAUTES-RIVIERES;Poste de transformation;EN EXPLOITATION;63kV;Ardennes
H.VER;HAUT-VERNET (LE);Poste de transformation;EN EXPLOITATION;63kV;Pyrénées-Orientales
H.VIN;HAUT-VINAGE;Poste de transformation;EN EXPLOITATION;225kV;Nord
HASTI;HASTIGNAN;Poste de transformation;EN EXPLOITATION;63kV;Gironde
HAUBO;HAUBOURDIN;Poste de transformation;EN EXPLOITATION;90kV;Nord
HAVRE;HAVRE (LE) (CENTRALE);Poste de transformation;EN EXPLOITATION;400kV;
HELEN;HELENIERE;Poste de transformation;EN EXPLOITATION;63kV;Gard
HENIN;HENIN;Poste de transformation;EN EXPLOITATION;90kV;Pas-de-Calais
HERB6;HERBIGNAC;Poste de transformation;EN EXPLOITATION;63kV;Morbihan
HERI5;HERICOURT (CLIENT);Poste de transformation;EN EXPLOITATION;63kV;Haute-Saône
HERIM;HERIMENIL;Poste de transformation;EN EXPLOITATION;63kV;Meurthe-et-Moselle
HERRE;HERRENWASSER;Poste de transformation;EN EXPLOITATION;225kV;Bas-Rhin
HIS;HIS;Poste de transformation;EN EXPLOITATION;63kV;Haute-Garonne
HOLZM;HOLZMATT;Poste de transformation;EN EXPLOITATION;63kV;Bas-Rhin
HORDA;HORDAIN;Poste de transformation;EN EXPLOITATION;90kV;Nord
HOUDE;HOUDELAINCOURT;Poste de transformation;EN EXPLOITATION;63kV;Meuse
HOURT;HOURTIN;Poste de transformation;EN EXPLOITATION;63kV;Gironde
I.ABE;ISLE D ABEAU;Poste de transformation;EN EXPLOITATION;63kV;Isère
I.DOU;ISLE-SUR-LE-DOUBS (L );Poste de transformation;EN EXPLOITATION;63kV;Doubs
I.ELL;ILE-D ELLE;Poste de transformation;EN EXPLOITATION;90kV;Charente-Maritime
I.NAP;ILE-NAPOLEON;Poste de transformation;EN EXPLOITATION;225kV;Haut-Rhin
I.VER;ILE-VERTE;Poste de transformation;EN EXPLOITATION;63kV;Isère
ILLKI;ILLKIRCH;Poste de transformation;EN EXPLOITATION;63kV;Bas-Rhin
ILONS;ILONS (LES);Poste de transformation;EN EXPLOITATION;63kV;Ardèche
IMPHY;IMPHY;Poste de transformation;EN EXPLOITATION;63kV;Nièvre
INGRA;INGRANDES;Poste de transformation;EN EXPLOITATION;90kV;Vienne
ISSE;ISSE;Poste de transformation;EN EXPLOITATION;90kV;Loire-Atlantique
ISSOI;ISSOIRE;Poste de transformation;EN EXPLOITATION;225kV;Puy-de-Dôme
IZON;IZON;Poste de transformation;EN EXPLOITATION;63kV;Gironde
J.MAI;JOLI-MAI;Poste de transformation;EN EXPLOITATION;63kV;Loire-Atlantique
J.TOU;JOUE-LES-TOURS;Poste de transformation;EN EXPLOITATION;90kV;Indre-et-Loire
JACQU;JACQUARD;Poste de transformation;EN EXPLOITATION;225kV;Loire
JONCE;JONCELS;Poste de transformation;EN EXPLOITATION;63kV;Hérault
JONZA;JONZAC;Poste de transformation;EN EXPLOITATION;90kV;Charente-Maritime
JUNGW;JUNGWALD;Poste de transformation;EN EXPLOITATION;63kV;Moselle
JUSSE;JUSSEY;Poste de transformation;EN EXPLOITATION;63kV;Haute-Saône
K.LEL;KELLER-LELEUX;Poste de transformation;EN EXPLOITATION;63kV;Gard
KERLI;KERLIVIO;Poste de transformation;EN EXPLOITATION;63kV;Morbihan
KUNHE;KUNHEIM;Poste de transformation;EN EXPLOITATION;63kV;Haut-Rhin
L.BEU;LAMOTTE-BEUVRON;Poste de transformation;EN EXPLOITATION;90kV;Loir-et-Cher
L.CHA;LONG-CHAMP (LE);Poste de transformation;EN EXPLOITATION;225kV;Aisne
L.NE5;LOGIS-NEUF (POSTE CENTRALE);Poste de transformation;EN EXPLOITATION;<45kV;Ardèche
L.NOI;LAC-NOIR;Poste de transformation;EN EXPLOITATION;225kV;Vosges
LABO5;LABOUHEYRE (CLIENT);Poste de transformation;EN EXPLOITATION;63kV;Landes
LABRU;LABRUGUIERE;Poste de transformation;EN EXPLOITATION;63kV;Tarn
LACAB;LACABAREDE;Poste de transformation;EN EXPLOITATION;63kV;Tarn
LADOU;LADOUX;Poste de transformation;EN EXPLOITATION;63kV;Puy-de-Dôme
LAFFI;LAFFITE;Poste de transformation;EN EXPLOITATION;63kV;Ariège
LAGUI;LAGUIAN;Poste de transformation;EN EXPLOITATION;63kV;Gers
LAMB5;LAMBESC;Poste de transformation;EN EXPLOITATION;63kV;Bouches-du-Rhône
LAND6;LANDE (LA);Poste de transformation;EN EXPLOITATION;90kV;Indre
LANEU;LANEUVEVILLE;Poste de transformation;EN EXPLOITATION;225kV;Meurthe-et-Moselle
LANFA;LANFAINS;Poste de transformation;EN EXPLOITATION;63kV;Côtes-d'Armor
LANG6;LANGLOIS;Poste de transformation;EN EXPLOITATION;225kV;Seine-et-Marne
LANN6;LANNILIS;Poste de transformation;EN EXPLOITATION;63kV;Finistère
LANNE;LANNEMEZAN;Poste de transformation;EN EXPLOITATION;225kV;Hautes-Pyrénées
LANNI;LANNION;Poste de transformation;EN EXPLOITATION;63kV;Côtes-d'Armor
LAURA;LAURAS;Poste de transformation;EN EXPLOITATION;63kV;Aveyron
LAUSS;LAUSSONNE;Poste de transformation;EN EXPLOITATION;63kV;Haute-Loire
LAUZE;LAUZERTE;Poste de transformation;EN EXPLOITATION;63kV;Tarn-et-Garonne
LAVAN;LAVANDOU (LE);Poste de transformation;EN EXPLOITATION;63kV;Var
LAVAU;LAVAUD;Poste de transformation;EN EXPLOITATION;90kV;Creuse
LEGUE;LEGUEVIN;Poste de transformation;EN EXPLOITATION;225kV;Haute-Garonne
LESPA;LESPARAT;Poste de transformation;EN EXPLOITATION;90kV;Dordogne
LESTA;LESTARQUIT;Poste de transformation;EN EXPLOITATION;225kV;Pas-de-Calais
LESTE;LESTELLE;Poste de transformation;EN EXPLOITATION;63kV;Haute-Garonne
LESTR;LESTREM;Poste de transformation;EN EXPLOITATION;225kV;Nord
LESUR;LESURCQ;Poste de transformation;EN EXPLOITATION;63kV;Essonne
LEVAL;LEVALLOIS;Poste de transformation;EN EXPLOITATION;225kV;Hauts-de-Seine
LICES;LICES (LES);Poste de transformation;EN EXPLOITATION;63kV;Var
LIEBV;LIEBVILLERS;Poste de transformation;EN EXPLOITATION;63kV;Doubs
LIERS;LIERS;Poste de transformation;EN EXPLOITATION;225kV;Essonne
LIGNA;LIGNAT;Poste de transformation;EN EXPLOITATION;225kV;Puy-de-Dôme
LIMON;LIMONY;Poste de transformation;EN EXPLOITATION;63kV;Loire
LINGU;LINGUET;Poste de transformation;EN EXPLOITATION;63kV;Marne
LISIE;LISIEUX;Poste de transformation;EN EXPLOITATION;90kV;Calvados
CONNE;CONNERRE;Poste de transformation;EN EXPLOITATION;90kV;Sarthe
CONTE;CONTES;Poste de transformation;EN EXPLOITATION;63kV;Alpes-Maritimes
CONVE;CONVENTION;Poste de transformation;EN EXPLOITATION;225kV;Hauts-de-Seine
CRAN;CRAN;Poste de transformation;EN EXPLOITATION;63kV;Haute-Savoie
CREC6;CRECHETS (LES);Poste de transformation;EN EXPLOITATION;225kV;Nord
CREYS;CREYS;Poste de transformation;EN EXPLOITATION;400kV;Isère
CROZO;CROZON;Poste de transformation;EN EXPLOITATION;63kV;Finistère
DANCE;DANCE (LA);Poste de transformation;EN EXPLOITATION;63kV;Haute-Saône
DENFE;DENFERT;Poste de transformation;EN EXPLOITATION;63kV;Paris
DIEUZ;DIEUZE;Poste de transformation;EN EXPLOITATION;63kV;Moselle
DOMFR;DOMFRONT;Poste de transformation;EN EXPLOITATION;90kV;Orne
DRUME;DRUMETTAZ;Poste de transformation;EN EXPLOITATION;63kV;Savoie
DUGNY;DUGNY;Poste de transformation;EN EXPLOITATION;63kV;Meuse
ENSIS;ENSISHEIM;Poste de transformation;EN EXPLOITATION;63kV;Haut-Rhin
ZALL7;PIQUAGE AUX ALLONGETS;Point de piquage;EN EXPLOITATION;225kV;
ZH.B5;PIQUAGE A HORNOY-LE-BOURG;Point de piquage;EN EXPLOITATION;225kV;Somme
VILLA;VILLARCEAU;Poste de transformation;ACCORD ADMINISTRATIF;225kV;Essonne
CHEV8;CHEVENE;Poste de transformation;EN EXPLOITATION;63kV;Haute-Savoie
LAVEY;LAVEYRUNE;Poste de transformation;EN EXPLOITATION;225kV;Lozère
ZMANG;PIQUAGE A MANGOT;Point de piquage;EN EXPLOITATION;225kV;Drôme
ZRQRE;PIQUAGE ROQUEREDONDE LIAISON BEDARZ31LAURA;Point de piquage;EN EXPLOITATION;63kV;Hérault
ZG.HA;PIQUAGE A GERBECOURT ET HAPLEMONT;Point de piquage;EN EXPLOITATION;225kV;Meurthe-et-Moselle
1B.E6;BELLE-ETOILE (STATION D EPURATION);Poste de transformation;EN EXPLOITATION;<45kV;Rhône
1LMA;LMA;Poste de transformation;EN EXPLOITATION;<45kV;Nord
1SOCA;SOCABU/PORT-JEROME;Poste de transformation;EN EXPLOITATION;<45kV;Seine-Maritime
1SSF5;ST-FONS /BELLE-ETOILE 10K;Poste de transformation;EN EXPLOITATION;<45kV;Rhône
1TRAP;TRAPIL /CORNEILLE 21KV;Poste de transformation;EN EXPLOITATION;<45kV;Seine-Maritime
A.LIG;ACHILLE LIGNON;Poste de transformation;EN EXPLOITATION;63kV;Rhône
A.THE;AX-LES-THERMES;Poste de transformation;EN EXPLOITATION;63kV;Ariège
ABBA5;ABBAYE (S.N.C.F.);Poste de transformation;EN EXPLOITATION;45kV;Haute-Savoie
AGASS;AGASSES (LES);Poste de transformation;EN EXPLOITATION;400kV;Gard
AIRE;AIRE;Poste de transformation;EN EXPLOITATION;90kV;Pas-de-Calais
ALB;A.L.B.;Poste de transformation;EN EXPLOITATION;63kV;Aisne
ALENC;ALENCON;Poste de transformation;EN EXPLOITATION;90kV;Orne
ALESI;ALESIA;Poste de transformation;EN EXPLOITATION;225kV;Paris
ALLE5;ALLEMENT (PORTIQUE);Poste de transformation;EN EXPLOITATION;63kV;Ain
ALLOU;ALLOUIS;Poste de transformation;EN EXPLOITATION;90kV;Cher
ALTEN;ALTENSTADT;Poste de transformation;EN EXPLOITATION;63kV;Bas-Rhin
ALTKI;ALTKIRCH;Poste de transformation;EN EXPLOITATION;63kV;Haut-Rhin
AMNEV;AMNEVILLE;Poste de transformation;EN EXPLOITATION;225kV;Moselle
ANCEL;ANCELPONT;Poste de transformation;EN EXPLOITATION;63kV;Lozère
ANGEL;ANGELIQUE;Poste de transformation;EN EXPLOITATION;90kV;Loiret
ANGLE;ANGLEFORT;Poste de transformation;EN EXPLOITATION;63kV;Ain
ARBOI;ARBOIS;Poste de transformation;EN EXPLOITATION;63kV;Jura
ARBRE;ARBRESLE (L );Poste de transformation;EN EXPLOITATION;63kV;Rhône
ARCHE;ARCHES;Poste de transformation;EN EXPLOITATION;63kV;Vosges
ARDO5;ARDOINES;Poste de transformation;EN EXPLOITATION;63kV;Val-de-Marne
ARDOI;ARDOISE (L );Poste de transformation;EN EXPLOITATION;225kV;Gard
ARGE5;ARGENTAT;Poste de transformation;EN EXPLOITATION;90kV;Corrèze
ARGIE;ARGIESANS;Poste de transformation;EN EXPLOITATION;225kV;Haute-Saône
ARLOD;ARLOD;Poste de transformation;EN EXPLOITATION;225kV;Ain
ARPEN;ARPENTS (LES);Poste de transformation;EN EXPLOITATION;225kV;Eure-et-Loir
ARSOT;ARSOT;Poste de transformation;EN EXPLOITATION;63kV;Territoire de Belfort
ARTEN;ARTENAY;Poste de transformation;EN EXPLOITATION;90kV;Eure-et-Loir
ARTIG;ARTIGUES;Poste de transformation;EN EXPLOITATION;63kV;Hautes-Pyrénées
ASNIE;ASNIERES;Poste de transformation;EN EXPLOITATION;63kV;Hauts-de-Seine
ATHEL;ATHELIA;Poste de transformation;EN EXPLOITATION;63kV;Bouches-du-Rhône
AUBAG;AUBAGNE;Poste de transformation;EN EXPLOITATION;63kV;Bouches-du-Rhône
AUBUS;AUBUSSON;Poste de transformation;EN EXPLOITATION;225kV;Creuse
AUDON;AUDON;Poste de transformation;EN EXPLOITATION;63kV;Landes
AUGUE;AUGUETTE;Poste de transformation;EN EXPLOITATION;225kV;
AULNO;AULNOYE;Poste de transformation;EN EXPLOITATION;225kV;Nord
AUNEA;AUNEAU;Poste de transformation;EN EXPLOITATION;90kV;Eure-et-Loir
AURIL;AURILLAC;Poste de transformation;EN EXPLOITATION;90kV;Cantal
AURIO;AURIOLLES;Poste de transformation;EN EXPLOITATION;63kV;Gironde
AUSTE;AUSTERLITZ;Poste de transformation;EN EXPLOITATION;225kV;Paris
AUVER;AUVERS-LE-HAMON;Poste de transformation;EN EXPLOITATION;90kV;Mayenne
AUZAN;AUZANCES;Poste de transformation;EN EXPLOITATION;63kV;Creuse
AVIG5;AVIGNONET;Poste de transformation;EN EXPLOITATION;63kV;Haute-Garonne
AVIG6;AVIGNON (C.N.R.);Poste de transformation;EN EXPLOITATION;225kV;Gard
AVIG7;AVIGNONET (CLIENT);Poste de transformation;EN EXPLOITATION;63kV;Haute-Garonne
AVIGN;AVIGNON (POSTE);Poste de transformation;EN EXPLOITATION;225kV;Gard
AVRIM;AVRIMA;Poste de transformation;EN EXPLOITATION;63kV;Meurthe-et-Moselle
B.CAR;BROC-CARROS (LE);Poste de transformation;EN EXPLOITATION;400kV;Alpes-Maritimes
B.CHA;BUTTES-CHAUMONT;Poste de transformation;EN EXPLOITATION;225kV;Paris
B.ETO;BELLE-ETOILE;Poste de transformation;EN EXPLOITATION;63kV;Rhône
B.HAM;BASSE-HAM;Poste de transformation;EN EXPLOITATION;225kV;Moselle
B.MAI;BELLE-DE-MAI;Poste de transformation;EN EXPLOITATION;225kV;
B.MAU;BOURG-ST-MAURICE;Poste de transformation;EN EXPLOITATION;63kV;Savoie
B.REN;BOIS-RENAUD;Poste de transformation;EN EXPLOITATION;90kV;Essonne
B20;B20;Poste de transformation;EN EXPLOITATION;63kV;Puy-de-Dôme
BAILL;BAILLEUL;Poste de transformation;EN EXPLOITATION;90kV;Nord
BARBU;BARBUISE;Poste de transformation;EN EXPLOITATION;225kV;Aube
BARNA;BARNABOS;Poste de transformation;EN EXPLOITATION;400kV;Seine-Maritime
BARP;BARP (LE);Poste de transformation;EN EXPLOITATION;225kV;Gironde
BASS5;BASSENS (CLIENT);Poste de transformation;EN EXPLOITATION;63kV;Gironde
BATEL;BATELIERS;Poste de transformation;EN EXPLOITATION;225kV;Hauts-de-Seine
BAYET;BAYET;Poste de transformation;EN EXPLOITATION;400kV;Allier
BAYON;BAYON;Poste de transformation;EN EXPLOITATION;63kV;Meurthe-et-Moselle
BAZEI;BAZEILLES;Poste de transformation;EN EXPLOITATION;63kV;Ardennes
BECHE;BECHE;Poste de transformation;EN EXPLOITATION;90kV;Corrèze
BELEM;BELEM;Poste de transformation;EN EXPLOITATION;63kV;Ariège
BELFR;BELFROY;Poste de transformation;EN EXPLOITATION;90kV;Maine-et-Loire
BELIC;BELICHE (LA);Poste de transformation;EN EXPLOITATION;63kV;Landes
BELIE;BELIET;Poste de transformation;EN EXPLOITATION;63kV;Gironde
BELLI;BELLIGNAT;Poste de transformation;EN EXPLOITATION;63kV;Ain
BENET;BENET;Poste de transformation;EN EXPLOITATION;90kV;Vendée
BERLI;BERLIOZ;Poste de transformation;EN EXPLOITATION;63kV;Val-de-Marne
BERTR;BERTRIC;Poste de transformation;EN EXPLOITATION;63kV;Dordogne
BETTI;BETTING;Poste de transformation;EN EXPLOITATION;63kV;Moselle
BEZIE;BEZIERS (S.N.C.F.);Poste de transformation;EN EXPLOITATION;63kV;Hérault
BILLA;BILLANCOURT;Poste de transformation;EN EXPLOITATION;63kV;Hauts-de-Seine
BIOGE;BIOGE;Poste de transformation;EN EXPLOITATION;63kV;Haute-Savoie
BISSO;BISSORTE;Poste de transformation;EN EXPLOITATION;63kV;Savoie
BLANZ;BLANZY;Poste de transformation;EN EXPLOITATION;63kV;Saône-et-Loire
BLO.N;BLOIS-NORD;Poste de transformation;EN EXPLOITATION;90kV;Loir-et-Cher
BLOCA;BLOCAUX;Poste de transformation;EN EXPLOITATION;225kV;Seine-Maritime
BLOTT;BLOTTEREAU;Poste de transformation;EN EXPLOITATION;63kV;Loire-Atlantique
BOCCA;BOCCA (LA);Poste de transformation;EN EXPLOITATION;225kV;Var
BOHAI;BOHAIN;Poste de transformation;EN EXPLOITATION;63kV;Aisne
BOIS;BOIS (LES);Poste de transformation;EN EXPLOITATION;63kV;Haute-Savoie
BOLOZ;BOLOZON;Poste de transformation;EN EXPLOITATION;63kV;Ain
BONIC;BONICHAUD;Poste de transformation;EN EXPLOITATION;90kV;Creuse
BONNI;BONNIERES;Poste de transformation;EN EXPLOITATION;225kV;Yvelines
BORIE;BORIETTE (LA);Poste de transformation;EN EXPLOITATION;90kV;Corrèze
BORNE;BORNEL;Poste de transformation;EN EXPLOITATION;63kV;Oise
BORNY;BORNY;Poste de transformation;EN EXPLOITATION;63kV;Moselle
BOUBL;BOUBLE (LA);Poste de transformation;EN EXPLOITATION;63kV;Puy-de-Dôme
BOUC5;BOUCHEIX (LE);Poste de transformation;EN EXPLOITATION;63kV;Puy-de-Dôme
BOUCA;BOUCAU (LE);Poste de transformation;EN EXPLOITATION;63kV;
BOUS5;BOUSSAC;Poste de transformation;EN EXPLOITATION;63kV;Creuse
BOUSS;BOUSSENS;Poste de transformation;EN EXPLOITATION;63kV;Haute-Garonne
BOUVE;BOUVESSE;Poste de transformation;EN EXPLOITATION;63kV;Isère
BOUZO;BOUZONVILLE;Poste de transformation;EN EXPLOITATION;63kV;Moselle
BRABO;BRABOIS;Poste de transformation;EN EXPLOITATION;63kV;Meurthe-et-Moselle
BRACH;BRACHAY;Poste de transformation;EN EXPLOITATION;63kV;Ain
BRADA;BRADASCOU (LE);Poste de transformation;EN EXPLOITATION;90kV;Corrèze
BRAM;BRAM;Poste de transformation;EN EXPLOITATION;63kV;Aude
BRANT;BRANTOME;Poste de transformation;EN EXPLOITATION;63kV;Dordogne
BRE.R;BREST RADE;Poste de transformation;EN EXPLOITATION;63kV;Finistère
BREIL;BREIL-SUR-ROYA;Poste de transformation;EN EXPLOITATION;63kV;Alpes-Maritimes
BRESS;BRESSUIRE;Poste de transformation;EN EXPLOITATION;90kV;Deux-Sèvres
BRET5;BRETEUIL;Poste de transformation;EN EXPLOITATION;63kV;Oise
BREU5;BREUIL;Poste de transformation;EN EXPLOITATION;225kV;Saône-et-Loire
BRIEC;BRIEC;Poste de transformation;EN EXPLOITATION;63kV;Finistère
BRIEN;BRIENNE;Poste de transformation;EN EXPLOITATION;63kV;Aube
BRODE;BRODE;Poste de transformation;EN EXPLOITATION;225kV;
BROU;BROU (BOURG-EN-BRESSE);Poste de transformation;EN EXPLOITATION;63kV;Ain
BROU5;BROU;Poste de transformation;EN EXPLOITATION;90kV;Eure-et-Loir
BRUCH;BRUCH;Poste de transformation;EN EXPLOITATION;63kV;Lot-et-Garonne
BRUNE;BRUNET;Poste de transformation;EN EXPLOITATION;63kV;Var
BRUNO;BRUNOY;Poste de transformation;EN EXPLOITATION;63kV;Essonne
BRUZ;BRUZ;Poste de transformation;EN EXPLOITATION;90kV;Ille-et-Vilaine
BUEIX;BUEIX;Poste de transformation;EN EXPLOITATION;90kV;Haute-Vienne
BUGEL;BUGELLERIE;Poste de transformation;EN EXPLOITATION;90kV;Vienne
BUSSA;BUSSAC;Poste de transformation;EN EXPLOITATION;90kV;Gironde
BVUE5;BELLEVUE (CLIENT);Poste de transformation;EN EXPLOITATION;90kV;Essonne
BXNE6;BEAUNE-;Poste de transformation;EN EXPLOITATION;90kV;Loiret
BXPLA;BEAUPLAISIR;Poste de transformation;EN EXPLOITATION;63kV;Landes
BXRE5;BEAUREGARD (THIONVILLE);Poste de transformation;EN EXPLOITATION;63kV;Moselle
BXREP;BEAUREPAIRE;Poste de transformation;EN EXPLOITATION;63kV;Drôme
BXVAL;BEAUVAL;Poste de transformation;EN EXPLOITATION;63kV;Seine-et-Marne
BXVO5;BEAUVOIR (BEAUVOIR-SUR-MER);Poste de transformation;EN EXPLOITATION;90kV;
BXVOI;BEAUVOIR (CHATTE);Poste de transformation;EN EXPLOITATION;63kV;Isère
BZBON;BOURBONNE;Poste de transformation;EN EXPLOITATION;63kV;Haute-Marne
C.AYG;CHAMP-DE-L AYGUES;Poste de transformation;EN EXPLOITATION;63kV;Ardèche
C.BAR;CHAPELLE DU BARD (LA);Poste de transformation;EN EXPLOITATION;63kV;Isère
C.BOI;CLICHY-SOUS-BOIS;Poste de transformation;EN EXPLOITATION;225kV;Seine-Saint-Denis
C.CAN;COLMAR-CANAL;Poste de transformation;EN EXPLOITATION;63kV;Haut-Rhin
C.CHA;CHAPELLE-DU-CHATELARD(LA);Poste de transformation;EN EXPLOITATION;63kV;Ain
C.HER;CLERMONT-L HERAULT;Poste de transformation;EN EXPLOITATION;63kV;Hérault
C.LAN;CHAMPIGNY-LES-LANGRES;Poste de transformation;EN EXPLOITATION;63kV;Haute-Marne
C.LOI;CHATEAUNEUF-SUR-LOIRE;Poste de transformation;EN EXPLOITATION;90kV;Loiret
CABA5;CABANES;Poste de transformation;EN EXPLOITATION;63kV;Aude
CABES;CABESTANY;Poste de transformation;EN EXPLOITATION;63kV;Pyrénées-Orientales
CADER;CADEROUSSE;Poste de transformation;EN EXPLOITATION;63kV;Gard
CAIL;CAIL;Poste de transformation;EN EXPLOITATION;150kV;Nord
CAMIL;CAMILLE;Poste de transformation;EN EXPLOITATION;90kV;
CAMP6;CAMPAGNE;Poste de transformation;EN EXPLOITATION;63kV;Dordogne
CARBO;CARBONNE;Poste de transformation;EN EXPLOITATION;63kV;Haute-Garonne
CARLA;CARLA;Poste de transformation;EN EXPLOITATION;63kV;Tarn
CAS.S;CASTRES-SUD;Poste de transformation;EN EXPLOITATION;63kV;Tarn
CASCA;CASCADEC;Poste de transformation;EN EXPLOITATION;63kV;Finistère
CATAR;CATAROUX;Poste de transformation;EN EXPLOITATION;63kV;Puy-de-Dôme
CATTE;CATTENOM;Poste de transformation;EN EXPLOITATION;400kV;Moselle
CAUSS;CAUSSADE;Poste de transformation;EN EXPLOITATION;63kV;Tarn-et-Garonne
CAZAL;CAZALIS;Poste de transformation;EN EXPLOITATION;63kV;Gironde
CAZAR;CAZARIL;Poste de transformation;EN EXPLOITATION;400kV;Hautes-Pyrénées
CAZAU;CAZAUX (ENEDIS);Poste de transformation;EN EXPLOITATION;63kV;Gironde
CAZE5;CAZERIE;Poste de transformation;EN EXPLOITATION;90kV;Seine-Maritime
CAZED;CAZEDARNES;Poste de transformation;EN EXPLOITATION;63kV;Hérault
CEBAZ;CEBAZAT;Poste de transformation;EN EXPLOITATION;63kV;Puy-de-Dôme
CELLE;CELLES;Poste de transformation;EN EXPLOITATION;63kV;Puy-de-Dôme
CERGY;CERGY;Poste de transformation;EN EXPLOITATION;400kV;Val-d'Oise
CERON;CERONS;Poste de transformation;EN EXPLOITATION;63kV;Gironde
CHAB5;CHABAUDS (LES);Poste de transformation;EN EXPLOITATION;63kV;Bouches-du-Rhône
CHABR;CHABRILLAN;Poste de transformation;EN EXPLOITATION;225kV;Drôme
CHAI5;CHAINEAU (LA);Poste de transformation;EN EXPLOITATION;90kV;Loir-et-Cher
CHAIN;CHAINGY;Poste de transformation;EN EXPLOITATION;400kV;Loiret
CHALO;CHALON;Poste de transformation;EN EXPLOITATION;225kV;Saône-et-Loire
CHAN7;CHANGY;Poste de transformation;EN EXPLOITATION;63kV;Loire
CHAR6;CHARLY;Poste de transformation;EN EXPLOITATION;63kV;Seine-et-Marne
CHARI;CHARIEZ;Poste de transformation;EN EXPLOITATION;63kV;Haute-Saône
CHARP;CHARPENAY;Poste de transformation;EN EXPLOITATION;400kV;Rhône
CHATI;CHATILLON (CLAMART);Poste de transformation;EN EXPLOITATION;225kV;Yvelines
CHAV6;CHAVANOD;Poste de transformation;EN EXPLOITATION;225kV;Haute-Savoie
CHAZE;CHAZEAU;Poste de transformation;EN EXPLOITATION;63kV;Nièvre
CHEMI;CHEMILLE;Poste de transformation;EN EXPLOITATION;90kV;Maine-et-Loire
CHERR;CHERRE;Poste de transformation;EN EXPLOITATION;90kV;Sarthe
CHEVR;CHEVRIL (LE);Poste de transformation;EN EXPLOITATION;63kV;Savoie
CHEYL;CHEYLARD (LE);Poste de transformation;EN EXPLOITATION;63kV;Ardèche
CINTE;CINTEGABELLE;Poste de transformation;EN EXPLOITATION;63kV;Haute-Garonne
CIOTA;CIOTAT (LA);Poste de transformation;EN EXPLOITATION;63kV;
CISSA;CISSAC;Poste de transformation;EN EXPLOITATION;225kV;Gironde
CIVRA;CIVRAY;Poste de transformation;EN EXPLOITATION;90kV;Deux-Sèvres
CLAME;CLAMECY;Poste de transformation;EN EXPLOITATION;63kV;Nièvre
CLUNY;CLUNY;Poste de transformation;EN EXPLOITATION;63kV;Saône-et-Loire
COGNA;COGNAC;Poste de transformation;EN EXPLOITATION;90kV;Charente
COIND;COINDRE;Poste de transformation;EN EXPLOITATION;90kV;Cantal
COL.O;COLMAR-OUEST;Poste de transformation;EN EXPLOITATION;63kV;Haut-Rhin
COLOM;COLOMBIERS;Poste de transformation;EN EXPLOITATION;90kV;Indre-et-Loire
COMM7;COMMERVEIL;Poste de transformation;EN EXPLOITATION;225kV;Sarthe
COMMA;COMMANDERIE (LA);Poste de transformation;EN EXPLOITATION;90kV;Indre-et-Loire
COMPI;COMPIEGNE;Poste de transformation;EN EXPLOITATION;225kV;Oise
COMTA;COMTAT;Poste de transformation;EN EXPLOITATION;63kV;Vaucluse
CONCA;CONCARNEAU;Poste de transformation;EN EXPLOITATION;225kV;Finistère
CONCE;CONCEPTION;Poste de transformation;EN EXPLOITATION;225kV;
CORDE;CORDEAC;Poste de transformation;EN EXPLOITATION;225kV;Isère
CORDY;CORDY;Poste de transformation;EN EXPLOITATION;90kV;Loir-et-Cher
CORN6;CORNIMONT;Poste de transformation;EN EXPLOITATION;63kV;Vosges
COSSI;COSSIGNY;Poste de transformation;EN EXPLOITATION;225kV;Seine-et-Marne
COUDO;COUDON (LE);Poste de transformation;EN EXPLOITATION;225kV;Var
COULE;COULEUVRE;Poste de transformation;EN EXPLOITATION;63kV;Allier
COUTR;COUTRAS;Poste de transformation;EN EXPLOITATION;90kV;Gironde
CPRAD;CHAMPRADET;Poste de transformation;EN EXPLOITATION;63kV;Puy-de-Dôme
CREZA;CREZANCY;Poste de transformation;EN EXPLOITATION;63kV;Aisne
CRIME;CRIMEE;Poste de transformation;EN EXPLOITATION;225kV;Hauts-de-Seine
CRIMO;CRIMOLOIS;Poste de transformation;EN EXPLOITATION;63kV;Côte-d'Or
CROIX;CROIX (LA);Poste de transformation;EN EXPLOITATION;225kV;Nord
CROUZ;CROUZET (LE);Poste de transformation;EN EXPLOITATION;225kV;Aveyron
CRUET;CRUET;Poste de transformation;EN EXPLOITATION;63kV;Ain
CSLLA;CASTELLANE;Poste de transformation;EN EXPLOITATION;150kV;Alpes-de-Haute-Provence
CUBRY;CUBRY (LE);Poste de transformation;EN EXPLOITATION;90kV;Marne
CXDAN;CHAUDANNE (LA);Poste de transformation;EN EXPLOITATION;150kV;Alpes-de-Haute-Provence
CXME;CHAUME (LA);Poste de transformation;EN EXPLOITATION;90kV;Indre
CXVIG;CHAUVIGNY;Poste de transformation;EN EXPLOITATION;90kV;Vienne
CZTHE;COURTHEZON;Poste de transformation;EN EXPLOITATION;63kV;Vaucluse
DALST;DALSTEIN;Poste de transformation;EN EXPLOITATION;63kV;Moselle
DAMVI;DAMVILLE;Poste de transformation;EN EXPLOITATION;90kV;Eure
DARDI;DARDILLY;Poste de transformation;EN EXPLOITATION;63kV;Rhône
DEGAG;DEGAGNAC (CLIENT);Poste de transformation;EN EXPLOITATION;63kV;Lot
DENAI;DENAIN;Poste de transformation;EN EXPLOITATION;63kV;Nord
DEOLS;DEOLS;Poste de transformation;EN EXPLOITATION;90kV;Indre
DESCA;DESCARTES;Poste de transformation;EN EXPLOITATION;90kV;Vienne
DIEP5;DIEPPEDALLE (ENEDIS);Poste de transformation;EN EXPLOITATION;90kV;Seine-Maritime
DIEPP;DIEPPE;Poste de transformation;EN EXPLOITATION;90kV;
DIRIN;DIRINON;Poste de transformation;EN EXPLOITATION;225kV;Finistère
DOBER;DOBERIE;Poste de transformation;EN EXPLOITATION;225kV;Côtes-d'Armor
DONZA;DONZAC;Poste de transformation;EN EXPLOITATION;400kV;Lot-et-Garonne
DOUDO;DOUDOYE;Poste de transformation;EN EXPLOITATION;63kV;Nièvre
DOUDR;DOUDRAC;Poste de transformation;EN EXPLOITATION;63kV;Lot-et-Garonne
DRANC;DRANCY;Poste de transformation;EN EXPLOITATION;225kV;Seine-Saint-Denis
DRULI;DRULINGEN;Poste de transformation;EN EXPLOITATION;63kV;Bas-Rhin
DUNIE;DUNIERES;Poste de transformation;EN EXPLOITATION;63kV;Haute-Loire
E.CIM;EBANGE-CIMENTERIE;Poste de transformation;EN EXPLOITATION;63kV;Moselle
ECOUF;ECOUFLANT;Poste de transformation;EN EXPLOITATION;90kV;Maine-et-Loire
ENSOL;ENSOLEILLE (L);Poste de transformation;EN EXPLOITATION;63kV;Bouches-du-Rhône
ENVAL;ENVAL;Poste de transformation;EN EXPLOITATION;225kV;Puy-de-Dôme
EPIN6;EPINAY;Poste de transformation;EN EXPLOITATION;90kV;Mayenne
ESCOU;ESCOULOUBRE;Poste de transformation;EN EXPLOITATION;63kV;Ariège
ESSEY;ESSEY (-LES-NANCY);Poste de transformation;EN EXPLOITATION;63kV;Meurthe-et-Moselle
ESTR5;ESTREES;Poste de transformation;EN EXPLOITATION;63kV;Oise
ETREP;ETREPAGNY;Poste de transformation;EN EXPLOITATION;63kV;Eure
ETUPE;ETUPES;Poste de transformation;EN EXPLOITATION;225kV;Doubs
EYLIE;EYLIE;Poste de transformation;EN EXPLOITATION;63kV;Ariège
EYSSE;EYSSELLE;Poste de transformation;EN EXPLOITATION;63kV;Bouches-du-Rhône
F.AUB;FLEURY-LES-AUBRAIS;Poste de transformation;EN EXPLOITATION;90kV;Loiret
F.CHA;FERE-CHAMPENOISE;Poste de transformation;EN EXPLOITATION;90kV;Marne
F.COM;FONTENAY-LE-COMTE;Poste de transformation;EN EXPLOITATION;90kV;Vendée
F.FRA;FOND-DE-FRANCE;Poste de transformation;EN EXPLOITATION;63kV;Isère
F.ROI;FERME DU ROI(LA);Poste de transformation;EN EXPLOITATION;90kV;Pas-de-Calais
FABIA;FABIAN;Poste de transformation;EN EXPLOITATION;63kV;Hautes-Pyrénées
FADE5;FADES (LES);Poste de transformation;EN EXPLOITATION;63kV;Puy-de-Dôme
FAIDH;FAIDHERBE;Poste de transformation;EN EXPLOITATION;225kV;Paris
FARG5;FARGES (LES);Poste de transformation;EN EXPLOITATION;63kV;Loire
FAVAR;FAVARY;Poste de transformation;EN EXPLOITATION;225kV;Bouches-du-Rhône
FECAM;FECAMP;Poste de transformation;EN EXPLOITATION;90kV;
FEIGN;FEIGNIES;Poste de transformation;EN EXPLOITATION;90kV;Nord
FIGEA;FIGEAC;Poste de transformation;EN EXPLOITATION;63kV;Lot
FINHA;FINHAN;Poste de transformation;EN EXPLOITATION;63kV;Tarn-et-Garonne
FITOU;FITOU (CLIENT);Poste de transformation;EN EXPLOITATION;63kV;Aude
FLAMB;FLAMBELLE (LA);Poste de transformation;EN EXPLOITATION;63kV;Haute-Garonne
FOIX;FOIX - (ENEDIS);Poste de transformation;EN EXPLOITATION;63kV;Ariège
FOIX5;FOIX (R.F.F.);Poste de transformation;EN EXPLOITATION;63kV;Ariège
FONCL;FONCLARE;Poste de transformation;EN EXPLOITATION;63kV;Hérault
FONT;FONT (LA);Poste de transformation;EN EXPLOITATION;225kV;Allier
FOUL5;FOULONNIERE;Poste de transformation;EN EXPLOITATION;90kV;Eure
FOULO;FOULONVAL;Poste de transformation;EN EXPLOITATION;90kV;Eure-et-Loir
FRASN;FRASNE;Poste de transformation;EN EXPLOITATION;400kV;Doubs
FREJU;FREJUS;Poste de transformation;EN EXPLOITATION;225kV;Var
FRENE;FRENEY;Poste de transformation;EN EXPLOITATION;63kV;Savoie
FROMA;FROMAINVILLE;Poste de transformation;EN EXPLOITATION;225kV;Yvelines
FROUA;FROUARD;Poste de transformation;EN EXPLOITATION;63kV;Meurthe-et-Moselle
FTAI8;FONTAINES (LES) (REGIE DE DREUX);Poste de transformation;EN EXPLOITATION;90kV;Eure-et-Loir
FTAN;FONTAN;Poste de transformation;EN EXPLOITATION;63kV;Alpes-Maritimes
FTENI;FONTENILLES;Poste de transformation;EN EXPLOITATION;63kV;Gers
FTGIE;FONTGIEVE;Poste de transformation;EN EXPLOITATION;63kV;Puy-de-Dôme
FTPIN;FONTPINQUET;Poste de transformation;EN EXPLOITATION;63kV;Dordogne
G.BAN;GIVORS-BANS;Poste de transformation;EN EXPLOITATION;225kV;Rhône
G.COT;GRISE-COTE;Poste de transformation;EN EXPLOITATION;63kV;Meurthe-et-Moselle
G.GRE;GRAND-GRES;Poste de transformation;EN EXPLOITATION;63kV;Gard
COSNI;COSNIERE (LA);Poste de transformation;EN EXPLOITATION;90kV;Loire-Atlantique
ZBETJ;PIQUAGE A BETJANOT;Point de piquage;EN EXPLOITATION;63kV;Lot-et-Garonne
ZJARR;PIQUAGE A LA JARRIE;Point de piquage;EN EXPLOITATION;90kV;Vendée
V.SEP;VILLERS-SAINT-SEPULCRE;Poste de transformation;EN EXPLOITATION;225kV;Oise
ROCBA;ROCBARON;Poste de transformation;EN EXPLOITATION;225kV;Var
M.RAD;MARAIS DE RADICATEL (LES);Poste de transformation;EN EXPLOITATION;225kV;Seine-Maritime
ZV.BE;PIQUAGE A VILLIERS LE BEL;Point de piquage;EN EXPLOITATION;225kV;Val-d'Oise
1ARRI;ARRIGHI /VITRY-NORD;Poste de transformation;EN EXPLOITATION;<45kV;Val-de-Marne
1CNRS;LNCMI-CNRS;Poste de transformation;EN EXPLOITATION;<45kV;Isère
1GUIL;GUILLOTIERE;Poste de transformation;EN EXPLOITATION;<45kV;Rhône
A.FEU;ACIERIES DE FEURS;Poste de transformation;EN EXPLOITATION;63kV;Loire
A.MER;ARGELES-SUR-MER;Poste de transformation;EN EXPLOITATION;63kV;Pyrénées-Orientales
A.VOU;ANCHE-VOULON;Poste de transformation;EN EXPLOITATION;90kV;Vienne
ABBAY;ABBAYE (GAZ ET ELECTRICITE DE GRENOBLE);Poste de transformation;EN EXPLOITATION;63kV;Isère
ABBEV;ABBEVILLE;Poste de transformation;EN EXPLOITATION;90kV;Somme
ABOND;ABONDANCE;Poste de transformation;EN EXPLOITATION;63kV;Haute-Savoie
ADELS;ADELSBERG;Poste de transformation;EN EXPLOITATION;63kV;Moselle
AGNEA;AGNEAUX;Poste de transformation;EN EXPLOITATION;90kV;Manche
AICIR;AICIRITS;Poste de transformation;EN EXPLOITATION;63kV;Pyrénées-Atlantiques
AIGLE;AIGLE (L );Poste de transformation;EN EXPLOITATION;225kV;Corrèze
AIGU6;AIGUEPERSE;Poste de transformation;EN EXPLOITATION;63kV;Puy-de-Dôme
AIGUI;AIGUILLON;Poste de transformation;EN EXPLOITATION;63kV;Lot-et-Garonne
AISER;AISEREY;Poste de transformation;EN EXPLOITATION;63kV;Côte-d'Or
ALLEM;ALLEMENT;Poste de transformation;EN EXPLOITATION;63kV;Ain
ALLO5;ALLONNES;Poste de transformation;EN EXPLOITATION;90kV;Sarthe
ALMA;ALMA;Poste de transformation;EN EXPLOITATION;225kV;Hauts-de-Seine
ALSAC;ALSACE;Poste de transformation;EN EXPLOITATION;225kV;Hauts-de-Seine
ALTOR;ALTORF;Poste de transformation;EN EXPLOITATION;63kV;Bas-Rhin
AMARI;AMARIN;Poste de transformation;EN EXPLOITATION;63kV;Haut-Rhin
AMBON;AMBON;Poste de transformation;EN EXPLOITATION;63kV;Morbihan
AMPER;AMPERE (SAINT-DENIS);Poste de transformation;EN EXPLOITATION;225kV;Hauts-de-Seine
AMPUI;AMPUIS;Poste de transformation;EN EXPLOITATION;63kV;Rhône
ANCEN;ANCENIS;Poste de transformation;EN EXPLOITATION;90kV;Loire-Atlantique
ANDE5;ANDELYS (LES);Poste de transformation;EN EXPLOITATION;90kV;Eure
ANGRE;ANGRESSE;Poste de transformation;EN EXPLOITATION;63kV;Landes
ANSTA;ANSTAING;Poste de transformation;EN EXPLOITATION;90kV;Nord
AQUED;AQUEDUCS (LES);Poste de transformation;EN EXPLOITATION;225kV;Essonne
ARBI1;ARBINE 1;Poste de transformation;EN EXPLOITATION;45kV;Savoie
ARC18;ARC 1800;Poste de transformation;EN EXPLOITATION;63kV;Savoie
ARCHI;ARCHINGEAY;Poste de transformation;EN EXPLOITATION;90kV;Charente-Maritime
ARGE8;ARGENTAN;Poste de transformation;EN EXPLOITATION;90kV;Orne
ARGEN;ARGENTIERE (L);Poste de transformation;EN EXPLOITATION;150kV;Hautes-Alpes
ARJOM;ARJOMARI;Poste de transformation;EN EXPLOITATION;90kV;Sarthe
ARLAN;ARLANDE (L );Poste de transformation;EN EXPLOITATION;63kV;Savoie
ARLES;ARLES;Poste de transformation;EN EXPLOITATION;63kV;Bouches-du-Rhône
ARMON;ARMONVILLE;Poste de transformation;EN EXPLOITATION;90kV;Eure-et-Loir
ARNOU;ARNOULT;Poste de transformation;EN EXPLOITATION;90kV;Charente-Maritime
ARPAJ;ARPAJON;Poste de transformation;EN EXPLOITATION;90kV;Essonne
ARRE5;ARREAU;Poste de transformation;EN EXPLOITATION;63kV;Hautes-Pyrénées
ARRIO;ARRIOSSE;Poste de transformation;EN EXPLOITATION;63kV;Landes
ARRIV;ARRIVAUX (LES);Poste de transformation;EN EXPLOITATION;63kV;Isère
ARRO5;ARROUX;Poste de transformation;EN EXPLOITATION;63kV;Saône-et-Loire
ARVER;ARVERT;Poste de transformation;EN EXPLOITATION;90kV;Charente-Maritime
ARVIE;ARVIEU;Poste de transformation;EN EXPLOITATION;63kV;Aveyron
ASTUR;ASTURIES;Poste de transformation;EN EXPLOITATION;225kV;Pas-de-Calais
AUBE;AUBE;Poste de transformation;EN EXPLOITATION;225kV;Orne
AUBRI;AUBRIVES;Poste de transformation;EN EXPLOITATION;63kV;Meurthe-et-Moselle
AULN5;AULNAY;Poste de transformation;EN EXPLOITATION;90kV;Charente-Maritime
AURI5;AURIOL;Poste de transformation;EN EXPLOITATION;63kV;Bouches-du-Rhône
AURIA;AURIAC;Poste de transformation;EN EXPLOITATION;63kV;Pyrénées-Atlantiques
AUVIL;AUVILLIERS;Poste de transformation;EN EXPLOITATION;90kV;Loiret
AUXON;AUXONNE;Poste de transformation;EN EXPLOITATION;63kV;Côte-d'Or
AVEIL;AVEILLANS (LES);Poste de transformation;EN EXPLOITATION;63kV;Pyrénées-Orientales
AVENI;AVENIR;Poste de transformation;EN EXPLOITATION;225kV;Seine-Saint-Denis
AYDES;AYDES (LES);Poste de transformation;EN EXPLOITATION;90kV;Loiret
B.AIR;BEL-AIR;Poste de transformation;EN EXPLOITATION;63kV;Aveyron
B.CEZ;BAGNOLS-SUR-CEZE;Poste de transformation;EN EXPLOITATION;63kV;Gard
B.DA5;BAN LA DAME;Poste de transformation;EN EXPLOITATION;63kV;Meurthe-et-Moselle
B.DUC;BAR-LE-DUC;Poste de transformation;EN EXPLOITATION;63kV;Meuse
B.GES;BOULOGNE-SUR-GESSE;Poste de transformation;EN EXPLOITATION;63kV;Hautes-Pyrénées
B.LAM;BORDERES-ET-LAMENSANS;Poste de transformation;EN EXPLOITATION;63kV;Landes
B.RON;BUISSON-ROND;Poste de transformation;EN EXPLOITATION;63kV;Savoie
B.VER;BOIS VERT;Poste de transformation;EN EXPLOITATION;63kV;Haute-Garonne
BABLO;BABLONS (LES);Poste de transformation;EN EXPLOITATION;90kV;Marne
BAIXA;BAIXAS;Poste de transformation;EN EXPLOITATION;400kV;Pyrénées-Orientales
BAJAT;BAJATIERE;Poste de transformation;EN EXPLOITATION;63kV;Isère
BANNA;BANNALEC;Poste de transformation;EN EXPLOITATION;63kV;Finistère
BARAL;BARALET;Poste de transformation;EN EXPLOITATION;63kV;Pyrénées-Atlantiques
BARAQ;BARAQUEVILLE;Poste de transformation;EN EXPLOITATION;63kV;Aveyron
BARBO;BARBOTAN;Poste de transformation;EN EXPLOITATION;63kV;Landes
BARCE;BARCELONNETTE;Poste de transformation;EN EXPLOITATION;63kV;Alpes-de-Haute-Provence
BARJA;BARJAC;Poste de transformation;EN EXPLOITATION;225kV;Ardèche
BARR6;BARROIR;Poste de transformation;EN EXPLOITATION;63kV;Oise
BASIN;BASIN;Poste de transformation;EN EXPLOITATION;63kV;Marne
BASS6;BASSIGNY;Poste de transformation;EN EXPLOITATION;63kV;Haute-Marne
BATAV;BATAVIA;Poste de transformation;EN EXPLOITATION;90kV;Pas-de-Calais
BATHI;BATHIE (LA);Poste de transformation;EN EXPLOITATION;400kV;Savoie
BATIG;BATIGNOLLES;Poste de transformation;EN EXPLOITATION;225kV;Hauts-de-Seine
BATIL;BATILLY;Poste de transformation;EN EXPLOITATION;63kV;Meurthe-et-Moselle
BAYAR;BAYARD;Poste de transformation;EN EXPLOITATION;63kV;Haute-Marne
BEGL5;BEGLES (CLIENT);Poste de transformation;EN EXPLOITATION;63kV;Gironde
BEGLE;BEGLES;Poste de transformation;EN EXPLOITATION;63kV;Gironde
BENOD;BENODET;Poste de transformation;EN EXPLOITATION;63kV;
BERG9;BERGE;Poste de transformation;EN EXPLOITATION;225kV;Landes
BERMO;BERMONTS;Poste de transformation;EN EXPLOITATION;63kV;Savoie
BERT;BERT;Poste de transformation;EN EXPLOITATION;63kV;Oise
BESSE;BESSEGES;Poste de transformation;EN EXPLOITATION;63kV;Gard
BEZAU;BEZAUMONT;Poste de transformation;EN EXPLOITATION;400kV;Meurthe-et-Moselle
BISC6;BISCARRAT;Poste de transformation;EN EXPLOITATION;225kV;Gard
BISCA;BISCARROSSE;Poste de transformation;EN EXPLOITATION;63kV;
BIZAN;BIZANOS;Poste de transformation;EN EXPLOITATION;63kV;Pyrénées-Atlantiques
BIZET;BIZETTE;Poste de transformation;EN EXPLOITATION;90kV;Loiret
BLA.N;BLAGNAC-NORD;Poste de transformation;EN EXPLOITATION;63kV;Haute-Garonne
BLANC;BLANCHARDIERE;Poste de transformation;EN EXPLOITATION;90kV;Maine-et-Loire
BLANQ;BLANQUEFORT (S.N.C.F.);Poste de transformation;EN EXPLOITATION;63kV;Gironde
BLARI;BLARINGHEM;Poste de transformation;EN EXPLOITATION;90kV;Pas-de-Calais
BLAYA;BLAYAIS (LE);Poste de transformation;EN EXPLOITATION;400kV;
BLERE;BLERE;Poste de transformation;EN EXPLOITATION;90kV;Indre-et-Loire
BOE;BOE;Poste de transformation;EN EXPLOITATION;63kV;Lot-et-Garonne
BOIS5;BOISSEUIL;Poste de transformation;EN EXPLOITATION;90kV;Charente-Maritime
BOIST;BOISTHOREL;Poste de transformation;EN EXPLOITATION;90kV;Orne
BOLO5;BOLOGNE (PORTIQUE);Poste de transformation;EN EXPLOITATION;63kV;Haute-Marne
BONN6;BONNEAU;Poste de transformation;EN EXPLOITATION;225kV;Vienne
BONN8;BONNEVILLE;Poste de transformation;EN EXPLOITATION;63kV;Haute-Savoie
BOUC6;BOUCHAUD (LE);Poste de transformation;EN EXPLOITATION;63kV;Jura
BOUHE;BOUHET (LE);Poste de transformation;EN EXPLOITATION;63kV;Hautes-Pyrénées
BOURG;BOURG (LE);Poste de transformation;EN EXPLOITATION;90kV;Loir-et-Cher
BOUSC;BOUSCAT;Poste de transformation;EN EXPLOITATION;225kV;Gironde
BRAUD;BRAUD;Poste de transformation;EN EXPLOITATION;400kV;
BRIAR;BRIARE;Poste de transformation;EN EXPLOITATION;90kV;Loiret
BRICH;BRICHE (LA);Poste de transformation;EN EXPLOITATION;225kV;Val-d'Oise
BRIDO;BRIDOIRE (LA);Poste de transformation;EN EXPLOITATION;63kV;Isère
BROUZ;BROUZEN;Poste de transformation;EN EXPLOITATION;63kV;Gard
BRUFF;BRUFFIERE;Poste de transformation;EN EXPLOITATION;90kV;Vendée
BRUGE;BRUGES;Poste de transformation;EN EXPLOITATION;225kV;Gironde
BRUNN;BRUNNENWASSER;Poste de transformation;EN EXPLOITATION;225kV;Bas-Rhin
BRUYE;BRUYERES (LES);Poste de transformation;EN EXPLOITATION;63kV;Meurthe-et-Moselle
BUIRE;BUIRE;Poste de transformation;EN EXPLOITATION;225kV;Aisne
BURCI;BURCIN;Poste de transformation;EN EXPLOITATION;63kV;Isère
BUSSI;BUSSIERES;Poste de transformation;EN EXPLOITATION;63kV;Loire
BXLIN;BEAULIN;Poste de transformation;EN EXPLOITATION;90kV;Vienne
BXRE6;BEAUREGARD (SAINT-LAURENT-NOUAN);Poste de transformation;EN EXPLOITATION;225kV;Loir-et-Cher
BXSOL;BEAUSOLEIL;Poste de transformation;EN EXPLOITATION;63kV;Alpes-Maritimes
BXVAI;BEAUVAIS;Poste de transformation;EN EXPLOITATION;63kV;Oise
BZNIL;BOURNILLON;Poste de transformation;EN EXPLOITATION;63kV;Isère
C.AIG;CHAUDES AIGUES;Poste de transformation;EN EXPLOITATION;63kV;Cantal
C.CH5;CONDAMINE-CHATELARD;Poste de transformation;EN EXPLOITATION;63kV;Alpes-de-Haute-Provence
C.CHI;CHATEAU-CHINON;Poste de transformation;EN EXPLOITATION;63kV;Nièvre
C.FEU;CHAMBON-FEUGEROLLES;Poste de transformation;EN EXPLOITATION;63kV;Loire
C.FON;CLAIRE-FONTAINE;Poste de transformation;EN EXPLOITATION;225kV;Sarthe
C.FOU;CHAMP-FOURNIER;Poste de transformation;EN EXPLOITATION;63kV;Saône-et-Loire
C.FRA;CIMENTS-FRANCAIS;Poste de transformation;EN EXPLOITATION;63kV;Gard
C.GIB;CROIX GIBAT (LA);Poste de transformation;EN EXPLOITATION;63kV;Côtes-d'Armor
C.LAR;CONDAT-LE-LARDIN (STE ANON.PAPETERIES DE CONDAT);Poste de transformation;EN EXPLOITATION;90kV;Dordogne
C.LEM;CARDINAL-LEMOINE;Poste de transformation;EN EXPLOITATION;225kV;Paris
C.RHO;CHATEAUNEUF-DU-RHONE;Poste de transformation;EN EXPLOITATION;225kV;Ardèche
CABAN;CABAN;Poste de transformation;EN EXPLOITATION;225kV;Bouches-du-Rhône
CADAL;CADALLES (LES);Poste de transformation;EN EXPLOITATION;63kV;Ain
CADAR;CADARACHE;Poste de transformation;EN EXPLOITATION;63kV;Bouches-du-Rhône
CAILL;CAILLY;Poste de transformation;EN EXPLOITATION;90kV;Seine-Maritime
CALAI;CALAIS;Poste de transformation;EN EXPLOITATION;90kV;Pas-de-Calais
CAMBR;CAMBRAI;Poste de transformation;EN EXPLOITATION;63kV;Nord
CAMON;CAMON;Poste de transformation;EN EXPLOITATION;63kV;Haute-Garonne
CAMP5;CAMPAN;Poste de transformation;EN EXPLOITATION;63kV;Hautes-Pyrénées
CAMPA;CAMPAGNAC;Poste de transformation;EN EXPLOITATION;63kV;Aveyron
CAMPE;CAMPEAUX (LES);Poste de transformation;EN EXPLOITATION;90kV;Seine-Maritime
CANAL;CANAL;Poste de transformation;EN EXPLOITATION;90kV;Seine-Maritime
CANT5;CANTEGRIT WEYERHAUSER;Poste de transformation;EN EXPLOITATION;63kV;Landes
CAPEY;CAPEY;Poste de transformation;EN EXPLOITATION;63kV;Oise
CARAB;CARABINS (LES);Poste de transformation;EN EXPLOITATION;63kV;Ardennes
CARLO;CARLO;Poste de transformation;EN EXPLOITATION;63kV;Alpes-Maritimes
CARME;CARMES (LES);Poste de transformation;EN EXPLOITATION;90kV;Loiret
CARPO;CARPONT;Poste de transformation;EN EXPLOITATION;63kV;Côtes-d'Armor
CARR5;CARRES(LES);Poste de transformation;EN EXPLOITATION;225kV;Essonne
CARVI;CARVIN;Poste de transformation;EN EXPLOITATION;90kV;Pas-de-Calais
CASTO;CASTOR;Poste de transformation;EN EXPLOITATION;63kV;Somme
CATEN;CATENOY;Poste de transformation;EN EXPLOITATION;63kV;Oise
CAUDI;CAUDIERE;Poste de transformation;EN EXPLOITATION;90kV;
CAUMO;CAUMONT-LEVENTE;Poste de transformation;EN EXPLOITATION;90kV;Manche
CAVEL;CAVELL;Poste de transformation;EN EXPLOITATION;63kV;Val-de-Marne
CBERY;CHAMBERY;Poste de transformation;EN EXPLOITATION;63kV;Savoie
CERNA;CERNAY;Poste de transformation;EN EXPLOITATION;225kV;Marne
CESSO;CESSON (CLIENT);Poste de transformation;EN EXPLOITATION;90kV;Ille-et-Vilaine
CHABA;CHABANAIS;Poste de transformation;EN EXPLOITATION;90kV;Charente
CHABO;CHABOSSIERE (LA);Poste de transformation;EN EXPLOITATION;225kV;Loire-Atlantique
CHAGN;CHAGNY;Poste de transformation;EN EXPLOITATION;63kV;Côte-d'Or
CHALL;CHALLANS;Poste de transformation;EN EXPLOITATION;90kV;Vendée
CHAN5;CHANCEAUX;Poste de transformation;EN EXPLOITATION;400kV;Indre-et-Loire
CHARL;CHARLIEU;Poste de transformation;EN EXPLOITATION;63kV;Loire
CHAT7;CHATILLON (-SUR INDRE);Poste de transformation;EN EXPLOITATION;90kV;Indre
CHESN;CHESNOY (LE);Poste de transformation;EN EXPLOITATION;400kV;Seine-et-Marne
CHEVA;CHEVALET;Poste de transformation;EN EXPLOITATION;400kV;Pas-de-Calais
CHEZY;CHEZY;Poste de transformation;EN EXPLOITATION;63kV;Aisne
CHIN2;CHINON B;Poste de transformation;EN EXPLOITATION;400kV;Indre-et-Loire
CHOO2;CHOOZ B;Poste de transformation;EN EXPLOITATION;400kV;Ardennes
CHOUY;CHOUY;Poste de transformation;EN EXPLOITATION;63kV;Aisne
CIVAU;CIVAUX;Poste de transformation;EN EXPLOITATION;400kV;Vienne
CIVRI;CIVRIEUX;Poste de transformation;EN EXPLOITATION;63kV;Rhône
CLONA;CLONAS;Poste de transformation;EN EXPLOITATION;63kV;Loire
CNNAY;CHANTENAY;Poste de transformation;EN EXPLOITATION;63kV;Loire-Atlantique
COARR;COARRAZE;Poste de transformation;EN EXPLOITATION;63kV;Pyrénées-Atlantiques
COL;COL (LE);Poste de transformation;EN EXPLOITATION;150kV;Savoie
COLAY;COLAYRAC;Poste de transformation;EN EXPLOITATION;225kV;Lot-et-Garonne
COLUM;COLUMEAUX (LES);Poste de transformation;EN EXPLOITATION;90kV;Loiret
COMMU;COMMUNE;Poste de transformation;EN EXPLOITATION;225kV;Saône-et-Loire
CONDO;CONDOM;Poste de transformation;EN EXPLOITATION;63kV;Gers
CONT5;CONTRISSON;Poste de transformation;EN EXPLOITATION;63kV;Meuse
CORD5;CORDEMAIS;Poste de transformation;EN EXPLOITATION;400kV;Loire-Atlantique
CORDI;CORDIEU;Poste de transformation;EN EXPLOITATION;90kV;Orne
CORME;CORMEILLES;Poste de transformation;EN EXPLOITATION;225kV;Yvelines
COUBE;COUBERT;Poste de transformation;EN EXPLOITATION;225kV;Seine-et-Marne
COUDE;COUDEKERQUE;Poste de transformation;EN EXPLOITATION;90kV;Nord
COUGN;COUGNALA;Poste de transformation;EN EXPLOITATION;63kV;Landes
COURS;COURS;Poste de transformation;EN EXPLOITATION;63kV;Loire
CPFLE;CHAMPFLEURY (E.D.F. ET S.N.C.F);Poste de transformation;EN EXPLOITATION;63kV;Gard
CPNY;CHAMPAGNY;Poste de transformation;EN EXPLOITATION;63kV;Savoie
CPVAN;CHAMPVANS;Poste de transformation;EN EXPLOITATION;225kV;Côte-d'Or
CPVER;CHAMPVERT;Poste de transformation;EN EXPLOITATION;63kV;Nièvre
CRETA;CRETAINE;Poste de transformation;EN EXPLOITATION;225kV;Hauts-de-Seine
CREUL;CREULLY;Poste de transformation;EN EXPLOITATION;90kV;Calvados
CREVE;CREVECOEUR;Poste de transformation;EN EXPLOITATION;63kV;Seine-et-Marne
CRIQU;CRIQUET;Poste de transformation;EN EXPLOITATION;90kV;Seine-Maritime
CSLNA;CASTELNAU;Poste de transformation;EN EXPLOITATION;63kV;Aveyron
CTLUS;CHATELUS;Poste de transformation;EN EXPLOITATION;90kV;Creuse
CUDRA;CUDRAZ;Poste de transformation;EN EXPLOITATION;63kV;Savoie
CUPER;CUPERLY;Poste de transformation;EN EXPLOITATION;225kV;Marne
CURTI;CURTIL;Poste de transformation;EN EXPLOITATION;225kV;Saône-et-Loire
CUSSE;CUSSET-HYDRAULIQUE;Poste de transformation;EN EXPLOITATION;63kV;Rhône
CXCON;CHAUCONIN;Poste de transformation;EN EXPLOITATION;63kV;Seine-et-Marne
CXSSE;CHAUSSEE (LA);Poste de transformation;EN EXPLOITATION;225kV;Marne
CZBAI;COURBAISSE (LA);Poste de transformation;EN EXPLOITATION;63kV;Alpes-Maritimes
CZBES;COURBESSAC;Poste de transformation;EN EXPLOITATION;63kV;Gard
CZEGE;COUREGES;Poste de transformation;EN EXPLOITATION;63kV;Vaucluse
CZTIN;COURTINE;Poste de transformation;EN EXPLOITATION;63kV;Gard
D.BUR;DAMPIERRE-EN-BURLY;Poste de transformation;EN EXPLOITATION;400kV;Loiret
DAVID;DAVID;Poste de transformation;EN EXPLOITATION;63kV;Essonne
DIGOI;DIGOIN;Poste de transformation;EN EXPLOITATION;63kV;Saône-et-Loire
DOMB5;DOMBASLE (COGENERATEUR ELYO);Poste de transformation;EN EXPLOITATION;63kV;Meurthe-et-Moselle
DONGE;DONGES;Poste de transformation;EN EXPLOITATION;63kV;Loire-Atlantique
DONJO;DONJON (LE);Poste de transformation;EN EXPLOITATION;63kV;Allier
DONZE;DONZENAC;Poste de transformation;EN EXPLOITATION;225kV;Corrèze
DOUV6;DOUVRES;Poste de transformation;EN EXPLOITATION;90kV;Calvados
DOUVR;DOUVRIN;Poste de transformation;EN EXPLOITATION;225kV;Pas-de-Calais
DRAGU;DRAGUIGNAN;Poste de transformation;EN EXPLOITATION;63kV;Var
DREUX;DREUX;Poste de transformation;EN EXPLOITATION;90kV;Eure-et-Loir
DRONN;DRONNIERE (LA);Poste de transformation;EN EXPLOITATION;225kV;Calvados
DUN;DUN;Poste de transformation;EN EXPLOITATION;90kV;Cher
DURRE;DURRE (LA);Poste de transformation;EN EXPLOITATION;63kV;Allier
E.CL5;EAUX CLAIRES;Poste de transformation;EN EXPLOITATION;90kV;Charente
E.LES;EYGUN-LESCUN;Poste de transformation;EN EXPLOITATION;63kV;Pyrénées-Atlantiques
E.REF;ELECTRO-REFRACTAIRE;Poste de transformation;EN EXPLOITATION;63kV;Gard
E.SOL;EBANGE-SOLLAC;Poste de transformation;EN EXPLOITATION;63kV;Moselle
ECOMM;ECOMMOY;Poste de transformation;EN EXPLOITATION;90kV;Sarthe
EGLAN;EGLANTIER;Poste de transformation;EN EXPLOITATION;63kV;Seine-et-Marne
EGLET;EGLETONS;Poste de transformation;EN EXPLOITATION;90kV;Corrèze
ELANC;ELANCOURT (ANNEXE GMR SUD OUEST);Poste de transformation;EN EXPLOITATION;225kV;Yvelines
ENCHA;ENCHANET;Poste de transformation;EN EXPLOITATION;225kV;Corrèze
ENNER;ENNERY;Poste de transformation;EN EXPLOITATION;63kV;Moselle
ENTRA;ENTRAIGUES;Poste de transformation;EN EXPLOITATION;63kV;Var
ENVER;ENVERMEU;Poste de transformation;EN EXPLOITATION;90kV;Seine-Maritime
EPINA;EPINAC;Poste de transformation;EN EXPLOITATION;63kV;Saône-et-Loire
EPN;E.P.N.;Poste de transformation;EN EXPLOITATION;90kV;Seine-Maritime
ESTAI;ESTAIRES;Poste de transformation;EN EXPLOITATION;90kV;Nord
ESTER;ESTERRE;Poste de transformation;EN EXPLOITATION;63kV;Hautes-Pyrénées
ESTIV;ESTIVAUX;Poste de transformation;EN EXPLOITATION;90kV;Corrèze
ETAB5;ETABLES;Poste de transformation;EN EXPLOITATION;63kV;Gironde
ETANG;ETANG (L)(CLIENT);Poste de transformation;EN EXPLOITATION;63kV;
EVRO2;EVRON 2;Poste de transformation;EN EXPLOITATION;90kV;Mayenne
EYBEN;EYBENS;Poste de transformation;EN EXPLOITATION;225kV;Isère
EYGLI;EYGLIERS;Poste de transformation;EN EXPLOITATION;63kV;Hautes-Alpes
EYRAN;EYRANS;Poste de transformation;EN EXPLOITATION;63kV;Gironde
F.ABE;FORGES-D ABEL;Poste de transformation;EN EXPLOITATION;63kV;
F.IRA;FONT D IRAC;Poste de transformation;EN EXPLOITATION;63kV;Gard
F.MON;FAUX-LA-MONTAGNE;Poste de transformation;EN EXPLOITATION;90kV;Haute-Vienne
F.VER;FIRMINY-VERT;Poste de transformation;EN EXPLOITATION;63kV;Haute-Loire
FACT5;CELLULOSE (FACTURE);Poste de transformation;EN EXPLOITATION;63kV;Gironde
FANAU;FANAUDES;Poste de transformation;EN EXPLOITATION;225kV;Val-d'Oise
FARGE;FARGEAS;Poste de transformation;EN EXPLOITATION;90kV;Haute-Vienne
FERE;FERE(-EN-TARDENOIS);Poste de transformation;EN EXPLOITATION;63kV;Aisne
FESSE;FESSENHEIM (CENTRALE HYDRAULIQUE);Poste de transformation;EN EXPLOITATION;225kV;Haut-Rhin
FEYZ5;FEYZIN (PORTIQUE);Poste de transformation;EN EXPLOITATION;63kV;Rhône
FLEVI;FLEVILLE;Poste de transformation;EN EXPLOITATION;63kV;Ardennes
FOCH;FOCH;Poste de transformation;EN EXPLOITATION;225kV;Hauts-de-Seine
FORTA;FORTAIE (LA);Poste de transformation;EN EXPLOITATION;63kV;Loiret
FOUG5;FOUGEROLLES;Poste de transformation;EN EXPLOITATION;63kV;Haute-Saône
G.MOT;GENERAL-MOTORS;Poste de transformation;EN EXPLOITATION;63kV;Bas-Rhin
G.VER;GRAND-VERGER;Poste de transformation;EN EXPLOITATION;63kV;Savoie
GALEJ;GALEJON;Poste de transformation;EN EXPLOITATION;63kV;Bouches-du-Rhône
GARDI;GARDIOLE (COURNONTERRAL);Poste de transformation;EN EXPLOITATION;63kV;Hérault
GAVOT;GAVOTTE (LA);Poste de transformation;EN EXPLOITATION;63kV;Bouches-du-Rhône
GAZ;GAZ;Poste de transformation;EN EXPLOITATION;63kV;Seine-et-Marne
GENAS;GENAS;Poste de transformation;EN EXPLOITATION;63kV;Rhône
GENIT;GENITOY;Poste de transformation;EN EXPLOITATION;225kV;Seine-et-Marne
GEX;GEX;Poste de transformation;EN EXPLOITATION;63kV;Ain
GIROM;GIROMAGNY;Poste de transformation;EN EXPLOITATION;63kV;Territoire de Belfort
GISSE;GISSEY;Poste de transformation;EN EXPLOITATION;63kV;Côte-d'Or
GLONV;GLONVILLE;Poste de transformation;EN EXPLOITATION;63kV;Meurthe-et-Moselle
GOLIN;GOLINHAC;Poste de transformation;EN EXPLOITATION;225kV;Aveyron
GONCE;GONCELIN;Poste de transformation;EN EXPLOITATION;63kV;Isère
GONES;GONESSE;Poste de transformation;EN EXPLOITATION;225kV;Val-d'Oise
GORRE;GORRE (SMURFIT KAPPA);Poste de transformation;EN EXPLOITATION;90kV;Charente
GORRO;GORRON;Poste de transformation;EN EXPLOITATION;90kV;Mayenne
GOSNA;GOSNAY;Poste de transformation;EN EXPLOITATION;90kV;Pas-de-Calais
GOSNE;GOSNE;Poste de transformation;EN EXPLOITATION;90kV;Ille-et-Vilaine
GOUD5;GOUDOUNECHE (ISOROY A USSEL);Poste de transformation;EN EXPLOITATION;90kV;Corrèze
GRABE;GRABES;Poste de transformation;EN EXPLOITATION;150kV;Hautes-Pyrénées
GRAN6;GRANGENT;Poste de transformation;EN EXPLOITATION;63kV;Loire
GRENA;GRENAY;Poste de transformation;EN EXPLOITATION;225kV;Rhône
GUEBW;GUEBWILLER;Poste de transformation;EN EXPLOITATION;225kV;Haut-Rhin
GUERL;GUERLEDAN;Poste de transformation;EN EXPLOITATION;63kV;Morbihan
GUEU5;GUEUGNON (CLIENT);Poste de transformation;EN EXPLOITATION;63kV;Saône-et-Loire
GUEZE;GUEZENNEC;Poste de transformation;EN EXPLOITATION;63kV;Côtes-d'Armor
GUICH;GUICHE;Poste de transformation;EN EXPLOITATION;63kV;Landes
GUIDE;GUIDEL;Poste de transformation;EN EXPLOITATION;63kV;Finistère
GUIL5;GUILHERAND;Poste de transformation;EN EXPLOITATION;63kV;Ardèche
H.JAC;HAYANGE-ST-JACQUES;Poste de transformation;EN EXPLOITATION;63kV;Moselle
H.PUI;HAYE-DU-PUITS (LA);Poste de transformation;EN EXPLOITATION;90kV;Manche
HAGU5;HAGUENAU;Poste de transformation;EN EXPLOITATION;225kV;Bas-Rhin
HAM;HAM;Poste de transformation;EN EXPLOITATION;63kV;Somme
HARC7;HARCOURT (POSTE BLINDE);Poste de transformation;EN EXPLOITATION;225kV;Hauts-de-Seine
HARGE;HARGEVILLE;Poste de transformation;EN EXPLOITATION;63kV;Yvelines
HARGI;HARGICOURT;Poste de transformation;EN EXPLOITATION;63kV;Somme
HAZEB;HAZEBROUCK;Poste de transformation;EN EXPLOITATION;90kV;Nord
HERBE;HERBE (L);Poste de transformation;EN EXPLOITATION;63kV;
HERM5;HERMITAGE;Poste de transformation;EN EXPLOITATION;90kV;Ille-et-Vilaine
HOUDR;HOUDREVILLE;Poste de transformation;EN EXPLOITATION;400kV;Meurthe-et-Moselle
HOURA;HOURAT (LE);Poste de transformation;EN EXPLOITATION;225kV;Pyrénées-Atlantiques
HYERE;HYERES;Poste de transformation;EN EXPLOITATION;225kV;Var
I.LON;ILE-LONGUE;Poste de transformation;EN EXPLOITATION;63kV;
IMLIN;IMLING;Poste de transformation;EN EXPLOITATION;63kV;Moselle
INDRE;INDRET;Poste de transformation;EN EXPLOITATION;63kV;Loire-Atlantique
ISOLA;ISOLA (2000);Poste de transformation;EN EXPLOITATION;63kV;Alpes-Maritimes
ITTEV;ITTEVILLE;Poste de transformation;EN EXPLOITATION;63kV;Essonne
J.LOI;JUIGNE-SUR-LOIRE;Poste de transformation;EN EXPLOITATION;90kV;Maine-et-Loire
JANAS;JANAS;Poste de transformation;EN EXPLOITATION;63kV;
JARLA;JARLARD;Poste de transformation;EN EXPLOITATION;63kV;Tarn
JAVEL;JAVEL;Poste de transformation;EN EXPLOITATION;225kV;Hauts-de-Seine
JONQU;JONQUIERES (ANNEXE GMR CEVENNES);Poste de transformation;EN EXPLOITATION;400kV;Gard
JOSSE;JOSSELIN;Poste de transformation;EN EXPLOITATION;63kV;Morbihan
KEMBS;KEMBS;Poste de transformation;EN EXPLOITATION;225kV;Haut-Rhin
KERHU;KERHUEL;Poste de transformation;EN EXPLOITATION;63kV;Finistère
KIR;KIR;Poste de transformation;EN EXPLOITATION;63kV;Côte-d'Or
L.CE2;LAVAL-DE-CERE II;Poste de transformation;EN EXPLOITATION;225kV;Lot
L.MOR;LAC-MORT;Poste de transformation;EN EXPLOITATION;63kV;Isère
L.OR;LION D OR;Poste de transformation;EN EXPLOITATION;90kV;Loire-Atlantique
L.SAU;LONS-LE-SAUNIER;Poste de transformation;EN EXPLOITATION;63kV;Jura
LAIRO;LAIRON;Poste de transformation;EN EXPLOITATION;90kV;Manche
LAMA5;LAMATIVIE (PORTIQUE);Poste de transformation;EN EXPLOITATION;90kV;Corrèze
LAMAS;LAMASTRE;Poste de transformation;EN EXPLOITATION;63kV;Ardèche
LAMAT;LAMATIVIE;Poste de transformation;EN EXPLOITATION;90kV;Corrèze
LANDE;LANDERNEAU;Poste de transformation;EN EXPLOITATION;225kV;Finistère
LANG9;LANGLEY;Poste de transformation;EN EXPLOITATION;63kV;Vosges
LANME;LANMEUR;Poste de transformation;EN EXPLOITATION;63kV;Finistère
LANSL;LANSLEBOURG;Poste de transformation;EN EXPLOITATION;63kV;Savoie
LAPAR;LAPARAN;Poste de transformation;EN EXPLOITATION;225kV;Ariège
LAPOU;LAPOUTROIE;Poste de transformation;EN EXPLOITATION;63kV;Haut-Rhin
LARCA;LARCAY;Poste de transformation;EN EXPLOITATION;90kV;Indre-et-Loire
LARDI;LARDIT;Poste de transformation;EN EXPLOITATION;225kV;Aveyron
LAUNA;LAUNAY;Poste de transformation;EN EXPLOITATION;400kV;Manche
LAVA5;LAVALDUC;Poste de transformation;EN EXPLOITATION;63kV;Bouches-du-Rhône
LAVEL;LAVELANET;Poste de transformation;EN EXPLOITATION;63kV;Ariège
LAVER;LAVERA;Poste de transformation;EN EXPLOITATION;225kV;
LAVIL;LAVILLEDIEU;Poste de transformation;EN EXPLOITATION;63kV;Tarn-et-Garonne
LECHE;LECHERE (LA);Poste de transformation;EN EXPLOITATION;45kV;Savoie
LEGE;LEGE;Poste de transformation;EN EXPLOITATION;63kV;Gironde
LENT5;LENTIGNY;Poste de transformation;EN EXPLOITATION;63kV;Loire
LESCA;LESCAR;Poste de transformation;EN EXPLOITATION;225kV;Pyrénées-Atlantiques
LESNE;LESNEVEN;Poste de transformation;EN EXPLOITATION;63kV;Finistère
LESTI;LESTIOU;Poste de transformation;EN EXPLOITATION;90kV;Loir-et-Cher
LICAU;LICAUGAS;Poste de transformation;EN EXPLOITATION;63kV;Landes
LIESS;LIESSE;Poste de transformation;EN EXPLOITATION;225kV;Val-d'Oise
LIEUS;LIEUSAINT;Poste de transformation;EN EXPLOITATION;63kV;Essonne
LIMAY;LIMAY;Poste de transformation;EN EXPLOITATION;63kV;Yvelines
CONF5;CONFLUENT;Poste de transformation;EN EXPLOITATION;225kV;Isère
CONFL;CONFLANS;Poste de transformation;EN EXPLOITATION;63kV;Haute-Saône
CORNI;CORNIER;Poste de transformation;EN EXPLOITATION;400kV;Haute-Savoie
CROLL;CROLLES;Poste de transformation;EN EXPLOITATION;225kV;Isère
CURSO;CURSON;Poste de transformation;EN EXPLOITATION;63kV;Drôme
CUTRY;CUTRY;Poste de transformation;EN EXPLOITATION;63kV;Meurthe-et-Moselle
DAX;DAX;Poste de transformation;EN EXPLOITATION;63kV;Landes
E.BOT;ENCO-DE-BOTTE;Poste de transformation;EN EXPLOITATION;225kV;Bouches-du-Rhône
EMALE;EMALES (LES);Poste de transformation;EN EXPLOITATION;225kV;Calvados
ERNEE;ERNEE;Poste de transformation;EN EXPLOITATION;90kV;Mayenne
ERRON;ERRONDENIA;Poste de transformation;EN EXPLOITATION;150kV;
ESPO5;ESPONDEILHAN;Poste de transformation;EN EXPLOITATION;63kV;Hérault
ESQUI;ESQUIT;Poste de transformation;EN EXPLOITATION;63kV;Pyrénées-Atlantiques
ESSON;ESSONNES;Poste de transformation;EN EXPLOITATION;63kV;Essonne
F.ARG;FIEF D ARGENT;Poste de transformation;EN EXPLOITATION;90kV;Deux-Sèvres
FESC;FESC (LE);Poste de transformation;EN EXPLOITATION;63kV;Gard
FLOIR;FLOIRAC;Poste de transformation;EN EXPLOITATION;225kV;Gironde
FOUSC;FOUSCAIS;Poste de transformation;EN EXPLOITATION;225kV;Hérault
FTAI6;FONTAINES (NYLSTAR);Poste de transformation;EN EXPLOITATION;90kV;Pas-de-Calais
FUMEL;FUMEL;Poste de transformation;EN EXPLOITATION;63kV;Lot-et-Garonne
G.ILE;GRANDE-ILE;Poste de transformation;EN EXPLOITATION;400kV;Isère
G.LIE;GRAND LIEU;Poste de transformation;EN EXPLOITATION;90kV;Loire-Atlantique
LOGER;LOGERIE;Poste de transformation;EN EXPLOITATION;90kV;Eure
LONG4;LONGCHAMP PARIS;Poste de transformation;EN EXPLOITATION;225kV;Hauts-de-Seine
LONG8;LONGUE;Poste de transformation;EN EXPLOITATION;90kV;Maine-et-Loire
LONGU;LONGUEIL;Poste de transformation;EN EXPLOITATION;63kV;Oise
LORRI;LORRIS;Poste de transformation;EN EXPLOITATION;90kV;Loiret
LUBER;LUBERSAC;Poste de transformation;EN EXPLOITATION;90kV;Corrèze
LUDRE;LUDRES;Poste de transformation;EN EXPLOITATION;63kV;Meurthe-et-Moselle
LUMBR;LUMBRES;Poste de transformation;EN EXPLOITATION;90kV;Pas-de-Calais
LUSSA;LUSSAGNET;Poste de transformation;EN EXPLOITATION;63kV;Landes
LUZE;LUZE (DE);Poste de transformation;EN EXPLOITATION;63kV;Gironde
M.DEP;MARCEL-DEPREZ;Poste de transformation;EN EXPLOITATION;63kV;Isère
M.FEN;MOTHE-FENELON (LA);Poste de transformation;EN EXPLOITATION;63kV;Dordogne
M.MAR;MONT-DE-MARSAN;Poste de transformation;EN EXPLOITATION;63kV;Landes
M.MOR;MITRY-MORY (E.D.F.);Poste de transformation;EN EXPLOITATION;225kV;Seine-Saint-Denis
M.VEY;MARTRES DE VEYRE;Poste de transformation;EN EXPLOITATION;63kV;Puy-de-Dôme
MADE5;MADELEINE (LA)(CREUSOT LOIRE INDUSTRIE A RIVE-DE-GIERS);Poste de transformation;EN EXPLOITATION;225kV;Loire
MADRO;MADRON (LE);Poste de transformation;EN EXPLOITATION;90kV;Indre
MAGRE;MAGRE;Poste de transformation;EN EXPLOITATION;90kV;Haute-Vienne
MAIE;MAIE (LA);Poste de transformation;EN EXPLOITATION;90kV;Pas-de-Calais
MAILL;MAILLY;Poste de transformation;EN EXPLOITATION;63kV;Yonne
MALE5;MALESTROIT;Poste de transformation;EN EXPLOITATION;63kV;Morbihan
MALL6;MALLEMORT;Poste de transformation;EN EXPLOITATION;63kV;Bouches-du-Rhône
MALLE;MALLEMORT (CLIENT);Poste de transformation;EN EXPLOITATION;225kV;Bouches-du-Rhône
MANSA;MANSAT;Poste de transformation;EN EXPLOITATION;90kV;Creuse
MANSL;MANSLE;Poste de transformation;EN EXPLOITATION;90kV;Charente
MARA7;MARANS;Poste de transformation;EN EXPLOITATION;90kV;Charente-Maritime
MARC7;MARCOUSSIS;Poste de transformation;EN EXPLOITATION;90kV;Essonne
MARCO;MARCOULE;Poste de transformation;EN EXPLOITATION;63kV;Gard
MARGA;MARGAUX;Poste de transformation;EN EXPLOITATION;63kV;Gironde
MARGE;MARGERIDE;Poste de transformation;EN EXPLOITATION;225kV;Lozère
MARGU;MARGUAND;Poste de transformation;EN EXPLOITATION;63kV;Yvelines
MARTR;MARTRAITS (LES);Poste de transformation;EN EXPLOITATION;90kV;Yvelines
MASTA;MASTAING;Poste de transformation;EN EXPLOITATION;400kV;Nord
MAUBO;MAUBOURGUET;Poste de transformation;EN EXPLOITATION;63kV;Pyrénées-Atlantiques
MAUGU;MAUGUIO;Poste de transformation;EN EXPLOITATION;63kV;Hérault
MAULE;MAULEON;Poste de transformation;EN EXPLOITATION;90kV;Deux-Sèvres
MAURI;MAURIAC;Poste de transformation;EN EXPLOITATION;90kV;Cantal
MAZUR;MAZURES;Poste de transformation;EN EXPLOITATION;400kV;Ardennes
MENDE;MENDE;Poste de transformation;EN EXPLOITATION;63kV;Lozère
MERMO;MERMOZ;Poste de transformation;EN EXPLOITATION;63kV;Rhône
MERON;MERON;Poste de transformation;EN EXPLOITATION;90kV;Maine-et-Loire
MESSE;MESSEMPRE (PROFILES ET TUBES DE L EST);Poste de transformation;EN EXPLOITATION;63kV;Ardennes
MEUN5;MEUNIERS (LES);Poste de transformation;EN EXPLOITATION;90kV;Vienne
MEYSS;MEYSSE;Poste de transformation;EN EXPLOITATION;63kV;Ardèche
MIEGE;MIEGEBAT;Poste de transformation;EN EXPLOITATION;225kV;Pyrénées-Atlantiques
MIGNA;MIGNALOUX;Poste de transformation;EN EXPLOITATION;90kV;Vienne
MILLA;MILLAU;Poste de transformation;EN EXPLOITATION;63kV;Aveyron
MINIE;MINIERES (LES);Poste de transformation;EN EXPLOITATION;90kV;Vienne
MIRAM;MIRAMAS;Poste de transformation;EN EXPLOITATION;63kV;Bouches-du-Rhône
MIREP;MIREPOIX;Poste de transformation;EN EXPLOITATION;63kV;Ariège
MOING;MOINGT;Poste de transformation;EN EXPLOITATION;63kV;Loire
MOLSH;MOLSHEIM;Poste de transformation;EN EXPLOITATION;225kV;Bas-Rhin
MONAS;MONASTIER (LE);Poste de transformation;EN EXPLOITATION;63kV;Lozère
MONDR;MONDRAGON;Poste de transformation;EN EXPLOITATION;63kV;Gard
MOREA;MOREAU;Poste de transformation;EN EXPLOITATION;225kV;Aude
MORIG;MORIGNY;Poste de transformation;EN EXPLOITATION;90kV;Essonne
MORU;MORU;Poste de transformation;EN EXPLOITATION;225kV;Oise
MOUIS;MOUISSONNES;Poste de transformation;EN EXPLOITATION;225kV;Vaucluse
MOUR5;MOURETTES (LES);Poste de transformation;EN EXPLOITATION;63kV;Ardèche
MOUS6;MOUSSAC;Poste de transformation;EN EXPLOITATION;63kV;Gard
MOUTI;MOUTIERS;Poste de transformation;EN EXPLOITATION;63kV;Savoie
MOUZE;MOUZEUIL;Poste de transformation;EN EXPLOITATION;90kV;Vendée
MRLOQ;MARTILOQUE;Poste de transformation;EN EXPLOITATION;63kV;Lot-et-Garonne
MRNIE;MARTINIERE (LA);Poste de transformation;EN EXPLOITATION;63kV;Vaucluse
MTAHU;MONTAHUT;Poste de transformation;EN EXPLOITATION;225kV;Hérault
MTAU5;MONTAUBAN (MIROULETTE);Poste de transformation;EN EXPLOITATION;63kV;Tarn-et-Garonne
MTCRO;MONTCROISETTE;Poste de transformation;EN EXPLOITATION;225kV;Pas-de-Calais
MTLAU;MONTLAUR;Poste de transformation;EN EXPLOITATION;63kV;Haute-Garonne
MTPEL;MONTPELLIER;Poste de transformation;EN EXPLOITATION;225kV;Hérault
MTRON;MONTROND;Poste de transformation;EN EXPLOITATION;63kV;Loire
MUETT;MUETTE;Poste de transformation;EN EXPLOITATION;225kV;Hauts-de-Seine
MURET;MURET;Poste de transformation;EN EXPLOITATION;63kV;Haute-Garonne
N.GEO;NUITS-ST-GEORGES;Poste de transformation;EN EXPLOITATION;63kV;Côte-d'Or
N.SEI;NOGENT-SUR-SEINE;Poste de transformation;EN EXPLOITATION;63kV;Aube
NANGI;NANGIS;Poste de transformation;EN EXPLOITATION;63kV;Seine-et-Marne
NAUSS;NAUSSAC;Poste de transformation;EN EXPLOITATION;63kV;Lozère
NEGRE;NEGRESSE (LA);Poste de transformation;EN EXPLOITATION;63kV;
NEMOU;NEMOURS;Poste de transformation;EN EXPLOITATION;225kV;Seine-et-Marne
NEOUL;NEOULES;Poste de transformation;EN EXPLOITATION;400kV;Var
NERON;NERONDES;Poste de transformation;EN EXPLOITATION;90kV;Cher
NEUBO;NEUBOURG;Poste de transformation;EN EXPLOITATION;90kV;Eure
NEULI;NEULISE;Poste de transformation;EN EXPLOITATION;63kV;Loire
NIME6;NIMES;Poste de transformation;EN EXPLOITATION;225kV;Gard
NIORT;NIORT;Poste de transformation;EN EXPLOITATION;225kV;Deux-Sèvres
NOISY;NOISY;Poste de transformation;EN EXPLOITATION;225kV;Seine-Saint-Denis
NONTR;NONTRON;Poste de transformation;EN EXPLOITATION;63kV;Dordogne
NOORD;NOORD (-GRACHT);Poste de transformation;EN EXPLOITATION;90kV;Nord
NORSO;NORSOLOR;Poste de transformation;EN EXPLOITATION;63kV;Moselle
NOUAU;NOUAUX;Poste de transformation;EN EXPLOITATION;150kV;Hautes-Pyrénées
NOVIO;NOVION;Poste de transformation;EN EXPLOITATION;225kV;Hauts-de-Seine
OLLIE;OLLIERGUES;Poste de transformation;EN EXPLOITATION;63kV;Puy-de-Dôme
ONZAI;ONZAIN;Poste de transformation;EN EXPLOITATION;90kV;Loir-et-Cher
ORAIS;ORAISON;Poste de transformation;EN EXPLOITATION;225kV;Alpes-de-Haute-Provence
ORNA5;ORNANO;Poste de transformation;EN EXPLOITATION;225kV;Hauts-de-Seine
OTTMA;OTTMARSHEIM;Poste de transformation;EN EXPLOITATION;225kV;Haut-Rhin
P.AU5;PONT-AUDEMER CLIENT;Poste de transformation;EN EXPLOITATION;90kV;Eure
P.BE5;PETIT-BERU;Poste de transformation;EN EXPLOITATION;63kV;Yonne
P.BER;PETIT-BERNARD;Poste de transformation;EN EXPLOITATION;63kV;Côte-d'Or
P.BOR;PIED-DE-BORNE;Poste de transformation;EN EXPLOITATION;225kV;Lozère
P.BOU;PORT-DE-BOUC (CLIENT);Poste de transformation;EN EXPLOITATION;225kV;
P.ETI;PAPETERIES-ETIENNE;Poste de transformation;EN EXPLOITATION;63kV;Bouches-du-Rhône
P.GEN;PONT-DE-GENNES;Poste de transformation;EN EXPLOITATION;90kV;Sarthe
P.GR5;PLAN-DE-GRASSE;Poste de transformation;EN EXPLOITATION;225kV;Alpes-Maritimes
P.GUI;PUY-GUILLAUME;Poste de transformation;EN EXPLOITATION;63kV;Puy-de-Dôme
P.JEA;PONT-ST-JEAN;Poste de transformation;EN EXPLOITATION;63kV;Alpes-Maritimes
P.MAC;PLESSIS-MACE;Poste de transformation;EN EXPLOITATION;90kV;Maine-et-Loire
P.ORG;PLAN-D ORGON;Poste de transformation;EN EXPLOITATION;400kV;Bouches-du-Rhône
P.PET;PORT-AUX-PETROLES;Poste de transformation;EN EXPLOITATION;63kV;Bas-Rhin
P.RHI;PORT-DU-RHIN;Poste de transformation;EN EXPLOITATION;225kV;Bas-Rhin
P.SAL;PONT-SALOMON;Poste de transformation;EN EXPLOITATION;63kV;Haute-Loire
P.SE5;PRE-SEIGNEURS;Poste de transformation;EN EXPLOITATION;63kV;Ain
P.SI4;PUITS-SIMON IV;Poste de transformation;EN EXPLOITATION;63kV;Moselle
P.SIM;PORTET-ST-SIMON;Poste de transformation;EN EXPLOITATION;225kV;Haute-Garonne
P.TER;POIX-TERRON;Poste de transformation;EN EXPLOITATION;63kV;Ardennes
P.VIL;PONT-LA-VILLE;Poste de transformation;EN EXPLOITATION;225kV;Haute-Marne
PAIMB;PAIMBOEUF;Poste de transformation;EN EXPLOITATION;63kV;Loire-Atlantique
PALLI;PALLICE (LA);Poste de transformation;EN EXPLOITATION;90kV;
PALLU;PALLUAU;Poste de transformation;EN EXPLOITATION;90kV;Vendée
PALUN;PALUN (LA);Poste de transformation;EN EXPLOITATION;225kV;Bouches-du-Rhône
PARIL;PARILLY;Poste de transformation;EN EXPLOITATION;63kV;Rhône
PARIS;PARISET;Poste de transformation;EN EXPLOITATION;225kV;Isère
PAROY;PAROY;Poste de transformation;EN EXPLOITATION;63kV;Yonne
PASQU;PASQUIER;Poste de transformation;EN EXPLOITATION;225kV;Hauts-de-Seine
PASSA;PASSAIRE;Poste de transformation;EN EXPLOITATION;63kV;Alpes-de-Haute-Provence
PASSY;PASSY;Poste de transformation;EN EXPLOITATION;225kV;Haute-Savoie
PATUR;PATURAL;Poste de transformation;EN EXPLOITATION;63kV;Rhône
PAU;PAU (CLIENT);Poste de transformation;EN EXPLOITATION;63kV;Pyrénées-Atlantiques
PECQ;PECQ (LE);Poste de transformation;EN EXPLOITATION;63kV;Yvelines
PEILL;PEILLE;Poste de transformation;EN EXPLOITATION;63kV;Alpes-Maritimes
PEREL;PERELLE;Poste de transformation;EN EXPLOITATION;225kV;Isère
PERQU;PERQUIE;Poste de transformation;EN EXPLOITATION;63kV;Landes
PERR6;PERROS;Poste de transformation;EN EXPLOITATION;63kV;Côtes-d'Armor
PEUPL;PEUPLERAIE;Poste de transformation;EN EXPLOITATION;63kV;Oise
PHENI;PHENIX;Poste de transformation;EN EXPLOITATION;225kV;Gard
PIAT;PIAT (LE);Poste de transformation;EN EXPLOITATION;63kV;Puy-de-Dôme
PICOC;PICOCHERIE (LA);Poste de transformation;EN EXPLOITATION;400kV;Indre-et-Loire
PIZAN;PIZANCON;Poste de transformation;EN EXPLOITATION;63kV;Drôme
PLOUF;PLOUFRAGAN;Poste de transformation;EN EXPLOITATION;63kV;Côtes-d'Armor
PLOUR;PLOURHAN;Poste de transformation;EN EXPLOITATION;63kV;Côtes-d'Armor
PLUZU;PLUZUNET;Poste de transformation;EN EXPLOITATION;63kV;Côtes-d'Armor
PODEN;PODENSAC;Poste de transformation;EN EXPLOITATION;63kV;Gironde
POL45;POLE 45;Poste de transformation;EN EXPLOITATION;90kV;Loiret
POLYM;POLYMERES;Poste de transformation;EN EXPLOITATION;90kV;Seine-Maritime
POMER;POMEROL;Poste de transformation;EN EXPLOITATION;90kV;Gironde
PORC2;PORCHEVILLE B;Poste de transformation;EN EXPLOITATION;400kV;Yvelines
PORT7;PORTE;Poste de transformation;EN EXPLOITATION;63kV;Morbihan
PORTE;PORTES;Poste de transformation;EN EXPLOITATION;63kV;Ardèche
PORTI;PORTILLON POSTE-CENTRALE;Poste de transformation;EN EXPLOITATION;150kV;Haute-Garonne
POUGN;POUGNY;Poste de transformation;EN EXPLOITATION;150kV;Ain
PRAT;PRAT (LE)(CLIENT);Poste de transformation;EN EXPLOITATION;63kV;Morbihan
PRAUD;PRAUD (LE);Poste de transformation;EN EXPLOITATION;90kV;Loire-Atlantique
PREDE;PREDEMBOURG;Poste de transformation;EN EXPLOITATION;225kV;
PREMY;PREMY;Poste de transformation;EN EXPLOITATION;90kV;Pas-de-Calais
PREUS;PREUSCHDORF;Poste de transformation;EN EXPLOITATION;63kV;Bas-Rhin
PRIVA;PRIVAS;Poste de transformation;EN EXPLOITATION;63kV;Ardèche
PROD5;PRODAIR (PORT DU RHIN);Poste de transformation;EN EXPLOITATION;63kV;Bas-Rhin
PROVE;PROVENCE;Poste de transformation;EN EXPLOITATION;90kV;Essonne
PRRLA;PIERRELATTE (COGEMA A PIERRELATTE) (225KV);Poste de transformation;EN EXPLOITATION;225kV;Drôme
PTIFF;PONTIFFROY;Poste de transformation;EN EXPLOITATION;63kV;Moselle
PULUT;PULUTENIA;Poste de transformation;EN EXPLOITATION;63kV;
PUSY;PUSY;Poste de transformation;EN EXPLOITATION;225kV;Haute-Saône
PUTE5;PUTEAUX IMPASSE LEGAGNEUX;Poste de transformation;EN EXPLOITATION;225kV;Hauts-de-Seine
PUYRE;PUYRENAUD;Poste de transformation;EN EXPLOITATION;90kV;Charente
Q.ECL;QUATRE-ECLUSES;Poste de transformation;EN EXPLOITATION;225kV;Nord
QUARO;QUAROUBLE;Poste de transformation;EN EXPLOITATION;63kV;Nord
QUEUI;QUEUILLE;Poste de transformation;EN EXPLOITATION;63kV;Puy-de-Dôme
QUINC;QUINCIEUX;Poste de transformation;EN EXPLOITATION;63kV;Rhône
R.GI5;RIVE-DE-GIER;Poste de transformation;EN EXPLOITATION;63kV;Loire
R.GIE;RIVE-DE-GIER (CLIENT);Poste de transformation;EN EXPLOITATION;63kV;Loire
R.LAN;RION-DES-LANDES;Poste de transformation;EN EXPLOITATION;63kV;Landes
RAMIE;RAMIER;Poste de transformation;EN EXPLOITATION;63kV;Haute-Garonne
RAON;RAON;Poste de transformation;EN EXPLOITATION;63kV;Meurthe-et-Moselle
RELAI;RELAIS (LES);Poste de transformation;EN EXPLOITATION;90kV;Loiret
RELE;RELE;Poste de transformation;EN EXPLOITATION;225kV;Meurthe-et-Moselle
REVEL;REVEL;Poste de transformation;EN EXPLOITATION;63kV;Haute-Garonne
RHINA;RHINAU;Poste de transformation;EN EXPLOITATION;225kV;Bas-Rhin
RHOVY;RHOVYL;Poste de transformation;EN EXPLOITATION;63kV;Meuse
RICHI;RICHIER;Poste de transformation;EN EXPLOITATION;225kV;Bouches-du-Rhône
RIDEN;RIDEN;Poste de transformation;EN EXPLOITATION;90kV;
RIETV;RIETVELD;Poste de transformation;EN EXPLOITATION;90kV;Nord
RIOU;RIOU;Poste de transformation;EN EXPLOITATION;90kV;Loir-et-Cher
RISCL;RISCLE;Poste de transformation;EN EXPLOITATION;63kV;Gers
RIVAG;RIVAGES (LES);Poste de transformation;EN EXPLOITATION;90kV;Cher
RIVAR;RIVARDIERE (LA);Poste de transformation;EN EXPLOITATION;90kV;Vienne
RIVI5;RIVIER (LE);Poste de transformation;EN EXPLOITATION;63kV;Isère
RIXHE;RIXHEIM;Poste de transformation;EN EXPLOITATION;63kV;Haut-Rhin
ROBI5;ROBINSON;Poste de transformation;EN EXPLOITATION;225kV;Yvelines
ROCAD;ROCADE;Poste de transformation;EN EXPLOITATION;225kV;Bouches-du-Rhône
ROCH4;ROCHEREAU;Poste de transformation;EN EXPLOITATION;90kV;Vienne
ROCH7;ROCHEFOUCAULD (LA);Poste de transformation;EN EXPLOITATION;90kV;Charente
RODEZ;RODEZ;Poste de transformation;EN EXPLOITATION;63kV;Aveyron
ROMIL;ROMILLY;Poste de transformation;EN EXPLOITATION;90kV;Aube
ROPHE;ROPHEMEL;Poste de transformation;EN EXPLOITATION;63kV;Côtes-d'Armor
ROSEN;ROSENAU;Poste de transformation;EN EXPLOITATION;63kV;Haut-Rhin
ROSIE;ROSIERES;Poste de transformation;EN EXPLOITATION;225kV;Aube
ROSSI;ROSSILLON;Poste de transformation;EN EXPLOITATION;63kV;Ain
ROSTR;ROSTRENEN;Poste de transformation;EN EXPLOITATION;63kV;Côtes-d'Armor
ROUS7;ROUSSY;Poste de transformation;EN EXPLOITATION;63kV;Moselle
RQFOR;ROQUEFORT;Poste de transformation;EN EXPLOITATION;63kV;Landes
RUPRE;RUPREUX;Poste de transformation;EN EXPLOITATION;225kV;Aisne
RUSSY;RUSSY;Poste de transformation;EN EXPLOITATION;63kV;Oise
S.CHE;SELLES-SUR-CHER;Poste de transformation;EN EXPLOITATION;90kV;Loir-et-Cher
S.CUR;SALLES CURAN;Poste de transformation;EN EXPLOITATION;225kV;Aveyron
S.GUI;SILLE-LE-GUILLAUME;Poste de transformation;EN EXPLOITATION;90kV;Mayenne
S.PON;SERRE-PONCON;Poste de transformation;EN EXPLOITATION;225kV;Hautes-Alpes
S.TAR;SAUT-DU-TARN;Poste de transformation;EN EXPLOITATION;63kV;Tarn
S.VES;SAUT-DE-VESOLES;Poste de transformation;EN EXPLOITATION;63kV;Hérault
SAINN;SAINNEVILLE;Poste de transformation;EN EXPLOITATION;225kV;Seine-Maritime
SALAN;SALANQUES;Poste de transformation;EN EXPLOITATION;63kV;Pyrénées-Orientales
SALBR;SALBRIS;Poste de transformation;EN EXPLOITATION;90kV;Loir-et-Cher
SALER;SALERNES;Poste de transformation;EN EXPLOITATION;63kV;Var
SALLA;SALLANCHES;Poste de transformation;EN EXPLOITATION;63kV;Haute-Savoie
SAMER;SAMER;Poste de transformation;EN EXPLOITATION;90kV;Pas-de-Calais
SANDO;SANDOUVILLE;Poste de transformation;EN EXPLOITATION;225kV;Seine-Maritime
SANSS;SANSSAC (L'EGLISE);Poste de transformation;EN EXPLOITATION;225kV;Haute-Loire
SARLA;SARLAT;Poste de transformation;EN EXPLOITATION;63kV;Dordogne
SAUCO;SAUCOURT;Poste de transformation;EN EXPLOITATION;90kV;Somme
SAUL5;SAULNOIS;Poste de transformation;EN EXPLOITATION;225kV;Moselle
SAUM6;SAUMATY;Poste de transformation;EN EXPLOITATION;225kV;Bouches-du-Rhône
SAUTE;SAUTET (LE);Poste de transformation;EN EXPLOITATION;225kV;Isère
SAVEN;SAVENAY;Poste de transformation;EN EXPLOITATION;63kV;Loire-Atlantique
SCARP;SCARPE;Poste de transformation;EN EXPLOITATION;90kV;Pas-de-Calais
SECAR;SECARY;Poste de transformation;EN EXPLOITATION;63kV;Gironde
SEIX;SEIX;Poste de transformation;EN EXPLOITATION;63kV;Ariège
SELES;SELESTAT;Poste de transformation;EN EXPLOITATION;63kV;Bas-Rhin
SELON;SELONCOURT;Poste de transformation;EN EXPLOITATION;63kV;Doubs
SEMBL;SEMBLANCAY;Poste de transformation;EN EXPLOITATION;90kV;Indre-et-Loire
SEMEZ;SEMEZIES;Poste de transformation;EN EXPLOITATION;63kV;Gers
SENLI;SENLIS;Poste de transformation;EN EXPLOITATION;63kV;Oise
SENOZ;SENOZAN;Poste de transformation;EN EXPLOITATION;63kV;Saône-et-Loire
SERMA;SERMAISES;Poste de transformation;EN EXPLOITATION;90kV;Loiret
SERQU;SERQUIGNY;Poste de transformation;EN EXPLOITATION;90kV;Eure
SERVA;SERVAS;Poste de transformation;EN EXPLOITATION;63kV;Ain
SETIE;SETIER;Poste de transformation;EN EXPLOITATION;225kV;Aisne
SEYS5;SEYSSES;Poste de transformation;EN EXPLOITATION;63kV;Haute-Garonne
SEZAN;SEZANNE;Poste de transformation;EN EXPLOITATION;90kV;Marne
SIAGN;SIAGNE (LA);Poste de transformation;EN EXPLOITATION;63kV;Var
SINCE;SINCENY;Poste de transformation;EN EXPLOITATION;63kV;Aisne
SOING;SOINGS;Poste de transformation;EN EXPLOITATION;90kV;Loir-et-Cher
SOLES;SOLESMES;Poste de transformation;EN EXPLOITATION;63kV;Nord
SOMMI;SOMMIERES;Poste de transformation;EN EXPLOITATION;63kV;Hérault
SORNA;SORNAT;Poste de transformation;EN EXPLOITATION;63kV;Allier
SOUIL;SOUILLAC;Poste de transformation;EN EXPLOITATION;63kV;Dordogne
SOULC;SOULCEM;Poste de transformation;EN EXPLOITATION;63kV;Ariège
SOUST;SOUSTONS;Poste de transformation;EN EXPLOITATION;63kV;Landes
SQUIV;SQUIVIDAN;Poste de transformation;EN EXPLOITATION;225kV;Finistère
SSAG5;ST-AGATHON;Poste de transformation;EN EXPLOITATION;63kV;Côtes-d'Armor
SSAL7;ST-ALBAN-ST-MAURICE;Poste de transformation;EN EXPLOITATION;400kV;Loire
SSAM6;ST-AMOUR (PIPE-LINE SUD EUROPEEN NO 4A);Poste de transformation;EN EXPLOITATION;63kV;Saône-et-Loire
SSAV6;ST-AVRE (CLIENT);Poste de transformation;EN EXPLOITATION;45kV;Savoie
SSCAN;ST-ETIENNE-CANTALES;Poste de transformation;EN EXPLOITATION;90kV;Cantal
SSCAS;ST-CASSIEN;Poste de transformation;EN EXPLOITATION;63kV;Var
SSCES;ST-CESAIRE;Poste de transformation;EN EXPLOITATION;225kV;Gard
SSCLA;ST-CLAIR;Poste de transformation;EN EXPLOITATION;63kV;Loire
SSCOR;ST-ANDRE-DE-CORCY;Poste de transformation;EN EXPLOITATION;63kV;Ain
SSCOU;ST-PIERRE-LA-COUR;Poste de transformation;EN EXPLOITATION;90kV;Ille-et-Vilaine
SSCRI;ST-CRICQ;Poste de transformation;EN EXPLOITATION;63kV;Pyrénées-Atlantiques
SSCUB;ST-ANDRE-DE-CUBZAC;Poste de transformation;EN EXPLOITATION;63kV;Gironde
SSDID;ST-DIDIER;Poste de transformation;EN EXPLOITATION;63kV;Isère
SSDIZ;ST-DIZIER;Poste de transformation;EN EXPLOITATION;63kV;Haute-Marne
SSDOU;ST-DOULCHARD;Poste de transformation;EN EXPLOITATION;90kV;Cher
SSELB;ST-AUBIN-LES-ELBEUF;Poste de transformation;EN EXPLOITATION;90kV;Eure
SSEST;ST-ESTEVE;Poste de transformation;EN EXPLOITATION;225kV;Bouches-du-Rhône
SSEVR;ST-EVROULT;Poste de transformation;EN EXPLOITATION;90kV;Essonne
SSFER;ST-FERJEUX;Poste de transformation;EN EXPLOITATION;63kV;Doubs
SSFIA;ST-FIACRE;Poste de transformation;EN EXPLOITATION;63kV;Finistère
SSFL6;ST-FLORENTIN;Poste de transformation;EN EXPLOITATION;63kV;Yonne
SSFLO;ST-FLORENT;Poste de transformation;EN EXPLOITATION;225kV;Deux-Sèvres
SSGE6;ST-GEORGES-SUR-LOIRE;Poste de transformation;EN EXPLOITATION;90kV;Maine-et-Loire
SSGE7;ST-JULIEN-EN-GENEVOIS;Poste de transformation;EN EXPLOITATION;63kV;Haute-Savoie
SSHIL;ST-HILAIRE;Poste de transformation;EN EXPLOITATION;63kV;Isère
SSILL;ST-JEAN-D ILLAC;Poste de transformation;EN EXPLOITATION;63kV;Gironde
SSISL;ST-LEON-SUR-L ISLE;Poste de transformation;EN EXPLOITATION;63kV;Dordogne
SSJA5;ST-JACQUES;Poste de transformation;EN EXPLOITATION;63kV;Allier
SSJOU;ST-LAURENT-DE-JOURDE;Poste de transformation;EN EXPLOITATION;90kV;Vienne
SSJU5;ST-JULIEN-SUR-GARONNE;Poste de transformation;EN EXPLOITATION;63kV;Haute-Garonne
SSMAI;ST-MAIXENT;Poste de transformation;EN EXPLOITATION;90kV;Deux-Sèvres
SSMAL;ST-MALO;Poste de transformation;EN EXPLOITATION;63kV;
SSMEU;ST-MICHEL-SUR-MEURTHE;Poste de transformation;EN EXPLOITATION;63kV;Vosges
SSMM5;ST-MICHEL-DE-MAURIENNE (CLIENT);Poste de transformation;EN EXPLOITATION;45kV;Savoie
SSMR;ST-MAUR;Poste de transformation;EN EXPLOITATION;225kV;Val-de-Marne
SSMRE;STE-MAURE;Poste de transformation;EN EXPLOITATION;90kV;Indre-et-Loire
SSNI6;ST-NICOLAS (DU PELEM);Poste de transformation;EN EXPLOITATION;63kV;Côtes-d'Armor
SSPAR;ST-PARDOUX;Poste de transformation;EN EXPLOITATION;63kV;Creuse
SSPAZ;STE-PAZANNE;Poste de transformation;EN EXPLOITATION;63kV;Loire-Atlantique
SSPRI;ST-PRIX;Poste de transformation;EN EXPLOITATION;63kV;Allier
SSPUY;ST-GERMAIN-DU-PUY;Poste de transformation;EN EXPLOITATION;90kV;Cher
SSRIV;ST-JEAN-LA-RIVIERE;Poste de transformation;EN EXPLOITATION;63kV;Alpes-Maritimes
SSRLA;ST-REMY-DES-LANDES;Poste de transformation;EN EXPLOITATION;90kV;
SSROY;ST-THOMAS-EN-ROYANS;Poste de transformation;EN EXPLOITATION;63kV;Drôme
SSTIN;ST-ETIENNE-DE-TINEE;Poste de transformation;EN EXPLOITATION;63kV;Alpes-Maritimes
SSTUL;STE-TULLE;Poste de transformation;EN EXPLOITATION;225kV;Alpes-de-Haute-Provence
SSTYR;ST-VINCENT-DE-TYROSSE;Poste de transformation;EN EXPLOITATION;63kV;Landes
SSUST;ST-USTRE (FONDERIE DU POITOU);Poste de transformation;EN EXPLOITATION;90kV;Vienne
SSVIC;ST-VICTOR;Poste de transformation;EN EXPLOITATION;225kV;Aveyron
SSVIE;ST-PRIVAT-DES-VIEUX;Poste de transformation;EN EXPLOITATION;63kV;Gard
SSYMO;ST-VIGOR-D'YMONVILLE;Poste de transformation;EN EXPLOITATION;90kV;Seine-Maritime
STEA5;STEAM STE EXXON A PORT JEROME;Poste de transformation;EN EXPLOITATION;90kV;Seine-Maritime
STENA;STENAY;Poste de transformation;EN EXPLOITATION;225kV;Meuse
STOUR;STOURNEMIL;Poste de transformation;EN EXPLOITATION;63kV;Haute-Garonne
SUIVE;SUIVES;Poste de transformation;EN EXPLOITATION;63kV;Var
SYLVA;SYLVABELLE;Poste de transformation;EN EXPLOITATION;63kV;
T.BAR;TRONVILLE-EN-BARROIS;Poste de transformation;EN EXPLOITATION;63kV;Meuse
T.SUP;TORE SUPRA;Poste de transformation;EN EXPLOITATION;400kV;Vaucluse
T.VER;TAPIS-VERT;Poste de transformation;EN EXPLOITATION;63kV;Meurthe-et-Moselle
TABLE;TABLE(LA);Poste de transformation;EN EXPLOITATION;63kV;Gard
TALAM;TALAMET;Poste de transformation;EN EXPLOITATION;225kV;Corrèze
TAULH;TAULHAC;Poste de transformation;EN EXPLOITATION;63kV;Haute-Loire
TEMPL;TEMPLE (LE);Poste de transformation;EN EXPLOITATION;63kV;Lot-et-Garonne
THAIM;THAIMS;Poste de transformation;EN EXPLOITATION;90kV;Charente-Maritime
THEOD;THEODORE;Poste de transformation;EN EXPLOITATION;63kV;Haut-Rhin
THEZI;THEZIERS;Poste de transformation;EN EXPLOITATION;63kV;Gard
THIE5;THIERS;Poste de transformation;EN EXPLOITATION;63kV;Puy-de-Dôme
THURI;THURIES;Poste de transformation;EN EXPLOITATION;63kV;Tarn
TIGNI;TIGNIEU;Poste de transformation;EN EXPLOITATION;63kV;Isère
TOU.C;TOULOUSE-CENTRE;Poste de transformation;EN EXPLOITATION;225kV;Haute-Garonne
TOUQU;TOUQUES;Poste de transformation;EN EXPLOITATION;90kV;
TOURL;TOURLAVILLE;Poste de transformation;EN EXPLOITATION;90kV;Manche
TRAIS;TRAISNEL;Poste de transformation;EN EXPLOITATION;90kV;Nord
TRAME;TRAMEZAYGUES;Poste de transformation;EN EXPLOITATION;63kV;Hautes-Pyrénées
TRANS;TRANS;Poste de transformation;EN EXPLOITATION;400kV;Var
TRAVE;TRAVERSE (LA);Poste de transformation;EN EXPLOITATION;90kV;Haute-Vienne
TREFF;TREFFORT;Poste de transformation;EN EXPLOITATION;63kV;Ain
TREPO;TREPORT (LE);Poste de transformation;EN EXPLOITATION;90kV;
TREVA;TREVAS;Poste de transformation;EN EXPLOITATION;225kV;Haute-Loire
TRI.P;TRICASTIN-POSTE (LE);Poste de transformation;EN EXPLOITATION;400kV;Drôme
TRIEY;TRIEY;Poste de transformation;EN EXPLOITATION;63kV;Côte-d'Or
TUILI;TUILIERES;Poste de transformation;EN EXPLOITATION;225kV;Dordogne
TULLE;TULLE;Poste de transformation;EN EXPLOITATION;90kV;Corrèze
TURGO;TURGOT;Poste de transformation;EN EXPLOITATION;225kV;Hauts-de-Seine
URCUR;URCURAY;Poste de transformation;EN EXPLOITATION;63kV;Pyrénées-Atlantiques
URSU5;URSULE;Poste de transformation;EN EXPLOITATION;225kV;Drôme
V.AGE;VALENCE D AGEN;Poste de transformation;EN EXPLOITATION;63kV;Tarn-et-Garonne
V.ALL;VARENNES-SUR-ALLIER;Poste de transformation;EN EXPLOITATION;63kV;Allier
V.AVR;VERNEUIL-SUR-AVRE;Poste de transformation;EN EXPLOITATION;90kV;Eure
V.BEL;VILLIERS-LE-BEL;Poste de transformation;EN EXPLOITATION;225kV;Val-d'Oise
V.ETI;VILLEY ST ETIENNE;Poste de transformation;EN EXPLOITATION;63kV;Meurthe-et-Moselle
V.GEO;VILLENEUVE-ST-GEORGES;Poste de transformation;EN EXPLOITATION;225kV;Val-de-Marne
V.PAU;VILLERS-SAINT-PAUL;Poste de transformation;EN EXPLOITATION;63kV;Oise
V.YON;VILLENEUVE-SUR-YONNE;Poste de transformation;EN EXPLOITATION;63kV;Yonne
VAISE;VAISE;Poste de transformation;EN EXPLOITATION;225kV;Rhône
VALBO;VALBONNE;Poste de transformation;EN EXPLOITATION;63kV;Alpes-Maritimes
VALE7;VALENTINE;Poste de transformation;EN EXPLOITATION;63kV;Haute-Garonne
VALGR;VALGROS;Poste de transformation;EN EXPLOITATION;63kV;Aude
VALIN;VALINIERE (LA);Poste de transformation;EN EXPLOITATION;90kV;
VALL5;VALLEES (LES);Poste de transformation;EN EXPLOITATION;90kV;Loir-et-Cher
VALLE;VALLEE (LA);Poste de transformation;EN EXPLOITATION;90kV;Calvados
VALS;VALS;Poste de transformation;EN EXPLOITATION;63kV;Ardèche
VARET;VARETS;Poste de transformation;EN EXPLOITATION;90kV;
VARS;VARS;Poste de transformation;EN EXPLOITATION;63kV;Hautes-Alpes
VAUVE;VAUVERT;Poste de transformation;EN EXPLOITATION;63kV;Gard
VAUVI;VAUVILLERS (HARBONNIERES);Poste de transformation;EN EXPLOITATION;63kV;Somme
VAUX;VAUX;Poste de transformation;EN EXPLOITATION;90kV;Charente-Maritime
VAYNE;VAYNE;Poste de transformation;EN EXPLOITATION;63kV;
VEAUC;VEAUCHE;Poste de transformation;EN EXPLOITATION;63kV;Loire
VENDA;VENDARGUES;Poste de transformation;EN EXPLOITATION;63kV;Hérault
VERDI;VERDIN;Poste de transformation;EN EXPLOITATION;90kV;Cher
VERNA;VERNAYS (LES);Poste de transformation;EN EXPLOITATION;63kV;Savoie
VERRE;VERREY;Poste de transformation;EN EXPLOITATION;63kV;Côte-d'Or
VERRI;VERRIERE (LA);Poste de transformation;EN EXPLOITATION;63kV;Yvelines
VESOU;VESOUL;Poste de transformation;EN EXPLOITATION;63kV;Haute-Saône
VINS;VINS;Poste de transformation;EN EXPLOITATION;225kV;Var
VION;VION;Poste de transformation;EN EXPLOITATION;90kV;Sarthe
VIRE;VIRE;Poste de transformation;EN EXPLOITATION;90kV;Calvados
VIRIA;VIRIAT;Poste de transformation;EN EXPLOITATION;63kV;Ain
VIT.N;VITRY-NORD;Poste de transformation;EN EXPLOITATION;225kV;Val-de-Marne
VITTE;VITTEL;Poste de transformation;EN EXPLOITATION;225kV;Vosges
VIZIL;VIZILLE;Poste de transformation;EN EXPLOITATION;63kV;Isère
VLEF5;VILLEFRANCHE;Poste de transformation;EN EXPLOITATION;63kV;Allier
VLEMU;VILLEMUR;Poste de transformation;EN EXPLOITATION;63kV;Tarn-et-Garonne
VLERA;VILLERAS;Poste de transformation;EN EXPLOITATION;225kV;Yvelines
VNES;VIGNES (LES);Poste de transformation;EN EXPLOITATION;90kV;Indre
VNOL;VIGNOL;Poste de transformation;EN EXPLOITATION;225kV;Nièvre
VNOTA;VIGNOTAN;Poste de transformation;EN EXPLOITATION;63kV;Savoie
VOING;VOINGT;Poste de transformation;EN EXPLOITATION;63kV;Puy-de-Dôme
VOLVO;VOLVON;Poste de transformation;EN EXPLOITATION;225kV;Loire
VONNA;VONNAS;Poste de transformation;EN EXPLOITATION;63kV;Ain
WARAN;WARANDE;Poste de transformation;EN EXPLOITATION;400kV;Pas-de-Calais
WASSE;WASSELONNE;Poste de transformation;EN EXPLOITATION;63kV;Bas-Rhin
WATTI;WATTIGNIES;Poste de transformation;EN EXPLOITATION;90kV;Nord
ZAGE;PIQUAGE AGE (LIAISON COTEZ42V.GRA);Point de piquage;EN EXPLOITATION;90kV;Haute-Vienne
ZARGO;ARGOE / AMARG AMIEN 1;Point de piquage;EN EXPLOITATION;225kV;Somme
ZARR5;PIQUAGE ARRIOSSE (LIAISON DAX Z31ORTH5);Point de piquage;EN EXPLOITATION;63kV;Landes
ZASTI;ASTIL / CRAON LAVAL 1;Point de piquage;EN EXPLOITATION;90kV;Mayenne
ZAUBE;PIQUAGE AUX AUBES;Point de piquage;EN EXPLOITATION;63kV;Bouches-du-Rhône
ZAUBR;AUBRE / B.DUR FLEAC 1;Point de piquage;EN EXPLOITATION;90kV;Charente
ZAURI;PIQUAGE AURIOLLES (LIAISON SSFOYZ31SSPEY);Point de piquage;EN EXPLOITATION;63kV;Dordogne
ZAVEI;PIQUAGE AVEILLANS LIAISON CASSAZ31PERCH;Point de piquage;EN EXPLOITATION;63kV;Pyrénées-Orientales
ZAVR5;PIQUAGE A GAGNY;Point de piquage;EN EXPLOITATION;225kV;Seine-Saint-Denis
ZB.CO;B.COR / AOSTE MORES 1;Point de piquage;EN EXPLOITATION;63kV;Isère
ZB.LA;PIQUAGE A BOURBON-LANCY;Point de piquage;EN EXPLOITATION;63kV;Allier
ZB.M5;T.PIN / AOSTE I.ABE 1;Point de piquage;EN EXPLOITATION;63kV;Isère
ZBARP;PIQUAGE LE BARP (LIAISON MASQUZ61SAUCA);Point de piquage;EN EXPLOITATION;225kV;Gironde
ZBEZI;PIQUAGE BEZIERS (LIAISON ENSERZ31SAUCL);Point de piquage;EN EXPLOITATION;63kV;Hérault
ZBIGN;BIGNY / SSAMA VENES 1;Point de piquage;EN EXPLOITATION;90kV;Cher
ZBRAN;PIQUAGE A BRANDE;Point de piquage;EN EXPLOITATION;90kV;Vendée
ZBRE5;PIQUAGE BREVAL A VAUREAL (ZBRE5);Point de piquage;EN EXPLOITATION;63kV;Val-d'Oise
ZBRIV;PIQUAGE A BRIVET;Point de piquage;EN EXPLOITATION;63kV;Loire-Atlantique
ZBROU;BROU / CLUS5 FLEYR 1;Point de piquage;EN EXPLOITATION;63kV;Ain
ZC.H5;PIQUAGE CROIX DHINS (LIAISON FACTUZ31SSILL);Point de piquage;EN EXPLOITATION;63kV;Gironde
ZC.SE;PIQUAGE CHATILLON-SUR-SEINE;Point de piquage;EN EXPLOITATION;225kV;Côte-d'Or
ZCADO;PIQUAGE A CADOREES;Point de piquage;EN EXPLOITATION;63kV;Côtes-d'Armor
ZCAMP;PIQUAGE CAMPEAUX A PISSY-POVILLE (ZCAMP);Point de piquage;EN EXPLOITATION;90kV;Seine-Maritime
ZCAPE;PIQUAGE CAPENDU (LIAISON CROZEZ31MOREA);Point de piquage;EN EXPLOITATION;63kV;Aude
ZCAU6;PIQUAGE A SEPT-VENTS;Point de piquage;EN EXPLOITATION;90kV;Manche
ZCHOC;CHOC5 / GOSNA SSOME 1;Point de piquage;EN EXPLOITATION;90kV;Pas-de-Calais
ZCOCH;COCHE / G.COE MENUI 1;Point de piquage;EN EXPLOITATION;63kV;Savoie
ZCOLO;PIQUAGE A COLOMB;Point de piquage;EN EXPLOITATION;63kV;Gard
ZCOQU;PIQUAGE COQUIBUS A EVRY (ZCOQU);Point de piquage;EN EXPLOITATION;225kV;Essonne
ZCOSQ;PIQUAGE A  LA COSQUER;Point de piquage;EN EXPLOITATION;63kV;Finistère
ZCOUT;PIQUAGE COUTRAS (LIAISON BESSAZ41POMER);Point de piquage;EN EXPLOITATION;90kV;Gironde
ZCPNY;CPNY / BOZEL PRALO 1;Point de piquage;EN EXPLOITATION;63kV;Savoie
ZCRIM;PIQUAGE CRIMOLOIS;Point de piquage;EN EXPLOITATION;63kV;Côte-d'Or
ZCSL7;PIQUAGE CASTELSARRASIN(CLIENT) (LIAISON CSLSAZ31LAVIL);Point de piquage;EN EXPLOITATION;63kV;Tarn-et-Garonne
ZDAVI;PIQUAGE A LE COUDRAY-MONTCEAUX;Point de piquage;EN EXPLOITATION;63kV;Essonne
ZDIEP;PIQUAGE A CANTELEU;Point de piquage;EN EXPLOITATION;90kV;Seine-Maritime
ZDONZ;PIQUAGE DONZENAC (LIAISON BREUIZ61CHAST);Point de piquage;EN EXPLOITATION;225kV;Corrèze
ZE.C5;PIQUAGE EBANGE-CIMENTERIE (Ligne SSHUBZ31THIO6);Point de piquage;EN EXPLOITATION;63kV;Moselle
ZEPE5;PIQUAGE EPERNAY;Point de piquage;EN EXPLOITATION;63kV;Marne
ZESS5;PIQUAGE A ESSARTS;Point de piquage;EN EXPLOITATION;90kV;Vendée
ZFLI5;PIQUAGE FLINS A AUBERGENVILLE (ZFLI5);Point de piquage;EN EXPLOITATION;63kV;Yvelines
ZFOU5;FOURA / C.LO5 CHAN5 1;Point de piquage;EN EXPLOITATION;90kV;Sarthe
ZFRO7;PIQUAGE FROMAINVILLE A ACHERES (ZFRO7);Point de piquage;EN EXPLOITATION;225kV;Yvelines
ZG.LU;G.LUC / ARNAG SSCAL 1;Point de piquage;EN EXPLOITATION;90kV;Sarthe
ZG.MO;CPFL5 / REINI ZMAME 1;Point de piquage;EN EXPLOITATION;90kV;Sarthe
ZGIFF;GIFFR / BONN8 PRESS 1;Point de piquage;EN EXPLOITATION;63kV;Haute-Savoie
ZGIR6;PIQUAGE GIROMAGNY;Point de piquage;EN EXPLOITATION;63kV;Territoire de Belfort
ZGUIG;PIQUAGE LES GUIGNONS;Point de piquage;EN EXPLOITATION;63kV;Aube
ZHENR;HENRI / AUBI5 FORTA 1;Point de piquage;EN EXPLOITATION;63kV;Cher
ZHIRS;PIQUAGE A HIRSINGUE;Point de piquage;EN EXPLOITATION;225kV;Haut-Rhin
ZILON;PIQUAGE A ILONS;Point de piquage;EN EXPLOITATION;63kV;Ardèche
ZISSO;PIQUAGE A ISSOU;Point de piquage;EN EXPLOITATION;63kV;Yvelines
ZKERA;PIQUAGE A KERANGALL;Point de piquage;EN EXPLOITATION;63kV;Finistère
ZL.NO;PIQUAGE LAC-NOIR;Point de piquage;EN EXPLOITATION;225kV;Vosges
ZLABA;PIQUAGE LABARRE (LIAISON FOIX5Z31RIVEN);Point de piquage;EN EXPLOITATION;63kV;Ariège
ZLACS;LAND6 / MOUS5 VLEME 1;Point de piquage;EN EXPLOITATION;90kV;Indre
ZLAFI;PIQUAGE A LAFIGERE;Point de piquage;EN EXPLOITATION;225kV;Lozère
ZLAGU;PIQUAGE LAGUIAN (LIAISON LOUSLZ31MAUBO);Point de piquage;EN EXPLOITATION;63kV;Gers
ZLANM;PIQUAGE A PLOUIGNEAU (LANMEUR);Point de piquage;EN EXPLOITATION;63kV;Finistère
ZLIMA;PIQUAGE LIMAY A PORCHEVILLE (ZLIMA);Point de piquage;EN EXPLOITATION;63kV;Yvelines
ZLORR;LORRI / PAYOL VLEMA 1;Point de piquage;EN EXPLOITATION;90kV;Loiret
ZLOUE;LOUE / ALLO5 S.GUI 1;Point de piquage;EN EXPLOITATION;90kV;Sarthe
ZM.AC;PIQUAGE A MOTHE ACHARD;Point de piquage;EN EXPLOITATION;90kV;Vendée
ZMAR6;PIQUAGE A LIMAY;Point de piquage;EN EXPLOITATION;63kV;Yvelines
ZMENU;MENUI / G.COE V.THO 1;Point de piquage;EN EXPLOITATION;63kV;Savoie
ZMER5;PIQUAGE MERENS (LIAISON MERE5Z31TEICH);Point de piquage;EN EXPLOITATION;63kV;Ariège
ZMEYM;PIQUAGE LUZECH (LIAISON CAHORZ31LUZEC);Point de piquage;EN EXPLOITATION;63kV;Lot
ZMTAL;PIQUAGE MONTALET A PORCHEVILLE (ZMTAL);Point de piquage;EN EXPLOITATION;63kV;Yvelines
ZMTJ5;PIQUAGE A SAINT-JEAN-DE-BEAUREGARD;Point de piquage;EN EXPLOITATION;225kV;Essonne
ZNAR5;PIQUAGE LUNES (LIAISON LIVIEZ31LUNES);Point de piquage;EN EXPLOITATION;63kV;Aude
ZNEGR;PIQUAGE NEGRESSE (LIAISON MOUSSZ31SSLUZ);Point de piquage;EN EXPLOITATION;63kV;
ZNOVI;PIQUAGE NOVILLARS;Point de piquage;EN EXPLOITATION;63kV;Doubs
ZP.CL;P.CL5 / CPNIE MARCE 1;Point de piquage;EN EXPLOITATION;63kV;Isère
ZP.VE;P.VEY / MTPEZ VALS 1;Point de piquage;EN EXPLOITATION;63kV;Ardèche
ZP.VI;P.VIZ / EYBEN VIZIL 1;Point de piquage;EN EXPLOITATION;63kV;Isère
ZPASS;PIQUAGE A MANOSQUE;Point de piquage;EN EXPLOITATION;63kV;Alpes-de-Haute-Provence
ZPAU;PIQUAGE PAU (CLIENT);Point de piquage;EN EXPLOITATION;63kV;Pyrénées-Atlantiques
ZPAU5;PIQUAGE PAU SNCF (LIAISON BIZANZ31BORD7);Point de piquage;EN EXPLOITATION;63kV;Pyrénées-Atlantiques
ZPEUG;PIQUAGE PEUGEOT (LIGNE N0 1);Point de piquage;EN EXPLOITATION;63kV;Haut-Rhin
ZPRIN;PIQUAGE A PRINQUIAU;Point de piquage;EN EXPLOITATION;225kV;Loire-Atlantique
ZPTMA;PIQUAGE A PONTMAIN;Point de piquage;EN EXPLOITATION;90kV;Ille-et-Vilaine
ZS.CO;S.COM / MOING SSJUS 1;Point de piquage;EN EXPLOITATION;63kV;Loire
ZSABL;SABL5 / CORDE CPNIE 1;Point de piquage;EN EXPLOITATION;225kV;Isère
ZSAL6;SALIG / SISTE SSAUB 1;Point de piquage;EN EXPLOITATION;225kV;Alpes-de-Haute-Provence
ZSAU6;PIQUAGE SAUGEES A SAINT-MICHEL-SUR-ORGE (ZSAU6);Point de piquage;EN EXPLOITATION;90kV;Essonne
ZSEYS;SEYSS / ARLOD GENI6 1;Point de piquage;EN EXPLOITATION;63kV;Ain
ZSSAS;PIQUAGE SAINT ASTIER (LIAISON SANILZ31SSISL);Point de piquage;EN EXPLOITATION;63kV;Dordogne
ZSSCE;PIQUAGE ST CERE (LIAISON L.CE1Z31TALAM);Point de piquage;EN EXPLOITATION;63kV;Corrèze
ZSSCR;PIQUAGE A STE CROIX;Point de piquage;EN EXPLOITATION;225kV;Alpes-de-Haute-Provence
ZSSLA;PIQUAGE A RUBELLES;Point de piquage;EN EXPLOITATION;63kV;Seine-et-Marne
ZSSMA;PIQUAGE SAINT MACAIRE (LIAISON BAZASZ31LANGO);Point de piquage;EN EXPLOITATION;63kV;Gironde
ZSSNA;PIQUAGE ST-NABORD;Point de piquage;EN EXPLOITATION;225kV;Vosges
ZSSR5;PIQUAGE A SAINT-RENE;Point de piquage;EN EXPLOITATION;63kV;Côtes-d'Armor
ZSSRO;SSRO5 / ENVAL SSSAU 1;Point de piquage;EN EXPLOITATION;63kV;Puy-de-Dôme
ZSSUR;PIQUAGE A SAINT-URBAIN;Point de piquage;EN EXPLOITATION;63kV;Finistère
ZSSV6;PIQUAGE ST JEAN LE VIEUX (LIAISON MOUGUZ31URCUR);Point de piquage;EN EXPLOITATION;63kV;Pyrénées-Atlantiques
ZTALI;TALIZ / NEUSS SAVIG 1;Point de piquage;EN EXPLOITATION;63kV;Cantal
ZTAY;BREAL / CROQU SSCOU 1;Point de piquage;EN EXPLOITATION;90kV;Ille-et-Vilaine
ZTOU9;TOURN / B.MON LAMAS 1;Point de piquage;EN EXPLOITATION;63kV;Ardèche
ZTOUR;TOURE / ARLY VEN.P 1;Point de piquage;EN EXPLOITATION;45kV;Savoie
ZUSS5;PIQUAGE USSAT (LIAISON FERRIZ31TARAS);Point de piquage;EN EXPLOITATION;63kV;Ariège
ZV.AG;PIQUAGE VALENCE D AGEN (LIAISON COLAYZ31GOLFE);Point de piquage;EN EXPLOITATION;63kV;Tarn-et-Garonne
ZVAL9;PIQUAGE A PRONLEROY;Point de piquage;EN EXPLOITATION;225kV;Oise
ZVANE;VANEL / B.MON CURSO 1;Point de piquage;EN EXPLOITATION;63kV;Drôme
ZVAYR;PIQUAGE VAYRES (LIAISON IZON Z31PTAC);Point de piquage;EN EXPLOITATION;63kV;Gironde
ZVEXI;PIQUAGE A CHARS;Point de piquage;EN EXPLOITATION;63kV;Eure
ZWOES;WOEST / GUARB HOLQU 1;Point de piquage;EN EXPLOITATION;225kV;Pas-de-Calais
ACHI5;ACHIET (CLIENT);Poste de transformation;EN EXPLOITATION;90kV;Pas-de-Calais
GREGY;GREGY-SUR-YERRE;Poste de transformation;EN EXPLOITATION;63kV;Seine-et-Marne
MIRA6;MIRAMAS (S.N.C.F.);Poste de transformation;EN EXPLOITATION;63kV;Bouches-du-Rhône
ZMOOS;PIQUAGE A MOOS (LE);Point de piquage;EN EXPLOITATION;63kV;Haut-Rhin
ZSSV7;PIQUAGE A SAINT-ILLIERS-LA-VILLE;Point de piquage;EN EXPLOITATION;90kV;Eure
ZBXV6;PIQUAGE A BEAUVAL;Point de piquage;EN EXPLOITATION;225kV;Somme
GALOR;GALOREAUX (LES);Poste de transformation;EN EXPLOITATION;400kV;Maine-et-Loire
ZP.AN;PIQUAGE A LA PRAZ-ST-ANDRE;Point de piquage;EN EXPLOITATION;400kV;Savoie
HUTTE;HUTTES (LES);Poste de transformation;ACCORD ADMINISTRATIF;225kV;
B.CO5;BRAILLY-CORNEHOTTE (CLIENT);Poste de transformation;EN EXPLOITATION;225kV;Somme
ZBRUO;SUZE / ARNAG FLECH;Point de piquage;EN EXPLOITATION;90kV;Sarthe
ZCHA9;TREVI / NIORT SSMAI;Point de piquage;EN EXPLOITATION;90kV;Deux-Sèvres
B.CO6;BRAILLY-CORNEHOTTE;Poste de transformation;EN EXPLOITATION;225kV;Somme
NIVOU;NIVOUVILLE;Poste de transformation;EN EXPLOITATION;90kV;Eure-et-Loir
MORA5;MORANDES (LES);Poste de transformation;EN EXPLOITATION;225kV;Allier
TRIT5;TRITH-ST-LEGER (PORT-ARTHUR LME);Poste de transformation;EN EXPLOITATION;225kV;Nord
ZTRIT;TRIT5 / G.CAI TRITH 1;Point de piquage;EN EXPLOITATION;225kV;Nord
ESCA5;ESCARGOT;Poste de transformation;ACCORD ADMINISTRATIF;225kV;Essonne
SARR9;SARRALTROFF;Poste de transformation;EN EXPLOITATION;225kV;Moselle
BERSA;BERSAUCOURT;Poste de transformation;EN EXPLOITATION;225kV;Somme
ZIVRY;PIQUAGE A IVRY;Point de piquage;EN EXPLOITATION;63kV;Paris
BUSSU;BUSSUREL;Poste de transformation;EN EXPLOITATION;225kV;Haute-Saône
ZFACT;PIQUAGE FACTURE (LIAISON FACTUZ31LAMOT);Point de piquage;EN EXPLOITATION;63kV;Gironde
ZPARR;PIQUAGE A PARROT;Point de piquage;EN EXPLOITATION;225kV;Gironde
ZLAMB;PIQUAGE LAMBRES-LEZ-DOUAI;Point de piquage;ACCORD ADMINISTRATIF;225kV;Pas-de-Calais
ZESQU;PIQUAGE A ESQUIROULET;Point de piquage;EN EXPLOITATION;63kV;Ariège
B.GUE;BANC-DE-GUERANDE;Poste de transformation;ACCORD ADMINISTRATIF;225kV;
SSPL5;ST-AUBIN-DU-PLAIN;Poste de transformation;EN EXPLOITATION;90kV;Deux-Sèvres
CHAT9;CHATRES;Poste de transformation;EN EXPLOITATION;90kV;Aube
CHAPO;CHAPON;Poste de transformation;EN EXPLOITATION;225kV;Meuse
ARMAN;ARMAND;Poste de transformation;ACCORD ADMINISTRATIF;225kV;Val-de-Marne
MAGDE;MAGDELEINE (LA);Poste de transformation;EN EXPLOITATION;90kV;Charente
D.BRU;DEUVE BRULEE;Poste de transformation;EN EXPLOITATION;225kV;Pas-de-Calais
BETJA;BETJANOT;Poste de transformation;EN EXPLOITATION;63kV;Lot-et-Garonne
BEZ.E;BEZIERS-EST;Poste de transformation;EN EXPLOITATION;225kV;Hérault
NIVEL;NIVELLE;Poste de transformation;EN EXPLOITATION;63kV;Pyrénées-Atlantiques
BATIS;BATISSEURS;Poste de transformation;ACCORD ADMINISTRATIF;225kV;Val-de-Marne
ZP.V6;PIQUAGE A PONCET-LA-VILLE;Point de piquage;EN EXPLOITATION;225kV;Indre
MELI5;MELINCOLS;Poste de transformation;EN EXPLOITATION;63kV;Jura
DESCH;DESCHAMPS;Poste de transformation;EN EXPLOITATION;63kV;Gironde
JUSTI;JUSTICE (LA);Poste de transformation;EN EXPLOITATION;225kV;Eure-et-Loir
MEZOT;MEZOT;Poste de transformation;EN EXPLOITATION;63kV;Meurthe-et-Moselle
COLO9;COLONNE (LA);Poste de transformation;EN EXPLOITATION;90kV;Deux-Sèvres
ENTR5;ENTREPRISES;Poste de transformation;EN EXPLOITATION;90kV;Seine-Maritime
LOREN;LORENZI;Poste de transformation;ACCORD ADMINISTRATIF;225kV;Seine-Saint-Denis
ZTUPI;PIQUAGE A TUPIGNY;Point de piquage;EN EXPLOITATION;63kV;Aisne
ZRUNI;PIQUAGE A RUNIO;Point de piquage;EN EXPLOITATION;63kV;Morbihan
ZFONT;PIQUAGE A FONTENELLE;Point de piquage;EN EXPLOITATION;63kV;Côte-d'Or
PROV6;PROVILLE;Poste de transformation;EN EXPLOITATION;63kV;Nord
CHERY;CHERY;Poste de transformation;ACCORD ADMINISTRATIF;90kV;Indre
PIER6;PIERRE (LA);Poste de transformation;ACCORD ADMINISTRATIF;90kV;Indre-et-Loire
ZRESO;PIQUAGE A RESOLUT;Point de piquage;EN EXPLOITATION;63kV;Landes
NEPEL;NEPELLIER;Poste de transformation;EN EXPLOITATION;63kV;Ardennes
F.BIS;FOND-BISARD;Poste de transformation;EN EXPLOITATION;90kV;Seine-Maritime
PALAY;PALAYRE (ENEDIS);Poste de transformation;EN EXPLOITATION;225kV;Haute-Garonne
CHEV9;CHEVREAUX (LES);Poste de transformation;ACCORD ADMINISTRATIF;225kV;Vienne
L.VOL;LAVAL-SUR-VOLOGNE;Poste de transformation;EN EXPLOITATION;63kV;Vosges
AILLA;AILLAS;Poste de transformation;EN EXPLOITATION;63kV;Gironde
IMPRE;IMPRESSIONNISTES (DES);Poste de transformation;ACCORD ADMINISTRATIF;225kV;Hauts-de-Seine
MTVAR;MONT-VARIN;Poste de transformation;EN EXPLOITATION;225kV;Aisne
F.LOU;FOSSE AUX LOUPS (LA);Poste de transformation;EN EXPLOITATION;225kV;Yvelines
ZSSG7;PIQUAGE A SAINT GERONS;Point de piquage;EN EXPLOITATION;225kV;Cantal
MAUCA;MAUCARRIERE (LA);Poste de transformation;ACCORD ADMINISTRATIF;90kV;Deux-Sèvres
BREN5;BRENS (CNR);Poste de transformation;EN EXPLOITATION;225kV;Tarn
BOURB;BOURBOURG;Poste de transformation;ACCORD ADMINISTRATIF;400kV;Pas-de-Calais
MINER;MINERALIER;Poste de transformation;ACCORD ADMINISTRATIF;225kV;Bouches-du-Rhône
LONCA;LONCAT;Poste de transformation;EN EXPLOITATION;63kV;Landes
ZGESS;PIQUAGE A GESSE;Point de piquage;EN EXPLOITATION;63kV;Aude
S.AIR;SALON-BEL-AIR;Poste de transformation;EN EXPLOITATION;225kV;Bouches-du-Rhône
SSFEL;ST-FELIX;Poste de transformation;ACCORD ADMINISTRATIF;225kV;Charente-Maritime
ZR.MA;PIQUAGE A ROUTE DE MARVILLE;Point de piquage;EN EXPLOITATION;225kV;Meuse
LOHAN;LOHAN (LE);Poste de transformation;EN EXPLOITATION;63kV;Morbihan
NACEL;NACELLE;Poste de transformation;EN EXPLOITATION;90kV;Marne
ROMA6;ROMAGNE;Poste de transformation;EN EXPLOITATION;90kV;Ille-et-Vilaine
R.ROU;ROCHES-ROUSSILLON;Poste de transformation;ACCORD ADMINISTRATIF;225kV;Ardèche
A.DOU;ARNAC-SUR-DOURDOU;Poste de transformation;EN EXPLOITATION;225kV;Tarn
R.JAN;TIVERNON SNCF (ROUTE DE JANVILLE);Poste de transformation;EN EXPLOITATION;90kV;Eure-et-Loir
CLERA;CLERAC;Poste de transformation;EN EXPLOITATION;400kV;Charente-Maritime
ZSULA;PIQUAGE A SULAUZE;Point de piquage;EN EXPLOITATION;63kV;Bouches-du-Rhône
BELLO;BELLOY-EN-FRANCE;Poste de transformation;EN EXPLOITATION;225kV;Val-d'Oise
GRIM5;GRIMAUD;Poste de transformation;EN EXPLOITATION;63kV;Var
ZFRAI;PIQUAGE-A-FRAISES;Point de piquage;EN EXPLOITATION;225kV;Marne
C.VE5;CROIX-VERTE (LA);Poste de transformation;EN EXPLOITATION;63kV;Yonne
ZBLOT;PIQUAGE A BLOTTEREAU;Point de piquage;EN EXPLOITATION;225kV;Loire-Atlantique
AUBE6;AUBERVILLIERS;Poste de transformation;EN EXPLOITATION;225kV;Hauts-de-Seine
ZMTLA;PIQUAGE A MONTLAUR;Point de piquage;EN EXPLOITATION;63kV;Haute-Garonne
C.CRA;COUSTIERES DE CRAU;Poste de transformation;ACCORD ADMINISTRATIF;63kV;Bouches-du-Rhône
CROSS;CROS;Poste de transformation;ACCORD ADMINISTRATIF;225kV;Val-d'Oise
BARBA;BARBAN;Poste de transformation;EN EXPLOITATION;225kV;Gironde
ZSAB6;PIQUAGE A SABATOUSE;Point de piquage;EN EXPLOITATION;63kV;Haute-Garonne
ZCAI6;PIQUAGE A CAIRAC;Point de piquage;EN EXPLOITATION;63kV;Aude
JAZEN;JAZENEUIL;Poste de transformation;EN EXPLOITATION;90kV;Deux-Sèvres
QUEBE;QUEBEC;Poste de transformation;ACCORD ADMINISTRATIF;225kV;Essonne
MONDI;MONDION;Poste de transformation;EN EXPLOITATION;225kV;Vienne
FAGNI;FAGNIERES;Poste de transformation;EN EXPLOITATION;63kV;Marne
H.VIE;HERIE-LA-VIEVILLE (LE);Poste de transformation;EN EXPLOITATION;225kV;Aisne
PRAL5;PRALONG;Poste de transformation;EN EXPLOITATION;225kV;Hautes-Alpes
1B.E5;BELLE-ETOILE (RHODIACETA) /BELLE-ETOILE 10KV;Poste de transformation;EN EXPLOITATION;<45kV;Rhône
1BIAR;BIARD /SAILLANT 8KV;Poste de transformation;EN EXPLOITATION;<45kV;Corrèze
1LUZE;LUZENAC;Poste de transformation;EN EXPLOITATION;<45kV;Ariège
1MTER;MONTEREAU /CHESNOY 5KV;Poste de transformation;EN EXPLOITATION;<45kV;Seine-et-Marne
1ONER;ONERA /AVRIEUX 10KV;Poste de transformation;EN EXPLOITATION;<45kV;Savoie
1P.CL;PONT-DE-CLAIX /CHAMPAGNIE;Poste de transformation;EN EXPLOITATION;<45kV;Isère
1SSGO;ST-GOBAIN /GRAND-QUEVILLY;Poste de transformation;EN EXPLOITATION;<45kV;Seine-Maritime
A.BAI;AIX-LES-BAINS;Poste de transformation;EN EXPLOITATION;63kV;Savoie
A.COM;AVESNES-LE-COMTE;Poste de transformation;EN EXPLOITATION;225kV;Pas-de-Calais
ABLAI;ABLAINCOURT;Poste de transformation;EN EXPLOITATION;225kV;Somme
AGUES;AGUESSAC;Poste de transformation;EN EXPLOITATION;63kV;Aveyron
AIME;AIME;Poste de transformation;EN EXPLOITATION;63kV;Savoie
AIRVA;AIRVAULT;Poste de transformation;EN EXPLOITATION;225kV;Deux-Sèvres
ALERI;ALERIE;Poste de transformation;EN EXPLOITATION;90kV;Manche
AMBE5;AMBERT;Poste de transformation;EN EXPLOITATION;63kV;Puy-de-Dôme
AMILL;AMILLY;Poste de transformation;EN EXPLOITATION;90kV;Loiret
AMPE5;AMPERE (VILLEFRANCHE-SUR-SAONE);Poste de transformation;EN EXPLOITATION;63kV;Rhône
AMPE7;AMPEREVIELLE;Poste de transformation;EN EXPLOITATION;63kV;Hautes-Pyrénées
AMPLE;AMPLEPUIS;Poste de transformation;EN EXPLOITATION;63kV;Rhône
AMPON;AMPONT;Poste de transformation;EN EXPLOITATION;225kV;Yvelines
ANCIZ;ANCIZES (LES);Poste de transformation;EN EXPLOITATION;63kV;Puy-de-Dôme
ANDUZ;ANDUZE;Poste de transformation;EN EXPLOITATION;63kV;Gard
ANGE5;ANGELIN;Poste de transformation;EN EXPLOITATION;45kV;Savoie
ANNEM;ANNEMASSE;Poste de transformation;EN EXPLOITATION;63kV;
ANSER;ANSEREUILLES (LES);Poste de transformation;EN EXPLOITATION;225kV;Nord
APT;APT;Poste de transformation;EN EXPLOITATION;63kV;Vaucluse
ARBI2;ARBINE 2;Poste de transformation;EN EXPLOITATION;45kV;Savoie
ARENC;ARENC;Poste de transformation;EN EXPLOITATION;225kV;
ARGE6;ARGENTEUIL;Poste de transformation;EN EXPLOITATION;225kV;Yvelines
ARGI5;ARGIA;Poste de transformation;EN EXPLOITATION;HORS TENSION;Pyrénées-Atlantiques
ARGOE;ARGOEUVES;Poste de transformation;EN EXPLOITATION;400kV;Somme
ARGON;ARGONAY;Poste de transformation;EN EXPLOITATION;63kV;Haute-Savoie
ARLY;ARLY;Poste de transformation;EN EXPLOITATION;63kV;Haute-Savoie
ARQUE;ARQUES;Poste de transformation;EN EXPLOITATION;90kV;Pas-de-Calais
ARRAS;ARRAS;Poste de transformation;EN EXPLOITATION;90kV;Pas-de-Calais
ARRIG;ARRIGHI;Poste de transformation;EN EXPLOITATION;225kV;Val-de-Marne
ARTOU;ARTOUSTE;Poste de transformation;EN EXPLOITATION;63kV;Pyrénées-Atlantiques
ARVAN;ARVAN;Poste de transformation;EN EXPLOITATION;45kV;Savoie
ASPR5;ASPRES;Poste de transformation;EN EXPLOITATION;63kV;Pyrénées-Orientales
ASTIL;ASTILLE;Poste de transformation;EN EXPLOITATION;90kV;Mayenne
ASTON;ASTON;Poste de transformation;EN EXPLOITATION;225kV;Ariège
ATTAQ;ATTAQUES (LES);Poste de transformation;EN EXPLOITATION;400kV;Pas-de-Calais
AUBES;AUBES (LES);Poste de transformation;EN EXPLOITATION;63kV;Bouches-du-Rhône
AUBET;AUBETTE;Poste de transformation;EN EXPLOITATION;225kV;Bouches-du-Rhône
AUMAL;AUMALE;Poste de transformation;EN EXPLOITATION;90kV;Seine-Maritime
AUMON;AUMONE (L );Poste de transformation;EN EXPLOITATION;63kV;Haute-Savoie
AUZER;AUZERETTE;Poste de transformation;EN EXPLOITATION;90kV;Cantal
AVELI;AVELIN;Poste de transformation;EN EXPLOITATION;400kV;Nord
AVELO;AVELON;Poste de transformation;EN EXPLOITATION;63kV;Oise
AVEZE;AVEZE;Poste de transformation;EN EXPLOITATION;63kV;Gard
AVOIN;AVOINE;Poste de transformation;EN EXPLOITATION;225kV;Indre-et-Loire
AVREU;AVREUIL;Poste de transformation;EN EXPLOITATION;63kV;Aube
AVRIL;AVRILLE;Poste de transformation;EN EXPLOITATION;90kV;Maine-et-Loire
AYTRE;AYTRE;Poste de transformation;EN EXPLOITATION;90kV;
B.ARC;BOURBON-L ARCHAMBAULT;Poste de transformation;EN EXPLOITATION;63kV;Allier
B.BAI;BAINS-LES-BAINS;Poste de transformation;EN EXPLOITATION;63kV;Vosges
B.EPI;BELLE-EPINE;Poste de transformation;EN EXPLOITATION;225kV;Ille-et-Vilaine
B.LOM;BEAUMONT-DE-LOMAGNE;Poste de transformation;EN EXPLOITATION;63kV;Tarn-et-Garonne
B.MON;BEAUMONT-MONTEUX;Poste de transformation;EN EXPLOITATION;400kV;Drôme
B.RE6;BOIS DE RENAN;Poste de transformation;EN EXPLOITATION;63kV;Haute-Saône
B.TOL;BOIS-TOLLOT;Poste de transformation;EN EXPLOITATION;400kV;Ain
BAIGT;BAIGTS;Poste de transformation;EN EXPLOITATION;63kV;Pyrénées-Atlantiques
BARAG;BARAGARRY;Poste de transformation;EN EXPLOITATION;63kV;Pyrénées-Atlantiques
BARBE;BARBEZIEUX;Poste de transformation;EN EXPLOITATION;90kV;Charente
BARTH;BARTHE (LA);Poste de transformation;EN EXPLOITATION;63kV;Hautes-Pyrénées
BATZE;BATZENDORF;Poste de transformation;EN EXPLOITATION;225kV;Bas-Rhin
BAUGE;BAUGE;Poste de transformation;EN EXPLOITATION;90kV;Maine-et-Loire
BAYEU;BAYEUX;Poste de transformation;EN EXPLOITATION;90kV;Calvados
BAZAN;BAZANCOURT;Poste de transformation;EN EXPLOITATION;63kV;Marne
BEDA5;BEDARRIDES;Poste de transformation;EN EXPLOITATION;63kV;Vaucluse
BEFFE;BEFFES;Poste de transformation;EN EXPLOITATION;63kV;Cher
BELNE;BELNEUF;Poste de transformation;EN EXPLOITATION;90kV;Loiret
BELON;BELONIERE (LA);Poste de transformation;EN EXPLOITATION;90kV;Indre-et-Loire
BELV5;BELVES;Poste de transformation;EN EXPLOITATION;63kV;Dordogne
BELVE;BELVEDERE;Poste de transformation;EN EXPLOITATION;63kV;Alpes-Maritimes
BENFE;BENFELD;Poste de transformation;EN EXPLOITATION;63kV;Bas-Rhin
BENS;BENS (LE);Poste de transformation;EN EXPLOITATION;63kV;Savoie
BEON;BEON;Poste de transformation;EN EXPLOITATION;63kV;Côte-d'Or
BERG5;BERGERAC (DISTRIBUTEUR);Poste de transformation;EN EXPLOITATION;63kV;Dordogne
BERG7;BERGERIE (LA);Poste de transformation;EN EXPLOITATION;63kV;Var
BERGH;BERGHOLZ;Poste de transformation;EN EXPLOITATION;225kV;Moselle
BETTA;BETTANT;Poste de transformation;EN EXPLOITATION;63kV;Ain
BIARR;BIARRITZ (BIARRITZ);Poste de transformation;EN EXPLOITATION;63kV;
BIBER;BIBERKIRCH;Poste de transformation;EN EXPLOITATION;63kV;Moselle
BIGNA;BIGNAN;Poste de transformation;EN EXPLOITATION;63kV;Morbihan
BILEM;BILEMONT;Poste de transformation;EN EXPLOITATION;90kV;Nord
BIONN;BIONNAY;Poste de transformation;EN EXPLOITATION;63kV;Haute-Savoie
BIRON;BIRON;Poste de transformation;EN EXPLOITATION;90kV;Essonne
BLAN5;BLANQUEFORT (FORD);Poste de transformation;EN EXPLOITATION;63kV;Gironde
BLYE;BLYE;Poste de transformation;EN EXPLOITATION;63kV;Jura
BOCAG;BOCAGE;Poste de transformation;EN EXPLOITATION;90kV;Calvados
BOCTO;BOCTOIS;Poste de transformation;EN EXPLOITATION;400kV;Aube
BOEGE;BOEGE;Poste de transformation;EN EXPLOITATION;63kV;Haute-Savoie
BOISS;BOISSE (LA);Poste de transformation;EN EXPLOITATION;400kV;Ain
BONDY;BONDY;Poste de transformation;EN EXPLOITATION;63kV;Seine-Saint-Denis
BONN9;BONNETABLE;Poste de transformation;EN EXPLOITATION;90kV;Sarthe
BONNA;BONNAT;Poste de transformation;EN EXPLOITATION;90kV;Creuse
BOR.C;BORDEAUX-CENTRE;Poste de transformation;EN EXPLOITATION;225kV;Gironde
BORD5;BORDES;Poste de transformation;EN EXPLOITATION;63kV;Ariège
BORD6;BORDES (TURBOMECA);Poste de transformation;EN EXPLOITATION;63kV;Pyrénées-Atlantiques
BORDE;BORDERES;Poste de transformation;EN EXPLOITATION;63kV;Hautes-Pyrénées
BORT;BORT;Poste de transformation;EN EXPLOITATION;225kV;Corrèze
BOSCH;BOSCHERVILLE;Poste de transformation;EN EXPLOITATION;225kV;Eure
BOUC7;BOUCHET;Poste de transformation;EN EXPLOITATION;63kV;Aude
BOUFF;BOUFFERE;Poste de transformation;EN EXPLOITATION;90kV;Loire-Atlantique
BOUI5;BOUILLENS;Poste de transformation;EN EXPLOITATION;63kV;Gard
BOULB;BOULBONNE;Poste de transformation;EN EXPLOITATION;63kV;Haute-Garonne
BOULE;BOULE (LA);Poste de transformation;EN EXPLOITATION;225kV;Yvelines
BOUV5;BOUVETS;Poste de transformation;EN EXPLOITATION;63kV;Val-de-Marne
BOUVA;BOUVANTE;Poste de transformation;EN EXPLOITATION;63kV;Drôme
BOZEL;BOZEL;Poste de transformation;EN EXPLOITATION;63kV;Savoie
BRAEK;BRAEK;Poste de transformation;EN EXPLOITATION;225kV;
BRAIN;BRAINS;Poste de transformation;EN EXPLOITATION;225kV;Loire-Atlantique
BREAL;BREAL;Poste de transformation;EN EXPLOITATION;90kV;Ille-et-Vilaine
BREAU;BREAU;Poste de transformation;EN EXPLOITATION;225kV;Yonne
BREJO;BREJOU (LE);Poste de transformation;EN EXPLOITATION;90kV;Haute-Vienne
BRENO;BRENOUILLE;Poste de transformation;EN EXPLOITATION;63kV;Oise
BREVI;BREVIERES (LES);Poste de transformation;EN EXPLOITATION;225kV;Savoie
BRILL;BRILLANNE (LA);Poste de transformation;EN EXPLOITATION;63kV;Alpes-de-Haute-Provence
BRIS;BRIS;Poste de transformation;EN EXPLOITATION;90kV;Charente-Maritime
BROMM;BROMMAT;Poste de transformation;EN EXPLOITATION;400kV;Aveyron
BUIS;BUIS (LES);Poste de transformation;EN EXPLOITATION;90kV;Cher
BUTTE;BUTTE;Poste de transformation;EN EXPLOITATION;90kV;Ille-et-Vilaine
BUZEN;BUZENVAL;Poste de transformation;EN EXPLOITATION;63kV;Yvelines
BVUE;BELLEVUE;Poste de transformation;EN EXPLOITATION;63kV;Haute-Loire
BXCH5;BEAUCHAMPS;Poste de transformation;EN EXPLOITATION;225kV;Seine-Maritime
BXFOR;BEAUFORT;Poste de transformation;EN EXPLOITATION;45kV;Savoie
BXGEN;BEAUGENCY;Poste de transformation;EN EXPLOITATION;90kV;Loir-et-Cher
BXMET;BEAUMETTES (LES);Poste de transformation;EN EXPLOITATION;63kV;Vaucluse
BXMON;BEAUMONT (BEAUMONT-DE-PERTUIS);Poste de transformation;EN EXPLOITATION;225kV;Vaucluse
BXREG;BEAUREGARD (BRIVE-LA-GAILLARDE);Poste de transformation;EN EXPLOITATION;90kV;Corrèze
BXTO5;BEAUTOR (POSTE);Poste de transformation;EN EXPLOITATION;225kV;Aisne
BZGUE;BOURGUEIL;Poste de transformation;EN EXPLOITATION;90kV;Indre-et-Loire
BZSEU;BOURSEUL;Poste de transformation;EN EXPLOITATION;63kV;Côtes-d'Armor
C.BAP;CROIX-BAPTISTE (LA);Poste de transformation;EN EXPLOITATION;63kV;Val-d'Oise
C.GEA;CHAMP-DU-GEAI;Poste de transformation;EN EXPLOITATION;63kV;Loire
C.GON;CHATEAU-GONTIER;Poste de transformation;EN EXPLOITATION;90kV;Mayenne
C.HIN;CROIX-D HINS;Poste de transformation;EN EXPLOITATION;63kV;Gironde
C.LO5;CHATEAU-DU-LOIR;Poste de transformation;EN EXPLOITATION;90kV;Sarthe
C.REA;CHAPELLE-REANVILLE (LA);Poste de transformation;EN EXPLOITATION;90kV;Eure
C.RO5;CHOISY-LE-ROI (CLIENT);Poste de transformation;EN EXPLOITATION;63kV;Val-de-Marne
CABAS;CABASSE;Poste de transformation;EN EXPLOITATION;63kV;Var
CAIL5;CAILLOLS;Poste de transformation;EN EXPLOITATION;225kV;Bouches-du-Rhône
CAIRA;CAIRANNE;Poste de transformation;EN EXPLOITATION;63kV;Vaucluse
CAMBE;CAMBEYRAC;Poste de transformation;EN EXPLOITATION;63kV;Aveyron
CAMP;CAMP (LE);Poste de transformation;EN EXPLOITATION;63kV;Bouches-du-Rhône
CANET;CANET;Poste de transformation;EN EXPLOITATION;63kV;Pyrénées-Orientales
CANTE;CANTEGRIT;Poste de transformation;EN EXPLOITATION;400kV;Landes
CAPEL;CAPELLE (LA);Poste de transformation;EN EXPLOITATION;400kV;Aisne
CAPEN;CAPENDU;Poste de transformation;EN EXPLOITATION;63kV;Aude
CARDI;CARDINET;Poste de transformation;EN EXPLOITATION;225kV;Hauts-de-Seine
CARHA;CARHAIX;Poste de transformation;EN EXPLOITATION;63kV;Finistère
CARON;CARONTE;Poste de transformation;EN EXPLOITATION;63kV;
CARP5;CARPENTIER;Poste de transformation;EN EXPLOITATION;90kV;Manche
CASSE;CASSEAUX (LES);Poste de transformation;EN EXPLOITATION;90kV;Haute-Vienne
CASTI;CASTILLON (LE);Poste de transformation;EN EXPLOITATION;150kV;Alpes-de-Haute-Provence
CATOY;CATOY;Poste de transformation;EN EXPLOITATION;63kV;Lot-et-Garonne
CATT5;CATTENOM (STATION DE POMPAGE);Poste de transformation;EN EXPLOITATION;63kV;Moselle
CAUD5;CAUDEBECQUET;Poste de transformation;EN EXPLOITATION;90kV;Seine-Maritime
CAUDE;CAUDEAU;Poste de transformation;EN EXPLOITATION;63kV;Dordogne
CAUDR;CAUDRY;Poste de transformation;EN EXPLOITATION;63kV;Nord
CAULA;CAULAINCOURT;Poste de transformation;EN EXPLOITATION;225kV;Hauts-de-Seine
CAVAO;CAVAOU;Poste de transformation;EN EXPLOITATION;63kV;Bouches-du-Rhône
CBAUD;CHAMBAUD;Poste de transformation;EN EXPLOITATION;225kV;Drôme
CBRY;CHAMBRY;Poste de transformation;EN EXPLOITATION;400kV;Seine-et-Marne
CENON;CENON;Poste de transformation;EN EXPLOITATION;63kV;Gironde
CERN;C.E.R.N.;Poste de transformation;EN EXPLOITATION;400kV;Ain
CHAFA;CHAFAUDS;Poste de transformation;EN EXPLOITATION;90kV;Loiret
CHAIL;CHAILLOTS (LES);Poste de transformation;EN EXPLOITATION;63kV;Yonne
CHAL7;CHALAMPE;Poste de transformation;EN EXPLOITATION;225kV;Haut-Rhin
CHAND;CHANDIEU;Poste de transformation;EN EXPLOITATION;63kV;Rhône
CHANG;CHANGE;Poste de transformation;EN EXPLOITATION;90kV;Mayenne
CHANT;CHANTIERS;Poste de transformation;EN EXPLOITATION;63kV;Loire-Atlantique
CHAP5;CHAPELLE (LA) (AUX NAUX);Poste de transformation;EN EXPLOITATION;90kV;Indre-et-Loire
CHARB;CHARBONNIERE;Poste de transformation;EN EXPLOITATION;90kV;Charente-Maritime
CHARE;CHARENTON;Poste de transformation;EN EXPLOITATION;225kV;Paris
CHAST;CHASTANG (LE);Poste de transformation;EN EXPLOITATION;225kV;Corrèze
CHAZ5;CHAZELLES;Poste de transformation;EN EXPLOITATION;63kV;Loire
CHEDD;CHEDDE (S.E.R.S.);Poste de transformation;EN EXPLOITATION;45kV;Haute-Savoie
CHENE;CHENET;Poste de transformation;EN EXPLOITATION;225kV;Essonne
CHEPP;CHEPPES;Poste de transformation;EN EXPLOITATION;63kV;Marne
CHESS;CHESSY (-LES-MINES);Poste de transformation;EN EXPLOITATION;63kV;Rhône
CHOC5;CHOCQUET;Poste de transformation;EN EXPLOITATION;90kV;Pas-de-Calais
CHOO5;CHOOZ;Poste de transformation;EN EXPLOITATION;225kV;Ardennes
CIZE;CIZE;Poste de transformation;EN EXPLOITATION;225kV;Ain
CLAIR;CLAIREFONTAINE;Poste de transformation;EN EXPLOITATION;63kV;Vosges
CNREI;CHANTEREINE;Poste de transformation;EN EXPLOITATION;63kV;Oise
COATA;COATAUDON;Poste de transformation;EN EXPLOITATION;63kV;Finistère
COCHE;COCHE (LA);Poste de transformation;EN EXPLOITATION;400kV;Savoie
CODOL;CODOLET;Poste de transformation;EN EXPLOITATION;63kV;Gard
COIG5;COIGNIERES;Poste de transformation;EN EXPLOITATION;63kV;Yvelines
COL.N;COLMAR-NORD;Poste de transformation;EN EXPLOITATION;63kV;Haut-Rhin
COLMA;COLMAR (S.N.C.F.);Poste de transformation;EN EXPLOITATION;63kV;Haut-Rhin
COLO5;COLOMIERS;Poste de transformation;EN EXPLOITATION;63kV;Haute-Garonne
COLO6;COLOMB;Poste de transformation;EN EXPLOITATION;63kV;Gard
COMB7;COMBES(LES);Poste de transformation;EN EXPLOITATION;90kV;Charente
COMM6;COMMERCY;Poste de transformation;EN EXPLOITATION;63kV;Meuse
COMPA;COMPAS (LES);Poste de transformation;EN EXPLOITATION;90kV;Seine-Maritime
CONF6;CONFOLENS;Poste de transformation;EN EXPLOITATION;90kV;Charente
CONTR;CONTRES;Poste de transformation;EN EXPLOITATION;90kV;Loir-et-Cher
COR.P;CORDEMAIS-POSTE;Poste de transformation;EN EXPLOITATION;400kV;Loire-Atlantique
CORD6;CORDES;Poste de transformation;EN EXPLOITATION;63kV;Tarn
CORGO;CORGOLOIN;Poste de transformation;EN EXPLOITATION;63kV;Côte-d'Or
CORIO;CORIOLIS;Poste de transformation;EN EXPLOITATION;225kV;Paris
COSNE;COSNE;Poste de transformation;EN EXPLOITATION;63kV;Cher
COUDR;COUDRAIE;Poste de transformation;EN EXPLOITATION;90kV;Orne
CPIG5;CHAMPIGNY;Poste de transformation;EN EXPLOITATION;63kV;Yonne
CPNI5;CHAMPNIERS;Poste de transformation;EN EXPLOITATION;90kV;Charente
CREC5;CRECHY;Poste de transformation;EN EXPLOITATION;63kV;Allier
CRECH;CRECHES;Poste de transformation;EN EXPLOITATION;63kV;Saône-et-Loire
CRENE;CRENEY;Poste de transformation;EN EXPLOITATION;225kV;Aube
CRESS;CRESSANGES;Poste de transformation;EN EXPLOITATION;63kV;Allier
CREUT;CREUTZWALD;Poste de transformation;EN EXPLOITATION;63kV;Moselle
CROIS;CROISSANT (LE);Poste de transformation;EN EXPLOITATION;90kV;Calvados
CROUX;CROUX (LA);Poste de transformation;EN EXPLOITATION;63kV;Tarn
CRUA5;CRUAS (-MEYSSE);Poste de transformation;EN EXPLOITATION;400kV;Ardèche
CRUAS;CRUAS (CLIENT);Poste de transformation;EN EXPLOITATION;63kV;Ardèche
CRUSE;CRUSEILLES;Poste de transformation;EN EXPLOITATION;225kV;Haute-Savoie
CTAUB;CHATEAUBRIANT;Poste de transformation;EN EXPLOITATION;90kV;Loire-Atlantique
CTAUF;CHATEAUFEUILLET;Poste de transformation;EN EXPLOITATION;45kV;Savoie
CTAUN;CHATEAUNEUF;Poste de transformation;EN EXPLOITATION;63kV;Ardèche
CTLLE;CHATELLERAULT;Poste de transformation;EN EXPLOITATION;90kV;Vienne
CUBNE;CUBNEZAIS;Poste de transformation;EN EXPLOITATION;400kV;Gironde
CULOZ;CULOZ;Poste de transformation;EN EXPLOITATION;63kV;Ain
CUSTI;CUSTINE;Poste de transformation;EN EXPLOITATION;225kV;Meurthe-et-Moselle
CXFFA;CHAUFFAILLES;Poste de transformation;EN EXPLOITATION;63kV;Saône-et-Loire
CXMET;CHAUMETTE;Poste de transformation;EN EXPLOITATION;90kV;Indre-et-Loire
CXVEN;CHAUVENCY;Poste de transformation;EN EXPLOITATION;63kV;Meuse
CZCEL;COURCELLES;Poste de transformation;EN EXPLOITATION;225kV;Hauts-de-Seine
CZTIL;COURTILLERE (LA);Poste de transformation;EN EXPLOITATION;90kV;Charente
CZTRY;COURTRY;Poste de transformation;EN EXPLOITATION;225kV;Seine-et-Marne
DAMPJ;DAMPJOUX;Poste de transformation;EN EXPLOITATION;63kV;Doubs
DECHY;DECHY;Poste de transformation;EN EXPLOITATION;225kV;Nord
DIE;DIE;Poste de transformation;EN EXPLOITATION;63kV;Drôme
DIEUP;DIEUPENTALE;Poste de transformation;EN EXPLOITATION;63kV;Tarn-et-Garonne
DINAR;DINARD;Poste de transformation;EN EXPLOITATION;63kV;Ille-et-Vilaine
DOCEL;DOCELLES;Poste de transformation;EN EXPLOITATION;63kV;Vosges
DOGNE;DOGNEVILLE;Poste de transformation;EN EXPLOITATION;63kV;Vosges
DOMEN;DOMENE;Poste de transformation;EN EXPLOITATION;63kV;Isère
DORDI;DORDIVES;Poste de transformation;EN EXPLOITATION;90kV;Seine-et-Marne
DOUVA;DOUVAINE;Poste de transformation;EN EXPLOITATION;63kV;
DOUVO;DOUVOT;Poste de transformation;EN EXPLOITATION;63kV;Doubs
DOUZE;DOUZE (LES);Poste de transformation;EN EXPLOITATION;90kV;Somme
DTPS;DTPS;Poste de transformation;EN EXPLOITATION;63kV;Moselle
DUVY;DUVY;Poste de transformation;EN EXPLOITATION;63kV;Oise
ECRAI;ECRAINVILLE;Poste de transformation;EN EXPLOITATION;90kV;Seine-Maritime
EGUIL;EGUILLES;Poste de transformation;EN EXPLOITATION;63kV;Bouches-du-Rhône
EPINE;EPINETTE;Poste de transformation;EN EXPLOITATION;225kV;Nord
ESQUE;ESQUERCHIN;Poste de transformation;EN EXPLOITATION;90kV;Pas-de-Calais
ESSA5;ESSARTS;Poste de transformation;EN EXPLOITATION;90kV;Vendée
ETAI5;ETAIN;Poste de transformation;EN EXPLOITATION;63kV;Meuse
ETINC;ETINCHELLE;Poste de transformation;EN EXPLOITATION;225kV;Pas-de-Calais
ETIVA;ETIVAL;Poste de transformation;EN EXPLOITATION;225kV;Vosges
EVRO1;EVRON 1;Poste de transformation;EN EXPLOITATION;90kV;Mayenne
F.ALL;FOUX D ALLOS;Poste de transformation;EN EXPLOITATION;63kV;Alpes-de-Haute-Provence
F.BER;FERTE-BERNARD (LA);Poste de transformation;EN EXPLOITATION;90kV;Sarthe
F.RAF;FEYZIN RAFFINERIE;Poste de transformation;EN EXPLOITATION;63kV;Rhône
FALLO;FALLOU;Poste de transformation;EN EXPLOITATION;63kV;Yvelines
FAYMO;FAYMOREAU;Poste de transformation;EN EXPLOITATION;90kV;Vendée
FEROU;FEROUGE;Poste de transformation;EN EXPLOITATION;225kV;Dordogne
FERRA;FERRANDE (LA);Poste de transformation;EN EXPLOITATION;90kV;Indre
FESS5;FESSENHEIM (CENTRALE NUCLEAIRE);Poste de transformation;EN EXPLOITATION;400kV;Haut-Rhin
FEURS;FEURS;Poste de transformation;EN EXPLOITATION;225kV;Loire
FEYSS;FEYSSINE(LA);Poste de transformation;EN EXPLOITATION;63kV;Rhône
FIRMI;FIRMINELLES;Poste de transformation;EN EXPLOITATION;63kV;Gard
FISME;FISMES;Poste de transformation;EN EXPLOITATION;63kV;Aisne
FLAMA;FLAMANVILLE;Poste de transformation;EN EXPLOITATION;400kV;
FLAME;FLAMENGRIE;Poste de transformation;EN EXPLOITATION;225kV;Pas-de-Calais
FLAMI;FLAMINA;Poste de transformation;EN EXPLOITATION;63kV;Puy-de-Dôme
FLAND;FLANDRE;Poste de transformation;EN EXPLOITATION;225kV;Paris
FLEAC;FLEAC;Poste de transformation;EN EXPLOITATION;225kV;Charente
FLECH;FLECHE (LA);Poste de transformation;EN EXPLOITATION;90kV;Sarthe
FLERS;FLERS;Poste de transformation;EN EXPLOITATION;225kV;Orne
FORBA;FORBACH;Poste de transformation;EN EXPLOITATION;63kV;
FOUR5;FOURMIES (CLIENT);Poste de transformation;EN EXPLOITATION;63kV;Aisne
FOUTE;FOUTEIN;Poste de transformation;EN EXPLOITATION;225kV;Nord
FREIG;FREIGNE;Poste de transformation;EN EXPLOITATION;90kV;Loire-Atlantique
FREJO;FREJORGUES;Poste de transformation;EN EXPLOITATION;63kV;Hérault
FREVE;FREVENT;Poste de transformation;EN EXPLOITATION;90kV;Pas-de-Calais
FROGE;FROGES;Poste de transformation;EN EXPLOITATION;225kV;Isère
FROME;FROMELENNES;Poste de transformation;EN EXPLOITATION;63kV;Ardennes
FRON5;FRONTENAUD;Poste de transformation;EN EXPLOITATION;63kV;Saône-et-Loire
FTOY;FONTOY;Poste de transformation;EN EXPLOITATION;63kV;Meurthe-et-Moselle
FUGER;FUGEROLLE;Poste de transformation;EN EXPLOITATION;63kV;Drôme
G.HAM;GRAND HAMEAU (LE);Poste de transformation;EN EXPLOITATION;90kV;Eure
LOCHE;LOCHES;Poste de transformation;EN EXPLOITATION;90kV;Indre-et-Loire
LODEV;LODEVE;Poste de transformation;EN EXPLOITATION;63kV;Hérault
LOMBA;LOMBARDERIE (LA);Poste de transformation;EN EXPLOITATION;90kV;Loiret
LONG5;LONGUYON;Poste de transformation;EN EXPLOITATION;63kV;Meurthe-et-Moselle
LONG6;LONGEFAN;Poste de transformation;EN EXPLOITATION;225kV;Savoie
LONG7;LONGEVILLE;Poste de transformation;EN EXPLOITATION;90kV;Vendée
LONG9;LONGUENESSE;Poste de transformation;EN EXPLOITATION;225kV;Pas-de-Calais
LORIO;LORIOL;Poste de transformation;EN EXPLOITATION;63kV;Ardèche
LOTHI;LOTHIERS;Poste de transformation;EN EXPLOITATION;90kV;Indre
LOUBE;LOUBERT;Poste de transformation;EN EXPLOITATION;90kV;Charente
LOUD5;LOUDENVIELLE (PORTIQUE);Poste de transformation;EN EXPLOITATION;63kV;Hautes-Pyrénées
LOUVE;LOUVECIENNES;Poste de transformation;EN EXPLOITATION;63kV;Yvelines
LUMES;LUMES;Poste de transformation;EN EXPLOITATION;225kV;Ardennes
LUTTE;LUTTERBACH;Poste de transformation;EN EXPLOITATION;225kV;Haut-Rhin
LUXEU;LUXEUIL;Poste de transformation;EN EXPLOITATION;63kV;Haute-Saône
LUZ;LUZ;Poste de transformation;EN EXPLOITATION;63kV;Hautes-Pyrénées
M.BRU;MAS-BRUNO;Poste de transformation;EN EXPLOITATION;225kV;Pyrénées-Orientales
M.JUL;MOTTE-JULIENNE (LA);Poste de transformation;EN EXPLOITATION;90kV;Nord
M.LAN;MONTAGNY-LES-LANCHES;Poste de transformation;EN EXPLOITATION;400kV;Haute-Savoie
M.MAU;MELLES-SUR-MAUDAN;Poste de transformation;EN EXPLOITATION;63kV;Haute-Garonne
M.SEN;MIRAMONT-SENSACQ;Poste de transformation;EN EXPLOITATION;63kV;Landes
M.VIR;MONCEAUX-LA-VIROLE;Poste de transformation;EN EXPLOITATION;90kV;Corrèze
MAC.S;MACON-SUD;Poste de transformation;EN EXPLOITATION;63kV;Saône-et-Loire
MACHE;MACHECOUL;Poste de transformation;EN EXPLOITATION;63kV;Loire-Atlantique
MACON;MACON;Poste de transformation;EN EXPLOITATION;225kV;Saône-et-Loire
MAINT;MAINTENON;Poste de transformation;EN EXPLOITATION;90kV;Eure-et-Loir
MAINV;MAINVILLIERS;Poste de transformation;EN EXPLOITATION;90kV;Eure-et-Loir
MALA6;MALASSIS;Poste de transformation;EN EXPLOITATION;225kV;Paris
MALEB;MALEBARGE;Poste de transformation;EN EXPLOITATION;63kV;Bouches-du-Rhône
MALMA;MALMAISON;Poste de transformation;EN EXPLOITATION;90kV;Eure
MAMBE;MAMBELIN;Poste de transformation;EN EXPLOITATION;400kV;Doubs
MANCI;MANCIOUX;Poste de transformation;EN EXPLOITATION;63kV;Haute-Garonne
MANO5;MANOISE;Poste de transformation;EN EXPLOITATION;63kV;Aisne
MARA8;MARANTE;Poste de transformation;EN EXPLOITATION;63kV;Yvelines
MARC6;MARCILLY;Poste de transformation;EN EXPLOITATION;63kV;Côte-d'Or
MARG5;MARGATS;Poste de transformation;EN EXPLOITATION;63kV;Seine-et-Marne
MARI6;MARIE;Poste de transformation;EN EXPLOITATION;63kV;Drôme
MARIA;MARIANNE;Poste de transformation;EN EXPLOITATION;63kV;Yvelines
MARL7;MARLENS;Poste de transformation;EN EXPLOITATION;63kV;Haute-Savoie
MARL8;MARLY;Poste de transformation;EN EXPLOITATION;63kV;Moselle
MARLE;MARLE;Poste de transformation;EN EXPLOITATION;90kV;Aisne
MARM5;MARMANDE;Poste de transformation;EN EXPLOITATION;63kV;Lot-et-Garonne
MARNI;MARNISE (LA);Poste de transformation;EN EXPLOITATION;225kV;Ain
MARSA;MARSAC;Poste de transformation;EN EXPLOITATION;63kV;Dordogne
MARTY;MARTYRE (LA);Poste de transformation;EN EXPLOITATION;400kV;Finistère
MATHA;MATHA;Poste de transformation;EN EXPLOITATION;90kV;Charente-Maritime
MAUBE;MAUBEUGE;Poste de transformation;EN EXPLOITATION;225kV;Nord
MAUGE;MAUGES (LES);Poste de transformation;EN EXPLOITATION;225kV;Maine-et-Loire
MAUZA;MAUZAC;Poste de transformation;EN EXPLOITATION;63kV;Dordogne
MAYEN;MAYENNE;Poste de transformation;EN EXPLOITATION;90kV;Mayenne
MAZE;MAZE;Poste de transformation;EN EXPLOITATION;90kV;Maine-et-Loire
MEHUN;MEHUN (-SUR-YEVRE);Poste de transformation;EN EXPLOITATION;90kV;Cher
MELGV;MELGVEN;Poste de transformation;EN EXPLOITATION;63kV;Finistère
MELLE;MELLE;Poste de transformation;EN EXPLOITATION;90kV;Deux-Sèvres
MENUE;MENUEL;Poste de transformation;EN EXPLOITATION;400kV;Manche
MERE5;MERENS (PORT SNCF);Poste de transformation;EN EXPLOITATION;63kV;Ariège
MEREN;MERENS;Poste de transformation;EN EXPLOITATION;225kV;Ariège
MESS5;MESSEMPRE (PORTIQUE);Poste de transformation;EN EXPLOITATION;63kV;Ardennes
MESSA;MESSAC;Poste de transformation;EN EXPLOITATION;90kV;Ille-et-Vilaine
MEURS;MEURSAULT;Poste de transformation;EN EXPLOITATION;63kV;Côte-d'Or
MEYTH;MEYTHET;Poste de transformation;EN EXPLOITATION;63kV;Haute-Savoie
MEYZI;MEYZIEU;Poste de transformation;EN EXPLOITATION;225kV;Rhône
MEZE5;MEZEROLLES;Poste de transformation;EN EXPLOITATION;400kV;Yvelines
MIGOE;MIGOELOU;Poste de transformation;EN EXPLOITATION;150kV;Pyrénées-Atlantiques
MINIM;MINIMES;Poste de transformation;EN EXPLOITATION;90kV;Charente-Maritime
MIZOE;MIZOEN;Poste de transformation;EN EXPLOITATION;63kV;Isère
MOLLE;MOLLEPIERRE;Poste de transformation;EN EXPLOITATION;63kV;Côte-d'Or
MOND5;MONDELANGE;Poste de transformation;EN EXPLOITATION;63kV;Moselle
MONDO;MONDOUBLEAU;Poste de transformation;EN EXPLOITATION;90kV;Loir-et-Cher
MORES;MORESTEL;Poste de transformation;EN EXPLOITATION;63kV;Isère
MORGE;MORGE (LA);Poste de transformation;EN EXPLOITATION;63kV;Aube
MORIN;MORINANT;Poste de transformation;EN EXPLOITATION;90kV;Charente-Maritime
MOTT6;MOTTAY (LE);Poste de transformation;EN EXPLOITATION;63kV;
MOUIL;MOUILLONNE (LA);Poste de transformation;EN EXPLOITATION;63kV;Haute-Garonne
MOUNE;MOUNEDE;Poste de transformation;EN EXPLOITATION;63kV;Haute-Garonne
MOURE;MOUREMBOZ;Poste de transformation;EN EXPLOITATION;63kV;Doubs
MOUX;MOUX;Poste de transformation;EN EXPLOITATION;63kV;Jura
MOUZ5;MOUZON (PORTIQUE);Poste de transformation;EN EXPLOITATION;63kV;Ardennes
MOYEN;MOYENMOUTIER;Poste de transformation;EN EXPLOITATION;63kV;Vosges
MRLLA;MARTILLAC;Poste de transformation;EN EXPLOITATION;63kV;Gironde
MRNER;MARTINERIE (LA);Poste de transformation;EN EXPLOITATION;90kV;Haute-Vienne
MTAGN;MONTAGNY (LES BEAUNE);Poste de transformation;EN EXPLOITATION;63kV;Côte-d'Or
MTAUB;MONTAUBAN;Poste de transformation;EN EXPLOITATION;63kV;Tarn-et-Garonne
MTELI;MONTELIMAR;Poste de transformation;EN EXPLOITATION;63kV;Ardèche
MTERE;MONTEREAU;Poste de transformation;EN EXPLOITATION;400kV;Seine-et-Marne
MTEZI;MONTEZIC (CENTRALE);Poste de transformation;EN EXPLOITATION;400kV;Aveyron
MTLUE;MONTLUEL;Poste de transformation;EN EXPLOITATION;63kV;Ain
MTOIR;MONTOIR;Poste de transformation;EN EXPLOITATION;63kV;Loire-Atlantique
MTREA;MONTREAL;Poste de transformation;EN EXPLOITATION;63kV;Gers
MTREJ;MONTREJEAU;Poste de transformation;EN EXPLOITATION;63kV;Hautes-Pyrénées
MTRI5;MONTRICHARD;Poste de transformation;EN EXPLOITATION;90kV;Indre-et-Loire
MUHLB;MUHLBACH;Poste de transformation;EN EXPLOITATION;400kV;Haut-Rhin
MULHO;MULHOUSE;Poste de transformation;EN EXPLOITATION;63kV;Haut-Rhin
MUR;MUR (-DE-BRETAGNE);Poste de transformation;EN EXPLOITATION;225kV;Morbihan
N.BRI;NOTRE-DAME-DE-BRIANCON;Poste de transformation;EN EXPLOITATION;45kV;Savoie
N.ERD;NORT-SUR-ERDRE;Poste de transformation;EN EXPLOITATION;90kV;Loire-Atlantique
N.ROT;NOGENT-LE-ROTROU;Poste de transformation;EN EXPLOITATION;90kV;Orne
NANTE;NANTERRE (EDF);Poste de transformation;EN EXPLOITATION;225kV;Yvelines
NATI3;NATION III;Poste de transformation;EN EXPLOITATION;225kV;Paris
NAUCL;NAUCLAIR;Poste de transformation;EN EXPLOITATION;90kV;Charente
NAY;NAY;Poste de transformation;EN EXPLOITATION;63kV;Pyrénées-Atlantiques
NEVER;NEVERS;Poste de transformation;EN EXPLOITATION;63kV;Nièvre
NISSA;NISSAN;Poste de transformation;EN EXPLOITATION;63kV;Hérault
NOUET;NOUETTES;Poste de transformation;EN EXPLOITATION;63kV;Marne
OBERH;OBERHOFFEN;Poste de transformation;EN EXPLOITATION;63kV;Bas-Rhin
OCHE;OCHE (L);Poste de transformation;EN EXPLOITATION;63kV;Isère
ORAN6;ORANGE;Poste de transformation;EN EXPLOITATION;63kV;Vaucluse
ORCH5;ORCHIDEES (LES);Poste de transformation;EN EXPLOITATION;90kV;Cher
OSTRO;OSTROHOVE;Poste de transformation;EN EXPLOITATION;90kV;Pas-de-Calais
OULLI;OULLINS;Poste de transformation;EN EXPLOITATION;225kV;Rhône
OUTRE;OUTREAU;Poste de transformation;EN EXPLOITATION;90kV;
OYONN;OYONNAX;Poste de transformation;EN EXPLOITATION;63kV;Ain
P.ARC;PONT-DE-L ARCHE;Poste de transformation;EN EXPLOITATION;90kV;Seine-Maritime
P.BRI;PONT DE BRIQUES;Poste de transformation;EN EXPLOITATION;90kV;
P.CHR;PLEYBER-CHRIST;Poste de transformation;EN EXPLOITATION;225kV;Finistère
P.CL5;PONT DE CLAIX;Poste de transformation;EN EXPLOITATION;63kV;Isère
P.DEM;PONT-DES-DEMOISELLES;Poste de transformation;EN EXPLOITATION;63kV;Haute-Garonne
P.GAS;PLESSIS-GASSOT;Poste de transformation;EN EXPLOITATION;400kV;Val-d'Oise
P.GRA;PRE-GRAND;Poste de transformation;EN EXPLOITATION;63kV;Tarn
P.HA5;PLAINE HAUTE;Poste de transformation;EN EXPLOITATION;400kV;Côtes-d'Armor
P.PAI;PRE-EN-PAIL;Poste de transformation;EN EXPLOITATION;90kV;Mayenne
P.RHO;PORT-ST-LOUIS-DU-RHONE;Poste de transformation;EN EXPLOITATION;63kV;Bouches-du-Rhône
P.SAM;PONT-SUR-SAMBRE;Poste de transformation;EN EXPLOITATION;225kV;Nord
P.TEM;PORT-DU-TEMPLE;Poste de transformation;EN EXPLOITATION;63kV;Rhône
PAGAN;PAGANIN;Poste de transformation;EN EXPLOITATION;63kV;Alpes-Maritimes
PAILL;PAILLERES;Poste de transformation;EN EXPLOITATION;63kV;Gironde
PALA5;PALAISEAU;Poste de transformation;EN EXPLOITATION;63kV;Essonne
PALAN;PALANT (LE);Poste de transformation;EN EXPLOITATION;90kV;Charente
PALIS;PALISSE (LA);Poste de transformation;EN EXPLOITATION;63kV;Ardèche
PALUE;PALUEL;Poste de transformation;EN EXPLOITATION;400kV;
PANIS;PANISSO;Poste de transformation;EN EXPLOITATION;63kV;Pyrénées-Orientales
PAPAU;PAPAULT;Poste de transformation;EN EXPLOITATION;90kV;Vienne
PARAD;PARADIS (LE);Poste de transformation;EN EXPLOITATION;90kV;Cher
PAREN;PARENTIS;Poste de transformation;EN EXPLOITATION;63kV;Landes
PARTH;PARTHENAY;Poste de transformation;EN EXPLOITATION;90kV;Deux-Sèvres
PASIP;PASIPHAE;Poste de transformation;EN EXPLOITATION;63kV;Val-de-Marne
PAU.E;PAU-EST;Poste de transformation;EN EXPLOITATION;63kV;Pyrénées-Atlantiques
PAUIL;PAUILLAC;Poste de transformation;EN EXPLOITATION;63kV;Gironde
PEBER;PEBERNAT;Poste de transformation;EN EXPLOITATION;63kV;Ariège
PELOU;PELOUSE (LA);Poste de transformation;EN EXPLOITATION;90kV;Indre-et-Loire
PENC5;PENCHARD;Poste de transformation;EN EXPLOITATION;400kV;Seine-et-Marne
PENHA;PENHARS;Poste de transformation;EN EXPLOITATION;63kV;Finistère
PENLY;PENLY (POSTE CENTRALE);Poste de transformation;EN EXPLOITATION;400kV;
PERPI;PERPIGNAN;Poste de transformation;EN EXPLOITATION;63kV;Pyrénées-Orientales
PERRI;PERRIGNY;Poste de transformation;EN EXPLOITATION;63kV;Côte-d'Or
PERRO;PERROTINS (LES);Poste de transformation;EN EXPLOITATION;90kV;Charente
PEYME;PEYMEINADE;Poste de transformation;EN EXPLOITATION;63kV;Alpes-Maritimes
PINIE;PINIER (LE);Poste de transformation;EN EXPLOITATION;90kV;Charente-Maritime
PLAIS;PLAISANCE;Poste de transformation;EN EXPLOITATION;225kV;Seine-Saint-Denis
PLANC;PLANCHAMP;Poste de transformation;EN EXPLOITATION;63kV;Lozère
PLOUG;PLOUGASTEL;Poste de transformation;EN EXPLOITATION;63kV;
PLOUV;PLOUVARA;Poste de transformation;EN EXPLOITATION;63kV;Côtes-d'Armor
POISS;POISSY;Poste de transformation;EN EXPLOITATION;63kV;Yvelines
POISY;POISY;Poste de transformation;EN EXPLOITATION;63kV;Haute-Savoie
POLIS;POLISOT;Poste de transformation;EN EXPLOITATION;63kV;Aube
POLYG;POLYGONE;Poste de transformation;EN EXPLOITATION;<45kV;Bas-Rhin
POMPA;POMPADOUR;Poste de transformation;EN EXPLOITATION;63kV;Val-de-Marne
PORTA;PORTA;Poste de transformation;EN EXPLOITATION;63kV;Pyrénées-Orientales
POUGE;POUGET (LE);Poste de transformation;EN EXPLOITATION;225kV;Aveyron
PRAG5;PRAGNERES (STATION DE POMPAGE);Poste de transformation;EN EXPLOITATION;63kV;Hautes-Pyrénées
PRAT5;PRAT (LE);Poste de transformation;EN EXPLOITATION;63kV;Allier
PREUI;PREUILLY;Poste de transformation;EN EXPLOITATION;90kV;Indre-et-Loire
PRIE5;PRIEURE (LE) (S.N.C.F.);Poste de transformation;EN EXPLOITATION;90kV;Vienne
PRODA;PRODAIR (BEAUVAIS);Poste de transformation;EN EXPLOITATION;63kV;Oise
PTET;PONTET (LE);Poste de transformation;EN EXPLOITATION;63kV;Gard
PTFAV;PONTFAVERGER;Poste de transformation;EN EXPLOITATION;63kV;Marne
PUTTE;PUTTELANGE;Poste de transformation;EN EXPLOITATION;63kV;Moselle
Q.CRO;QUATRE CROIX;Poste de transformation;EN EXPLOITATION;63kV;Loiret
QUARE;QUAREZ;Poste de transformation;EN EXPLOITATION;225kV;Nord
RABAT;RABATAU;Poste de transformation;EN EXPLOITATION;225kV;
RABIO;RABION;Poste de transformation;EN EXPLOITATION;90kV;Charente
RAGEA;RAGEAT (LA);Poste de transformation;EN EXPLOITATION;63kV;Savoie
RAMBE;RAMBERVILLERS;Poste de transformation;EN EXPLOITATION;63kV;Vosges
RAN.P;RANCE-POSTE;Poste de transformation;EN EXPLOITATION;225kV;Ille-et-Vilaine
RANDE;RANDENS;Poste de transformation;EN EXPLOITATION;225kV;Savoie
RAYNA;RAYNAUDS (LES);Poste de transformation;EN EXPLOITATION;63kV;Allier
REALM;REALMONT;Poste de transformation;EN EXPLOITATION;63kV;Tarn
REALT;REALTOR;Poste de transformation;EN EXPLOITATION;400kV;Bouches-du-Rhône
RECY;RECY;Poste de transformation;EN EXPLOITATION;225kV;Marne
REFRA;REFRAIN (LE);Poste de transformation;EN EXPLOITATION;63kV;Doubs
REMIS;REMISE;Poste de transformation;EN EXPLOITATION;400kV;Oise
RENAR;RENARDIERES (LES);Poste de transformation;EN EXPLOITATION;400kV;Seine-et-Marne
REQUI;REQUISTA;Poste de transformation;EN EXPLOITATION;225kV;Tarn
REVEN;REVENTIN;Poste de transformation;EN EXPLOITATION;63kV;Rhône
REVI5;REVIN POSTE-CENTRALE;Poste de transformation;EN EXPLOITATION;400kV;Ardennes
RHENA;RHENALU;Poste de transformation;EN EXPLOITATION;225kV;Haut-Rhin
RIBEA;RIBEAUVILLE;Poste de transformation;EN EXPLOITATION;63kV;Haut-Rhin
RICHA;RICHARDET;Poste de transformation;EN EXPLOITATION;225kV;Val-de-Marne
RIVEN;RIVENEUVE;Poste de transformation;EN EXPLOITATION;225kV;Ariège
ROANN;ROANNE;Poste de transformation;EN EXPLOITATION;63kV;Loire
ROESC;ROESCHWOOG;Poste de transformation;EN EXPLOITATION;63kV;Bas-Rhin
ROMAI;ROMAINVILLE;Poste de transformation;EN EXPLOITATION;225kV;Paris
ROMAN;ROMANECHE;Poste de transformation;EN EXPLOITATION;63kV;Rhône
RONCI;RONCIERE (LA);Poste de transformation;EN EXPLOITATION;63kV;Côte-d'Or
ROU.N;ROUBAIX-NORD;Poste de transformation;EN EXPLOITATION;225kV;Nord
ROUGI;ROUGIER;Poste de transformation;EN EXPLOITATION;225kV;Gard
ROUS6;ROUSSINES;Poste de transformation;EN EXPLOITATION;90kV;Indre
ROUVE;ROUVERADE;Poste de transformation;EN EXPLOITATION;90kV;Corrèze
RQROU;ROQUEROUSSE;Poste de transformation;EN EXPLOITATION;225kV;Bouches-du-Rhône
RUEYR;RUEYRES;Poste de transformation;EN EXPLOITATION;400kV;Aveyron
RUIRE;RUIRES (LES);Poste de transformation;EN EXPLOITATION;63kV;Isère
RUMIN;RUMINGHEM;Poste de transformation;EN EXPLOITATION;225kV;Pas-de-Calais
S.BIS;SUPER-BISSORTE;Poste de transformation;EN EXPLOITATION;400kV;Savoie
S.LOI;SULLY-SUR-LOIRE;Poste de transformation;EN EXPLOITATION;90kV;Loiret
S.MOR;SAUT-MORTIER;Poste de transformation;EN EXPLOITATION;63kV;Jura
S.SAB;SAUT-DE-SABO;Poste de transformation;EN EXPLOITATION;63kV;Tarn
S.SED;SOMMER-SEDAN;Poste de transformation;EN EXPLOITATION;63kV;Ardennes
S.SOL;SEREMANGE-SOLLAC;Poste de transformation;EN EXPLOITATION;63kV;Moselle
SABL5;SABLES (LES);Poste de transformation;EN EXPLOITATION;225kV;Isère
SALEL;SALELLES (LES);Poste de transformation;EN EXPLOITATION;63kV;Ardèche
SALIG;SALIGNAC;Poste de transformation;EN EXPLOITATION;225kV;Alpes-de-Haute-Provence
SALZU;SALZUIT;Poste de transformation;EN EXPLOITATION;63kV;Haute-Loire
SAMOR;SAMOREAU;Poste de transformation;EN EXPLOITATION;63kV;Seine-et-Marne
SANCE;SANCERRE;Poste de transformation;EN EXPLOITATION;63kV;Cher
SAONN;SAONNET;Poste de transformation;EN EXPLOITATION;90kV;Calvados
SARR5;SARRE;Poste de transformation;EN EXPLOITATION;225kV;Puy-de-Dôme
SASSE;SASSENAGE;Poste de transformation;EN EXPLOITATION;63kV;Isère
SAUIL;SAUILLY;Poste de transformation;EN EXPLOITATION;63kV;Yonne
SAUJO;SAUJON;Poste de transformation;EN EXPLOITATION;90kV;Charente-Maritime
SAULC;SAULCE-SUR-RHONE (LA);Poste de transformation;EN EXPLOITATION;63kV;Ardèche
SAULE;SAULES;Poste de transformation;EN EXPLOITATION;225kV;Yvelines
SAUMA;SAUMADE;Poste de transformation;EN EXPLOITATION;225kV;Hérault
SAUMU;SAUMUR;Poste de transformation;EN EXPLOITATION;90kV;Maine-et-Loire
SCHEE;SCHEER;Poste de transformation;EN EXPLOITATION;400kV;Bas-Rhin
SEGRE;SEGRE;Poste de transformation;EN EXPLOITATION;90kV;Maine-et-Loire
SEIGY;SEIGY;Poste de transformation;EN EXPLOITATION;90kV;Loir-et-Cher
SELTZ;SELTZ;Poste de transformation;EN EXPLOITATION;225kV;Bas-Rhin
SENNE;SENNECEY;Poste de transformation;EN EXPLOITATION;63kV;Saône-et-Loire
SEVE5;SEVERAC;Poste de transformation;EN EXPLOITATION;63kV;Morbihan
SEVER;SEVERAC-LE-CHATEAU;Poste de transformation;EN EXPLOITATION;63kV;Aveyron
SEVRE;SEVRES;Poste de transformation;EN EXPLOITATION;225kV;Paris
SIGNE;SIGNES;Poste de transformation;EN EXPLOITATION;63kV;Var
SIONI;SIONIAC;Poste de transformation;EN EXPLOITATION;63kV;Corrèze
SOISS;SOISSONS-SAINT-PAUL;Poste de transformation;EN EXPLOITATION;63kV;Aisne
SOLOM;SOLOMIAC;Poste de transformation;EN EXPLOITATION;63kV;Gers
SORIG;SORIGNY;Poste de transformation;EN EXPLOITATION;90kV;Indre-et-Loire
SOULO;SOULOM;Poste de transformation;EN EXPLOITATION;150kV;Hautes-Pyrénées
SOUR5;SOURCE;Poste de transformation;EN EXPLOITATION;90kV;Loiret
SSALB;ST-ALBAN;Poste de transformation;EN EXPLOITATION;63kV;Haute-Garonne
SSAM5;ST-AMAND;Poste de transformation;EN EXPLOITATION;63kV;Nord
SSAMA;SAINT-AMAND-MONTROND;Poste de transformation;EN EXPLOITATION;90kV;Cher
SSAPC;ST-CHELY-D'APCHER (63KV);Poste de transformation;EN EXPLOITATION;63kV;Lozère
SSAVE;ST-AVERTIN;Poste de transformation;EN EXPLOITATION;90kV;Indre-et-Loire
SSAVR;ST-AVRE;Poste de transformation;EN EXPLOITATION;45kV;Savoie
SSBA5;ST-BARTHELEMY;Poste de transformation;EN EXPLOITATION;225kV;Maine-et-Loire
SSBEN;ST-BENOIT;Poste de transformation;EN EXPLOITATION;90kV;Vienne
SSBO5;ST-JEAN-DE-BOURNAY;Poste de transformation;EN EXPLOITATION;63kV;Isère
SSCHA;ST-CHAMAS;Poste de transformation;EN EXPLOITATION;225kV;Bouches-du-Rhône
SSCO5;ST-GENIES-DE-COMOLAS;Poste de transformation;EN EXPLOITATION;63kV;Gard
SSCOG;ST-PIERRE-COGNET;Poste de transformation;EN EXPLOITATION;225kV;Isère
SSCYR;ST-CYR-SUR-MER;Poste de transformation;EN EXPLOITATION;63kV;Bouches-du-Rhône
SSDAX;ST-PAUL-LES-DAX;Poste de transformation;EN EXPLOITATION;63kV;Landes
SSEA2;ST-LAURENT-DES-EAUX B;Poste de transformation;EN EXPLOITATION;400kV;Loir-et-Cher
SSELO;ST-ELOI;Poste de transformation;EN EXPLOITATION;400kV;Nièvre
SSFL7;ST-FLOUR (CLIENT);Poste de transformation;EN EXPLOITATION;63kV;Cantal
SSJOR;ST-JORY;Poste de transformation;EN EXPLOITATION;63kV;Haute-Garonne
SSJOS;ST-JOSEPH;Poste de transformation;EN EXPLOITATION;225kV;Loire-Atlantique
SSLAR;ST-LARY;Poste de transformation;EN EXPLOITATION;63kV;Hautes-Pyrénées
SSLAU;ST-LAURENT;Poste de transformation;EN EXPLOITATION;225kV;Ille-et-Vilaine
SSLEO;ST-POL-DE-LEON;Poste de transformation;EN EXPLOITATION;63kV;Finistère
SSLON;ST-MARTIN-DE-LONDRES;Poste de transformation;EN EXPLOITATION;63kV;Hérault
SSMIN;STE-MARIE-AUX-MINES;Poste de transformation;EN EXPLOITATION;63kV;Vosges
SSMR5;ST-MAURICE DE BEYNOST;Poste de transformation;EN EXPLOITATION;63kV;Rhône
SSREN;ST-RENAN;Poste de transformation;EN EXPLOITATION;63kV;Finistère
SSROU;ST ETIENNE DU ROUVRAY;Poste de transformation;EN EXPLOITATION;225kV;Seine-Maritime
SSSAV;ST-SAVIOL;Poste de transformation;EN EXPLOITATION;90kV;Deux-Sèvres
SSSIX;ST-JEAN-DE-SIXT;Poste de transformation;EN EXPLOITATION;63kV;Haute-Savoie
SSTOU;ST-MARTIN-DU-TOUCH;Poste de transformation;EN EXPLOITATION;63kV;Haute-Garonne
SSV.O;ST-VULBAS-OUEST;Poste de transformation;EN EXPLOITATION;400kV;Ain
SSYOR;ST-YORRE;Poste de transformation;EN EXPLOITATION;63kV;Allier
SUIS5;SUISSE;Poste de transformation;EN EXPLOITATION;225kV;Moselle
T.DOM;TROIS DOMAINES;Poste de transformation;EN EXPLOITATION;225kV;Meuse
T.IND;TROYES-INDUSTRIE;Poste de transformation;EN EXPLOITATION;63kV;Aube
T.NO6;TERRES-NOIRES (RFF A VILLEFRANCHE SUR CHER );Poste de transformation;EN EXPLOITATION;225kV;Loir-et-Cher
TAILL;TAILLIS;Poste de transformation;EN EXPLOITATION;63kV;Seine-et-Marne
TALUS;TALUS (LES);Poste de transformation;EN EXPLOITATION;90kV;Ille-et-Vilaine
TANIN;TANINGES;Poste de transformation;EN EXPLOITATION;63kV;Haute-Savoie
TANNI;TANNIN;Poste de transformation;EN EXPLOITATION;90kV;Charente
TARTA;TARTAS;Poste de transformation;EN EXPLOITATION;63kV;Landes
TARTE;TARTERETS;Poste de transformation;EN EXPLOITATION;63kV;Essonne
TAVEL;TAVEL;Poste de transformation;EN EXPLOITATION;400kV;Gard
TEICH;TEICH (LE);Poste de transformation;EN EXPLOITATION;63kV;Ariège
TEIL;TEIL (LE);Poste de transformation;EN EXPLOITATION;63kV;Ardèche
TEIL5;TEIL (LE) (CIMENTS LAFARGE AU TEIL);Poste de transformation;EN EXPLOITATION;63kV;Ardèche
TERR5;TERRIMBO;Poste de transformation;EN EXPLOITATION;63kV;Pyrénées-Orientales
TERTR;TERTRE;Poste de transformation;EN EXPLOITATION;90kV;Loir-et-Cher
THOR;THOR (LE);Poste de transformation;EN EXPLOITATION;63kV;Vaucluse
THORI;THORIGNE;Poste de transformation;EN EXPLOITATION;90kV;Maine-et-Loire
THUR;THUR (LA);Poste de transformation;EN EXPLOITATION;225kV;Haut-Rhin
TILLI;TILLIERS;Poste de transformation;EN EXPLOITATION;225kV;Val-d'Oise
TMB;T.M.B.;Poste de transformation;EN EXPLOITATION;45kV;Haute-Savoie
TOLLE;TOLLEVAST;Poste de transformation;EN EXPLOITATION;400kV;Manche
TONN5;TONNEINS;Poste de transformation;EN EXPLOITATION;63kV;Lot-et-Garonne
TOURS;TOURS;Poste de transformation;EN EXPLOITATION;90kV;Indre-et-Loire
TRAVA;TRAVAILLAN;Poste de transformation;EN EXPLOITATION;63kV;Vaucluse
TRESC;TRESCLEOUX;Poste de transformation;EN EXPLOITATION;63kV;Hautes-Alpes
TRINI;TRINITE (LA);Poste de transformation;EN EXPLOITATION;63kV;Isère
TRINQ;TRINQUETAILLE;Poste de transformation;EN EXPLOITATION;63kV;Bouches-du-Rhône
TROUI;TROUILLAS;Poste de transformation;EN EXPLOITATION;63kV;Pyrénées-Orientales
TRUEL;TRUEL (LE);Poste de transformation;EN EXPLOITATION;63kV;Aveyron
TUQUE;TUQUET (LE);Poste de transformation;EN EXPLOITATION;90kV;Haute-Vienne
USIN6;USINOR (SOLLAC A DUNKERQUE);Poste de transformation;EN EXPLOITATION;90kV;
USSAT;USSAT;Poste de transformation;EN EXPLOITATION;63kV;Ariège
UZEL;UZEL;Poste de transformation;EN EXPLOITATION;63kV;Côtes-d'Armor
UZES;UZES;Poste de transformation;EN EXPLOITATION;63kV;Gard
V.JUH;VILLAINES-LA-JUHEL;Poste de transformation;EN EXPLOITATION;90kV;Mayenne
V.LAN;VILLARD-DE-LANS;Poste de transformation;EN EXPLOITATION;63kV;Isère
V.MAN;VITREY-SUR-MANCE;Poste de transformation;EN EXPLOITATION;63kV;Haute-Saône
VALAU;VALAURIE;Poste de transformation;EN EXPLOITATION;63kV;Drôme
VALE9;VALENCAY;Poste de transformation;EN EXPLOITATION;90kV;Indre
VALEN;VALENCIENNES;Poste de transformation;EN EXPLOITATION;225kV;Nord
VALL9;VALLADE (LA);Poste de transformation;EN EXPLOITATION;90kV;Charente
VANDI;VANDIERES;Poste de transformation;EN EXPLOITATION;225kV;Meurthe-et-Moselle
VANNE;VANNES;Poste de transformation;EN EXPLOITATION;63kV;Morbihan
VARE5;VARENNES (-SUR-FOUZON);Poste de transformation;EN EXPLOITATION;225kV;Indre
VASTO;VASTON;Poste de transformation;EN EXPLOITATION;90kV;Calvados
VAUBA;VAUBAN;Poste de transformation;EN EXPLOITATION;90kV;Nord
VAUFR;VAUFREY;Poste de transformation;EN EXPLOITATION;63kV;Doubs
VAUGO;VAUGOUIN;Poste de transformation;EN EXPLOITATION;90kV;Charente-Maritime
VAUGR;VAUGRIS (S.N.C.F.);Poste de transformation;EN EXPLOITATION;63kV;Rhône
VAYRE;VAYRES;Poste de transformation;EN EXPLOITATION;63kV;Gironde
VENAR;VENAREY;Poste de transformation;EN EXPLOITATION;63kV;Côte-d'Or
VENCE;VENCE;Poste de transformation;EN EXPLOITATION;63kV;Alpes-Maritimes
VENTA;VENTAVON;Poste de transformation;EN EXPLOITATION;63kV;Hautes-Alpes
VERIN;VERINNERIE (LA);Poste de transformation;EN EXPLOITATION;225kV;Yvelines
VERN7;VERNEY (LE);Poste de transformation;EN EXPLOITATION;63kV;Isère
VERQU;VERQUIGNEUL;Poste de transformation;EN EXPLOITATION;90kV;Pas-de-Calais
VESTR;VESTRIC;Poste de transformation;EN EXPLOITATION;63kV;Gard
VEZIN;VEZINS;Poste de transformation;EN EXPLOITATION;90kV;Manche
VIAS;VIAS;Poste de transformation;EN EXPLOITATION;63kV;Hérault
VIDAU;VIDAUBAN;Poste de transformation;EN EXPLOITATION;63kV;Var
VIERZ;VIERZON;Poste de transformation;EN EXPLOITATION;90kV;Cher
VIGNY;VIGNY;Poste de transformation;EN EXPLOITATION;63kV;Val-d'Oise
VINCE;VINCEY;Poste de transformation;EN EXPLOITATION;400kV;Vosges
VIREU;VIREUX;Poste de transformation;EN EXPLOITATION;63kV;
VITRO;VITROLLES;Poste de transformation;EN EXPLOITATION;63kV;
VLARD;VILLARD;Poste de transformation;EN EXPLOITATION;45kV;Savoie
VLARS;VILLARS (LE);Poste de transformation;EN EXPLOITATION;63kV;Saône-et-Loire
VLEFR;VILLEFRANCHE (CLIENT);Poste de transformation;EN EXPLOITATION;63kV;Rhône
VLEVA;VILLEVAUDE;Poste de transformation;EN EXPLOITATION;400kV;Seine-et-Marne
VOID;VOID;Poste de transformation;EN EXPLOITATION;225kV;Meuse
VOLVI;VOLVIC;Poste de transformation;EN EXPLOITATION;225kV;Puy-de-Dôme
VOULZ;VOULZIE (LA);Poste de transformation;EN EXPLOITATION;225kV;Seine-et-Marne
VOUZO;VOUZON;Poste de transformation;EN EXPLOITATION;90kV;Loir-et-Cher
WANTZ;WANTZENAU;Poste de transformation;EN EXPLOITATION;63kV;Bas-Rhin
ZARRO;PIQUAGE ARROUX;Point de piquage;EN EXPLOITATION;63kV;Saône-et-Loire
ZB.HA;PIQUAGE BASSE-HAM;Point de piquage;EN EXPLOITATION;225kV;Moselle
ZBAIG;PIQUAGE BAIGTS (LIAISON ORTH5Z31PUYO5);Point de piquage;EN EXPLOITATION;63kV;Pyrénées-Atlantiques
ZBAR5;PIQUAGE BARTHE (LIAISON BORDEZ34LANNE);Point de piquage;EN EXPLOITATION;63kV;Hautes-Pyrénées
ZBART;PIQUAGE BARTHE (LIAISON LANNEZ33SSLAR);Point de piquage;EN EXPLOITATION;63kV;Hautes-Pyrénées
ZBASS;PIQUAGE BASSENS (LIAISON BACALZ31MQIS );Point de piquage;EN EXPLOITATION;63kV;Gironde
ZBEFF;PIQUAGE BEFFES;Point de piquage;EN EXPLOITATION;63kV;Cher
ZBEN5;BENS / C.BAR F.FRA 1;Point de piquage;EN EXPLOITATION;63kV;Isère
ZBET5;BETTA / SSV.E TENAY 1;Point de piquage;EN EXPLOITATION;63kV;Ain
ZBEU5;BEUVR / MAZIN VENDI 1;Point de piquage;EN EXPLOITATION;225kV;Pas-de-Calais
ZBEYR;PIQUAGE BEYREDE (LIAISON LANNEZ33SSLAR);Point de piquage;EN EXPLOITATION;63kV;Hautes-Pyrénées
ZBILO;PIQUAGE A BILHO;Point de piquage;EN EXPLOITATION;63kV;Loire-Atlantique
ZBLO2;BLO.N / VALL5 VLERB 2;Point de piquage;EN EXPLOITATION;90kV;Loir-et-Cher
ZBORD;PIQUAGE BORDES (LIAISON LEDARZ31LESTE);Point de piquage;EN EXPLOITATION;63kV;Ariège
ZBOUS;PIQUAGE BOUSSENS (LIAISON MANCIZ31PALAM);Point de piquage;EN EXPLOITATION;63kV;Haute-Garonne
ZBRE6;PIQUAGE A BREVANS;Point de piquage;EN EXPLOITATION;63kV;Jura
ZBRI5;PIQUAGE BRICHE A SAINT-DENIS (ZBRI5);Point de piquage;EN EXPLOITATION;225kV;Val-d'Oise
ZBXC5;PIQUAGE A BEAUCOUZE;Point de piquage;EN EXPLOITATION;90kV;Maine-et-Loire
ZBXRE;PIQUAGE BEAUREGARD (LIAISON BORIEZ41MTIGN);Point de piquage;EN EXPLOITATION;90kV;Corrèze
ZC.CA;PIQUAGE CROIX CADET (LIAISON CTLUSZ41MAURE);Point de piquage;EN EXPLOITATION;90kV;Haute-Vienne
ZC.CH;PIQUAGE A LA CONDAMINE;Point de piquage;EN EXPLOITATION;63kV;Alpes-de-Haute-Provence
ZC.L5;PIQUAGE CROIX-LEONARD (LIGNE N0 1);Point de piquage;EN EXPLOITATION;63kV;Saône-et-Loire
ZC.NO;PIQUAGE A LA CARNEILLE;Point de piquage;EN EXPLOITATION;90kV;Orne
ZCAIR;PIQUAGE A CAIRANNE;Point de piquage;EN EXPLOITATION;63kV;Vaucluse
ZCAM8;PIQUAGE CAMPAGNE (LIAISON MAUZAZ31SARLA);Point de piquage;EN EXPLOITATION;63kV;Dordogne
ZCAR5;PIQUAGE CARLA (LIAISON GOURJZ32LUZI2);Point de piquage;EN EXPLOITATION;63kV;Tarn
ZCARR;PIQUAGE LES CARRES A MARCOUSSIS (ZCARR);Point de piquage;EN EXPLOITATION;225kV;Essonne
ZCASS;PIQUAGE LA CASSAGNE (LIAISON PERCHZ31THUES);Point de piquage;EN EXPLOITATION;63kV;Pyrénées-Orientales
ZCER7;PIQUAGE CERONS (LIAISON LANGOZ31PODEN);Point de piquage;EN EXPLOITATION;63kV;Gironde
ZCHAT;PIQUAGE CHATRE (LIAISON CTLUSZ41MAURE);Point de piquage;EN EXPLOITATION;90kV;Haute-Vienne
ZCHIC;TOUR9 / DAMBR SARAN 2;Point de piquage;EN EXPLOITATION;90kV;Loiret
ZCHOL;PIQUAGE CHOLOY;Point de piquage;EN EXPLOITATION;63kV;Meurthe-et-Moselle
ZCOL;COL / LONG6 S.BAR 1;Point de piquage;EN EXPLOITATION;150kV;Savoie
ZCOMT;COMTA / CARPE TRAVA 1;Point de piquage;EN EXPLOITATION;63kV;Vaucluse
ZCON5;CONTR / S.CHE SOING 1;Point de piquage;EN EXPLOITATION;90kV;Loir-et-Cher
ZCREP;CREPI / CUS.P RILLI 1;Point de piquage;EN EXPLOITATION;63kV;Rhône
ZCREV;PIQUAGE A CHOISY-EN-BRIE;Point de piquage;EN EXPLOITATION;63kV;Seine-et-Marne
ZCRO7;PIQUAGE A LE BREUIL-EN-AUGE;Point de piquage;EN EXPLOITATION;90kV;Calvados
ZCSL5;PIQUAGE CASTELNAUDARY (LIAISON AVIG5Z31BAGAT);Point de piquage;EN EXPLOITATION;63kV;Aude
ZCZRI;CZRIE / CARVI HENIN 2;Point de piquage;EN EXPLOITATION;90kV;Pas-de-Calais
ZDOM5;PIQUAGE DOMBASLE;Point de piquage;EN EXPLOITATION;63kV;Meurthe-et-Moselle
ZDOUD;PIQUAGE DOUDOYE;Point de piquage;EN EXPLOITATION;63kV;Nièvre
ZDOUL;PIQUAGE A DOULON;Point de piquage;EN EXPLOITATION;225kV;Loire-Atlantique
ZDUN;DUN / MAZIE ORCH5 1;Point de piquage;EN EXPLOITATION;90kV;Cher
ZE.BL;PIQUAGE A EAU-BLANCHE;Point de piquage;EN EXPLOITATION;63kV;Finistère
ZE.CI;PIQUAGE EBANGE-CIMENTERIE (Ligne BXRE5Z31SSHUB);Point de piquage;EN EXPLOITATION;63kV;Moselle
ZEGLA;PIQUAGE A LES ORMES-SUR-VOULZIE;Point de piquage;EN EXPLOITATION;63kV;Seine-et-Marne
ZESPA;PIQUAGE ESPALUNGUE (LIAISON E.BONZ31HOURA);Point de piquage;EN EXPLOITATION;63kV;Pyrénées-Atlantiques
ZEYRA;PIQUAGE EYRANS (LIAISON MRLLAZ31PODEN);Point de piquage;EN EXPLOITATION;63kV;Gironde
ZF.MO;PIQUAGE FAUX-LA-MONTAGNE (LIAISON P.CHAZ41SSSET);Point de piquage;EN EXPLOITATION;90kV;Haute-Vienne
ZFAYE;FAYET / PASSY SALLA 1;Point de piquage;EN EXPLOITATION;63kV;Haute-Savoie
ZFIE5;FIER / CHAV6 ZMEYT 1;Point de piquage;EN EXPLOITATION;63kV;Haute-Savoie
ZFRO6;PIQUAGE FROMAINVILLE A ACHERES (ZFRO6);Point de piquage;EN EXPLOITATION;225kV;Yvelines
ZGAIL;PIQUAGE A GAILLON;Point de piquage;EN EXPLOITATION;90kV;Eure
ZGAL5;PIQUAGE GALERES A CHELLES (ZGAL5);Point de piquage;EN EXPLOITATION;225kV;Seine-Saint-Denis
ZGAN5;PIQUAGE GANDRANGE;Point de piquage;EN EXPLOITATION;225kV;Moselle
ZGEN5;PIQUAGE A GENET;Point de piquage;EN EXPLOITATION;90kV;Maine-et-Loire
ZGIEN;GIEN / GARCH TABAR 1;Point de piquage;EN EXPLOITATION;225kV;Loiret
ZGIRO;PIQUAGE GIROUFLAT (LIAISON CSLJAZ31GUPIE);Point de piquage;EN EXPLOITATION;63kV;Lot-et-Garonne
ZGOBS;CARME / CHECY SOUR5 1;Point de piquage;EN EXPLOITATION;90kV;Loiret
ZGRA5;PIQUAGE A GERZAT;Point de piquage;EN EXPLOITATION;63kV;Puy-de-Dôme
ZGRA6;PIQUAGE A GRANZAY;Point de piquage;EN EXPLOITATION;225kV;Charente-Maritime
ZGRAV;RAVEL / CORM5 EGUZO 1;Point de piquage;EN EXPLOITATION;90kV;Indre
ZGYSS;PIQUAGE GYSSERIE;Point de piquage;EN EXPLOITATION;63kV;Jura
ZH.J5;PIQUAGE HAYANGE-ST-JACQUES;Point de piquage;EN EXPLOITATION;63kV;Moselle
ZHERI;PIQUAGE HERIMENIL;Point de piquage;EN EXPLOITATION;63kV;Meurthe-et-Moselle
ZHESD;HESDI / FREVE SORRU 1;Point de piquage;EN EXPLOITATION;90kV;Pas-de-Calais
ZJ.TO;J.TOU / LARCA SSCO7 1;Point de piquage;EN EXPLOITATION;90kV;Indre-et-Loire
ZJARN;JARNE / AYTRE BXLIE 1;Point de piquage;EN EXPLOITATION;90kV;
ZJAUM;JAUME / MTMOR ZFORG 1;Point de piquage;EN EXPLOITATION;90kV;Vienne
ZKERH;PIQUAGE A BRECH (KERHELLEGAN);Point de piquage;EN EXPLOITATION;63kV;Morbihan
ZKERS;PIQUAGE A KERSULEC;Point de piquage;EN EXPLOITATION;63kV;Finistère
ZLACQ;PIQUAGE LACQ SNCF (LIAISON MARSIZ31ORTH5);Point de piquage;EN EXPLOITATION;63kV;Pyrénées-Atlantiques
ZLENT;LENT5 / RIORG VLERE 1;Point de piquage;EN EXPLOITATION;63kV;Loire
ZLESU;PIQUAGE A LIEUSAINT;Point de piquage;EN EXPLOITATION;63kV;Essonne
ZLIN5;PIQUAGE LINGUET;Point de piquage;EN EXPLOITATION;63kV;Marne
ZLOCQ;PIQUAGE A PLAUDREN (LOCQUELTAS);Point de piquage;EN EXPLOITATION;63kV;Morbihan
ZLONG;PIQUAGE A RIVECOURT;Point de piquage;EN EXPLOITATION;63kV;Oise
ZLUDR;PIQUAGE A LUDRES (Ligne LANEUZ31LUDRE);Point de piquage;EN EXPLOITATION;63kV;Meurthe-et-Moselle
ZM.FE;PIQUAGE MOTHE FENELON (LIAISON FEROUZ31GOURD);Point de piquage;EN EXPLOITATION;63kV;Dordogne
ZMAME;MAMER / COMM7 ZG.MO 1;Point de piquage;EN EXPLOITATION;90kV;Sarthe
ZMAS5;PIQUAGE MASSY A MASSY (ZMAS5);Point de piquage;EN EXPLOITATION;225kV;Essonne
ZMERO;MERON / DISTR THOUA 1;Point de piquage;EN EXPLOITATION;90kV;Maine-et-Loire
ZMIG5;PIQUAGE A MIGENNES (LIGNE N0 2);Point de piquage;EN EXPLOITATION;63kV;Yonne
ZMOH5;PIQUAGE MOHET 2;Point de piquage;EN EXPLOITATION;63kV;Somme
ZMOU7;MOUTI / CONTA VNOTA 1;Point de piquage;EN EXPLOITATION;63kV;Savoie
ZMRN5;PIQUAGE MARTINERIE (LIAISON AURENZ41MAURE);Point de piquage;EN EXPLOITATION;90kV;Haute-Vienne
ZMRNE;PIQUAGE MARTINERIE (LIAISON CASSEZ41MAURE);Point de piquage;EN EXPLOITATION;90kV;Haute-Vienne
ZMTFE;MTFER / ANCIZ QUEUI 1;Point de piquage;EN EXPLOITATION;63kV;Puy-de-Dôme
ZMTRE;PIQUAGE MONTREJEAU SNCF (LIAISON GOUR5Z31P.RIV);Point de piquage;EN EXPLOITATION;63kV;Hautes-Pyrénées
ZNAUS;NAUSS / LANG8 ZPRA5 1;Point de piquage;EN EXPLOITATION;63kV;Lozère
ZORGE;PIQUAGE ORGEIX (LIAISON MERE5Z31TEICH);Point de piquage;EN EXPLOITATION;63kV;Ariège
ZOZ;OZ / SSGUI VERN7 1;Point de piquage;EN EXPLOITATION;63kV;Isère
ZP.MI;P.MIT / MEZEA PINT5 1;Point de piquage;EN EXPLOITATION;90kV;Vienne
ZP.SA;P.SAC / SSCL5 VOUGL 1;Point de piquage;EN EXPLOITATION;63kV;Jura
ZPELT;PIQUAGE A PELTRE;Point de piquage;EN EXPLOITATION;225kV;Moselle
ZPEN5;PIQUAGE 2 AUX PENNES;Point de piquage;EN EXPLOITATION;63kV;Bouches-du-Rhône
ZPOIS;PIQUAGE POISEUL;Point de piquage;EN EXPLOITATION;63kV;Côte-d'Or
ZPRAT;PRAT5 / MTLUC TEIL2 1;Point de piquage;EN EXPLOITATION;63kV;Allier
ZPROD;PIQUAGE A BEAUVAIS;Point de piquage;EN EXPLOITATION;63kV;Oise
ZPROV;PIQUAGE PROVENCE A LES ULIS (ZPROV);Point de piquage;EN EXPLOITATION;90kV;Essonne
ZPRR5;PIQUAGE PIERREFITTE PEM (LIAISON PRRF5Z32SOULO);Point de piquage;EN EXPLOITATION;63kV;Hautes-Pyrénées
ZREBO;REBOU / C.RHO VIVI5 1;Point de piquage;EN EXPLOITATION;63kV;Ardèche
ZRIC6;PIQUAGE RICHEBOURG A RICHEBOURG (ZRIC6);Point de piquage;EN EXPLOITATION;225kV;Eure-et-Loir
ZRICH;V.BRE / LARCA VALL5 1;Point de piquage;EN EXPLOITATION;90kV;Indre-et-Loire
ZROB5;PIQUAGE ROBINSON A LE PLESSIS-ROBINSON (ZROB5);Point de piquage;EN EXPLOITATION;225kV;Yvelines
ZROMB;PIQUAGE ROMBAS;Point de piquage;EN EXPLOITATION;63kV;Moselle
ZRUMI;RUMIN / ATTAQ HOLQU 2;Point de piquage;EN EXPLOITATION;225kV;Pas-de-Calais
ZRUPR;PIQUAGE RUPREUX;Point de piquage;EN EXPLOITATION;225kV;Aisne
ZS.CU;PIQUAGE SALLES CURAN (LIAISON O.CHAZ61SSVIC);Point de piquage;EN EXPLOITATION;225kV;Aveyron
ZSALB;SALBR / BOURG CHAI5 2;Point de piquage;EN EXPLOITATION;90kV;Loir-et-Cher
ZSALZ;SALZU / BRIOU LANGE 1;Point de piquage;EN EXPLOITATION;63kV;Haute-Loire
ZSARR;PIQUAGE A SARRALBE;Point de piquage;EN EXPLOITATION;63kV;Moselle
ZSAUM;SAUMU / AVOIN DISTR 1;Point de piquage;EN EXPLOITATION;90kV;Maine-et-Loire
ZSAVI;PIQUAGE A AULNAY-SOUS-BOIS;Point de piquage;EN EXPLOITATION;225kV;Val-d'Oise
ZSEMB;SEMBL / CHAN5 COUE5 1;Point de piquage;EN EXPLOITATION;90kV;Indre-et-Loire
ZSERV;PIQUAGE A ACIGNE (SERVON);Point de piquage;EN EXPLOITATION;90kV;Ille-et-Vilaine
ZSSJ8;PIQUAGE ST JORY (LIAISON ONDESZ32SSALB);Point de piquage;EN EXPLOITATION;63kV;Haute-Garonne
ZSSL6;PIQUAGE ST LARY (LIAISON ARRE5Z32EGET);Point de piquage;EN EXPLOITATION;63kV;Hautes-Pyrénées
ZSSL7;PIQUAGE A SAINT-LAURENT;Point de piquage;EN EXPLOITATION;225kV;Ille-et-Vilaine
ZT.SU;PIQUAGE A TORE SUPRA;Point de piquage;EN EXPLOITATION;400kV;Vaucluse
ZTEMP;TEMP6 / SAUS2 SSMM5 1;Point de piquage;EN EXPLOITATION;45kV;Savoie
ZTHAI;THAIM / PREGU ROYAN 1;Point de piquage;EN EXPLOITATION;90kV;Charente-Maritime
ZTHUR;PIQUAGE THURIES (LIAISON BARAQZ31P.GRA);Point de piquage;EN EXPLOITATION;63kV;Tarn
ZTONN;PIQUAGE TONNERRE;Point de piquage;EN EXPLOITATION;225kV;Yonne
ZTRIN;TRINI / SSMRI ZP.F5 1;Point de piquage;EN EXPLOITATION;63kV;Isère
ZUSSA;PIQUAGE USSAT (LIAISON CSLETZ31TARAS);Point de piquage;EN EXPLOITATION;63kV;Ariège
ZV.PA;PIQUAGE A RIEUX;Point de piquage;EN EXPLOITATION;63kV;Oise
ZVAL1;PIQUAGE A VALIN;Point de piquage;EN EXPLOITATION;63kV;Bouches-du-Rhône
ZVER5;VERNA / CUDRA T.SAV 1;Point de piquage;EN EXPLOITATION;63kV;Savoie
ZVERV;PALAN / AIGRE LUXE 1;Point de piquage;EN EXPLOITATION;90kV;Charente
ZVICL;VICLA / BREVI MALGO 1;Point de piquage;EN EXPLOITATION;63kV;Savoie
ZVLAR;VLARD / BXFOR VEN.P 1;Point de piquage;EN EXPLOITATION;45kV;Savoie
ZVLET;PIQUAGE VILLETTE DONCHERY PYL 7;Point de piquage;EN EXPLOITATION;63kV;Ardennes
ZVOUZ;PIQUAGE-A-VOUZON;Point de piquage;EN EXPLOITATION;90kV;Loir-et-Cher
MAROU;MAROUE;Poste de transformation;EN EXPLOITATION;63kV;Côtes-d'Armor
THIBA;THIBAUDIERE (LA);Poste de transformation;EN EXPLOITATION;90kV;Vendée
ZP.TR;PIQUAGE PONT TRINQUAT (LIAISON MTPELZ61SSCHR);Point de piquage;EN EXPLOITATION;225kV;Hérault
ZTHIB;PIQUAGE A THIBAUDIERE;Point de piquage;EN EXPLOITATION;90kV;Vendée
PACIF;PACIFIQUE;Poste de transformation;ACCORD ADMINISTRATIF;225kV;Essonne
SSVIL;ST-ILLIERS-LA-VILLE;Poste de transformation;EN EXPLOITATION;90kV;Yvelines
PANO5;PANOUSE (LA);Poste de transformation;EN EXPLOITATION;63kV;Lozère
PELAD;PELADE;Poste de transformation;EN EXPLOITATION;225kV;Var
ZCA10;CAMP / P.ORG ZCAVA 1;Point de piquage;EN EXPLOITATION;63kV;Bouches-du-Rhône
ZFONC;PIQUAGE A FONCROSE;Point de piquage;EN EXPLOITATION;225kV;Gironde
ZBEZZ;PIQUAGE A BEZ (LE);Point de piquage;EN EXPLOITATION;63kV;Tarn
E.RHO;ETOILE-SUR-RHONE;Poste de transformation;EN EXPLOITATION;225kV;Drôme
ZANCI;PIQUAGE AUX ANCIZES;Point de piquage;EN EXPLOITATION;225kV;Puy-de-Dôme
BOOS;BOOS;Poste de transformation;EN EXPLOITATION;90kV;Seine-Maritime
G.OUC;GRANDE-OUCHE;Poste de transformation;EN EXPLOITATION;90kV;Maine-et-Loire
QUAR5;QUARTES (POWEO);Poste de transformation;EN EXPLOITATION;225kV;Nord
SSAVI;ST-AVIT;Poste de transformation;EN EXPLOITATION;63kV;Drôme
PUYTH;PUYTHOUCK;Poste de transformation;ACCORD ADMINISTRATIF;225kV;Nord
ZE.CR;PIQUAGE A ECOLE DE CRUGEY;Point de piquage;EN EXPLOITATION;63kV;Côte-d'Or
ADAST;PORTIQUE S5 (ADAST);Poste de transformation;EN EXPLOITATION;63kV;Hautes-Pyrénées
D.GAR;DEUVE GARBE;Poste de transformation;EN EXPLOITATION;225kV;Pas-de-Calais
H.SAN;HANGEST-EN-SANTERRE;Poste de transformation;EN EXPLOITATION;63kV;Somme
GAUVI;GAUVILLE;Poste de transformation;EN EXPLOITATION;225kV;Seine-Maritime
ZB.PL;PIQUAGE A BOUIN-PLUMOISON;Point de piquage;EN EXPLOITATION;90kV;Pas-de-Calais
ZV.M5;PIQUAGE A VIREUX;Point de piquage;EN EXPLOITATION;63kV;
J.VIL;JOUX-LA-VILLE;Poste de transformation;EN EXPLOITATION;225kV;Yonne
ZLA10;PIQUAGE LANTON (LIAISON LEGE Z31MASQU);Point de piquage;EN EXPLOITATION;63kV;Gironde
B.BER;BOIS-BERNARD;Poste de transformation;ACCORD ADMINISTRATIF;225kV;Pas-de-Calais
ZCES6;PIQUAGE A CESSIER (LE);Point de piquage;EN EXPLOITATION;225kV;Aisne
MIOLL;MIOLLES;Poste de transformation;EN EXPLOITATION;225kV;Tarn
G.POR;GRAND-PORT;Poste de transformation;EN EXPLOITATION;225kV;Nord
GESS2;GESSE (USINE GEH);Poste de transformation;EN EXPLOITATION;63kV;Aude
TRAN5;TRANSLOY (LE);Poste de transformation;EN EXPLOITATION;225kV;Somme
LAUR5;LAURAGAIS;Poste de transformation;EN EXPLOITATION;63kV;Haute-Garonne
ZP.CA;PIQUAGE-A-PRADE-DE-CAUSSANUS;Point de piquage;EN EXPLOITATION;63kV;Aveyron
ZGUIS;PIQUAGE A LE GUISLAIN;Point de piquage;EN EXPLOITATION;90kV;Manche
DUVIG;DUVIGNEAU;Poste de transformation;EN EXPLOITATION;225kV;
BLAY5;BLAYAIS (POSTE AEROSOUTERRAIN);Poste de transformation;EN EXPLOITATION;225kV;
CSLLE;CASTELLET (LE);Poste de transformation;EN EXPLOITATION;225kV;Bouches-du-Rhône
RIGOT;RIGOTTE (LA);Poste de transformation;EN EXPLOITATION;225kV;Haute-Marne
ZLACA;PIQUAGE A LACALM;Point de piquage;EN EXPLOITATION;225kV;Tarn
SSHE8;ST-HERBLAIN;Poste de transformation;EN EXPLOITATION;63kV;Loire-Atlantique
BETOU;BETOUS;Poste de transformation;ACCORD ADMINISTRATIF;225kV;Bouches-du-Rhône
ROUTY;ROUTY;Poste de transformation;ACCORD ADMINISTRATIF;400kV;Ardennes
MOLL5;MOLLETTES (LES);Poste de transformation;EN EXPLOITATION;225kV;Isère
RUHBO;RUHBOGEN;Poste de transformation;EN EXPLOITATION;225kV;Bas-Rhin
C.NEU;COUPELLE-NEUVE;Poste de transformation;EN EXPLOITATION;90kV;Pas-de-Calais
F.GAL;FONTAINE-GALUCHE;Poste de transformation;EN EXPLOITATION;90kV;Marne
ZF.BI;PIQUAGE A FOND-BISARD;Point de piquage;EN EXPLOITATION;45kV;Seine-Maritime
ZSEMO;PIQUAGE A SEMONVILLE;Point de piquage;EN EXPLOITATION;225kV;Eure-et-Loir
ZM.NI;PIQUAGE A MESNIL-SAINT-NICAISE;Point de piquage;EN EXPLOITATION;63kV;Somme
ORVAU;ORVAULT;Poste de transformation;EN EXPLOITATION;225kV;Loire-Atlantique
MIONN;MIONNAY;Poste de transformation;EN EXPLOITATION;225kV;Rhône
ZLIN7;PIQUAGE A LINAS (SECOURS);Point de piquage;ACCORD ADMINISTRATIF;225kV;Essonne
RUPER;RUPEREUX;Poste de transformation;EN EXPLOITATION;63kV;Seine-et-Marne
BUTTA;BUTTAVENT;Poste de transformation;EN EXPLOITATION;225kV;Mayenne
AVENN;AVENNES (LES);Poste de transformation;ACCORD ADMINISTRATIF;225kV;Aisne
HYPER;HYPERCOURT;Poste de transformation;EN EXPLOITATION;63kV;Somme
G.HAY;GRANDE-HAYE (LA);Poste de transformation;EN EXPLOITATION;90kV;Ille-et-Vilaine
ZBARM;PIQUAGE A BARMAINVILLE;Point de piquage;EN EXPLOITATION;90kV;Eure-et-Loir
OUDON;OUDON;Poste de transformation;EN EXPLOITATION;400kV;Ille-et-Vilaine
ZM.TO;PIQUAGE A MARTRES-TOLOSANE;Point de piquage;EN EXPLOITATION;63kV;Haute-Garonne
SSCE5;SAINT-LAURENT-DE-CERIS;Poste de transformation;ACCORD ADMINISTRATIF;90kV;Charente
G.ROU;GUE-AU-ROUX (LE);Poste de transformation;EN EXPLOITATION;225kV;Vendée
BRIO6;BRIOUX-SUR-BOUTONNE;Poste de transformation;EN EXPLOITATION;225kV;Deux-Sèvres
SAVE5;SAVERDUN;Poste de transformation;EN EXPLOITATION;63kV;Ariège
I.BRU;ILE BRUNE;Poste de transformation;EN EXPLOITATION;63kV;Isère
I.NAN;ILE-DE-NANTES;Poste de transformation;EN EXPLOITATION;63kV;Loire-Atlantique
ZMIOL;PIQUAGE MIOLLES (LIAISON GOURJZ61SSVIC);Point de piquage;EN EXPLOITATION;225kV;Tarn
FOULV;FOULVENTOUR;Poste de transformation;ACCORD ADMINISTRATIF;400kV;Haute-Vienne
C.JAN;CAP JANET;Poste de transformation;EN EXPLOITATION;225kV;
VENT5;RINGO-VENTAVON;Poste de transformation;EN EXPLOITATION;63kV;Hautes-Alpes
CREI5;CREIL (RFF);Poste de transformation;EN EXPLOITATION;225kV;Oise
LISSE;LISSES;Poste de transformation;EN EXPLOITATION;225kV;Essonne
MORA6;MORANDIE (LA);Poste de transformation;EN EXPLOITATION;90kV;Charente
CONST;CONSTANTIN;Poste de transformation;EN EXPLOITATION;225kV;Gironde
G.LUS;GAY-LUSSAC;Poste de transformation;EN EXPLOITATION;63kV;Haut-Rhin
G.MAR;GRANGES-STE-MARIE;Poste de transformation;EN EXPLOITATION;63kV;Doubs
G.PAR;GRANDE-PAROISSE;Poste de transformation;EN EXPLOITATION;63kV;Seine-et-Marne
G.SYN;GRANDE-SYNTHE;Poste de transformation;EN EXPLOITATION;225kV;Nord
G.VIO;GRANDS-VIOLETS;Poste de transformation;EN EXPLOITATION;63kV;Rhône
GACE;GACE;Poste de transformation;EN EXPLOITATION;90kV;Orne
GAEL;GAEL;Poste de transformation;EN EXPLOITATION;90kV;Côtes-d'Armor
GAMBE;GAMBETTA;Poste de transformation;EN EXPLOITATION;225kV;Paris
GAMPA;GAMPALOUP;Poste de transformation;EN EXPLOITATION;225kV;Isère
GARD6;GARDANNE (ALUMINIUM PECHINEY);Poste de transformation;EN EXPLOITATION;63kV;Bouches-du-Rhône
GARD7;GARDE (LA);Poste de transformation;EN EXPLOITATION;225kV;Var
GARD9;GARDES (LES);Poste de transformation;EN EXPLOITATION;90kV;Indre-et-Loire
GARDA;GARDANNE;Poste de transformation;EN EXPLOITATION;63kV;Bouches-du-Rhône
GARDO;GARDON;Poste de transformation;EN EXPLOITATION;63kV;Ardèche
GARGE;GARGENVILLE;Poste de transformation;EN EXPLOITATION;63kV;Yvelines
GAUCH;GAUCHET (LE);Poste de transformation;EN EXPLOITATION;90kV;Corrèze
GAZER;GAZERAN;Poste de transformation;EN EXPLOITATION;63kV;Yvelines
GEDRE;GEDRE;Poste de transformation;EN EXPLOITATION;63kV;Hautes-Pyrénées
GENTI;GENTILLE (LA);Poste de transformation;EN EXPLOITATION;63kV;Haute-Garonne
GERAR;GERARDMER;Poste de transformation;EN EXPLOITATION;63kV;Vosges
GERMI;GERMIGNY;Poste de transformation;EN EXPLOITATION;63kV;Yonne
GERST;GERSTHEIM;Poste de transformation;EN EXPLOITATION;225kV;Bas-Rhin
GETEU;GETEU;Poste de transformation;EN EXPLOITATION;63kV;Pyrénées-Atlantiques
GIFFR;GIFFRE (LE);Poste de transformation;EN EXPLOITATION;63kV;Haute-Savoie
GLAND;GLANDON;Poste de transformation;EN EXPLOITATION;45kV;Savoie
GLORI;GLORIA;Poste de transformation;EN EXPLOITATION;63kV;Bouches-du-Rhône
GODI5;GODINIERE (LA);Poste de transformation;EN EXPLOITATION;90kV;Indre-et-Loire
GONNE;GONNEVILLE;Poste de transformation;EN EXPLOITATION;90kV;Seine-Maritime
GORBE;GORBELLA;Poste de transformation;EN EXPLOITATION;63kV;Alpes-Maritimes
GORR6;GORRE (SETHELEC);Poste de transformation;EN EXPLOITATION;90kV;Charente
GOULA;GOULAINE;Poste de transformation;EN EXPLOITATION;90kV;Loire-Atlantique
GOUR6;GOURDON (CLIENT);Poste de transformation;EN EXPLOITATION;63kV;Lot
GOURI;GOURIN;Poste de transformation;EN EXPLOITATION;63kV;Morbihan
GOURN;GOURNAY;Poste de transformation;EN EXPLOITATION;63kV;Seine-Maritime
GOUZO;GOUZON;Poste de transformation;EN EXPLOITATION;63kV;Creuse
GRAFF;GRAFFENSTADEN;Poste de transformation;EN EXPLOITATION;225kV;Bas-Rhin
GRANG;GRANGE (LA);Poste de transformation;EN EXPLOITATION;63kV;Saône-et-Loire
GRAVA;GRAVANCHES;Poste de transformation;EN EXPLOITATION;63kV;Puy-de-Dôme
GRAVE;GRAVELINES;Poste de transformation;EN EXPLOITATION;90kV;Pas-de-Calais
GRAY;GRAY;Poste de transformation;EN EXPLOITATION;63kV;Haute-Saône
GREVA;GREVAUX (LES);Poste de transformation;EN EXPLOITATION;90kV;Nord
GRIMA;GRIMAUDIERE (LA);Poste de transformation;EN EXPLOITATION;90kV;Vienne
GRIPO;GRIPOY;Poste de transformation;EN EXPLOITATION;90kV;Loiret
GRISO;GRISOLLES;Poste de transformation;EN EXPLOITATION;225kV;Hautes-Alpes
GROUL;GROULLES;Poste de transformation;EN EXPLOITATION;63kV;Alpes-Maritimes
GUCHE;GUCHEN;Poste de transformation;EN EXPLOITATION;63kV;Hautes-Pyrénées
GUER;GUER;Poste de transformation;EN EXPLOITATION;90kV;Morbihan
GUERI;GUERINIERE;Poste de transformation;EN EXPLOITATION;90kV;
GUEUG;GUEUGNON;Poste de transformation;EN EXPLOITATION;225kV;Saône-et-Loire
GUIGN;GUIGNICOURT;Poste de transformation;EN EXPLOITATION;63kV;Aisne
GUILL;GUILLAUMES;Poste de transformation;EN EXPLOITATION;63kV;Alpes-Maritimes
GUINE;GUINEBERT;Poste de transformation;EN EXPLOITATION;63kV;Seine-et-Marne
H.BOR;HAUTE-BORNE;Poste de transformation;EN EXPLOITATION;225kV;Val-d'Oise
H.DIE;HOTEL-DIEU;Poste de transformation;EN EXPLOITATION;225kV;Seine-Maritime
H.LOG;HAUTE-LOGE;Poste de transformation;EN EXPLOITATION;90kV;Nord
HAGUE;HAGUE (LA);Poste de transformation;EN EXPLOITATION;90kV;
HALLE;HALLES;Poste de transformation;EN EXPLOITATION;225kV;Paris
HAVR5;HAVRE (LE) (POSTE);Poste de transformation;EN EXPLOITATION;400kV;
HEINL;HEINLEX;Poste de transformation;EN EXPLOITATION;63kV;Loire-Atlantique
HELLE;HELLEMMES;Poste de transformation;EN EXPLOITATION;225kV;Nord
HERB5;HERBETTE (L);Poste de transformation;EN EXPLOITATION;63kV;Isère
HERMI;HERMILLON;Poste de transformation;EN EXPLOITATION;225kV;Savoie
HESDI;HESDIN;Poste de transformation;EN EXPLOITATION;90kV;Pas-de-Calais
HOERD;HOERDT;Poste de transformation;EN EXPLOITATION;63kV;Bas-Rhin
HOLQU;HOLQUE;Poste de transformation;EN EXPLOITATION;225kV;Pas-de-Calais
HOSPI;HOSPITALET (L );Poste de transformation;EN EXPLOITATION;225kV;Ariège
HOUCH;HOUCHARDE(LA);Poste de transformation;EN EXPLOITATION;90kV;Vienne
HURTE;HURTEBISE;Poste de transformation;EN EXPLOITATION;63kV;Nord
I.JOU;ISLE-JOURDAIN (MILLAC);Poste de transformation;EN EXPLOITATION;90kV;Vienne
ISBE5;ISBERGUES (UGINE ACIERS) (225KV);Poste de transformation;EN EXPLOITATION;225kV;Pas-de-Calais
ISSEL;ISSEL;Poste de transformation;EN EXPLOITATION;400kV;Aude
ISSOU;ISSOU;Poste de transformation;EN EXPLOITATION;63kV;Yvelines
JALIS;JALIS;Poste de transformation;EN EXPLOITATION;225kV;Gers
JALLI;JALLIEU;Poste de transformation;EN EXPLOITATION;63kV;Isère
JARGE;JARGEAU;Poste de transformation;EN EXPLOITATION;90kV;Loiret
JARNA;JARNAC;Poste de transformation;EN EXPLOITATION;90kV;Charente
JOINV;JOINVILLE;Poste de transformation;EN EXPLOITATION;63kV;Haute-Marne
JONCS;JONCS;Poste de transformation;EN EXPLOITATION;63kV;Bouches-du-Rhône
JOUDR;JOUDREVILLE;Poste de transformation;EN EXPLOITATION;63kV;Meuse
JOURD;JOURDANIE (LA);Poste de transformation;EN EXPLOITATION;63kV;Aveyron
JOUSS;JOUSSEAU;Poste de transformation;EN EXPLOITATION;90kV;Vienne
JOUX;JOUX;Poste de transformation;EN EXPLOITATION;225kV;Rhône
JUNIA;JUNIAT;Poste de transformation;EN EXPLOITATION;90kV;Haute-Vienne
KERAN;KERANGALL;Poste de transformation;EN EXPLOITATION;63kV;Finistère
KERBA;KERBACH;Poste de transformation;EN EXPLOITATION;63kV;Moselle
KERBI;KERBILIGUET;Poste de transformation;EN EXPLOITATION;63kV;Finistère
KEROL;KEROLAY;Poste de transformation;EN EXPLOITATION;63kV;Morbihan
L.ATH;LICQ-ATHEREY;Poste de transformation;EN EXPLOITATION;63kV;Pyrénées-Atlantiques
L.DEL;LILLE-DELIVRANCE;Poste de transformation;EN EXPLOITATION;225kV;Nord
L.INA;LABARTHE-INARD;Poste de transformation;EN EXPLOITATION;63kV;Haute-Garonne
LABAR;LABARDE;Poste de transformation;EN EXPLOITATION;63kV;Gironde
LACQ5;LACQ ( E.A.E.P.F.);Poste de transformation;EN EXPLOITATION;63kV;Pyrénées-Atlantiques
LAFA5;LAFARGE (CIMENTS LAFARGE A CRUAS);Poste de transformation;EN EXPLOITATION;63kV;Ardèche
LAMOT;LAMOTHE;Poste de transformation;EN EXPLOITATION;63kV;Gironde
LANAU;LANAU;Poste de transformation;EN EXPLOITATION;225kV;Cantal
LANCE;LANCEY;Poste de transformation;EN EXPLOITATION;63kV;Isère
LAND5;LANDROFF;Poste de transformation;EN EXPLOITATION;63kV;Moselle
LANDR;LANDRES;Poste de transformation;EN EXPLOITATION;225kV;Meuse
LANN7;LANNEMEZAN (S.N.C.F.);Poste de transformation;EN EXPLOITATION;63kV;Hautes-Pyrénées
LAOS;LAOS;Poste de transformation;EN EXPLOITATION;225kV;Paris
LARRI;LARRIS (LES);Poste de transformation;EN EXPLOITATION;63kV;Seine-et-Marne
LAURE;LAURE;Poste de transformation;EN EXPLOITATION;63kV;Bouches-du-Rhône
LAUZ5;LAUZE;Poste de transformation;EN EXPLOITATION;63kV;Isère
LAVO5;LAVOISIER;Poste de transformation;EN EXPLOITATION;63kV;Haut-Rhin
LAZAR;LAZARET (LE);Poste de transformation;EN EXPLOITATION;63kV;Gironde
LAZER;LAZER;Poste de transformation;EN EXPLOITATION;63kV;Hautes-Alpes
LECER;LECERF;Poste de transformation;EN EXPLOITATION;90kV;Eure
LEDAR;LEDAR;Poste de transformation;EN EXPLOITATION;63kV;Ariège
LEDEN;LEDENON;Poste de transformation;EN EXPLOITATION;63kV;Gard
LEGUG;LEGUGNON;Poste de transformation;EN EXPLOITATION;63kV;Pyrénées-Atlantiques
LERE;LERE;Poste de transformation;EN EXPLOITATION;63kV;Tarn-et-Garonne
LEROU;LEROUVILLE;Poste de transformation;EN EXPLOITATION;63kV;Meuse
LEVRO;LEVROUX;Poste de transformation;EN EXPLOITATION;90kV;Indre
LIART;LIART;Poste de transformation;EN EXPLOITATION;63kV;Ardennes
LIMAN;LIMANS;Poste de transformation;EN EXPLOITATION;63kV;Alpes-de-Haute-Provence
LINXE;LINXE;Poste de transformation;EN EXPLOITATION;63kV;Landes
A.NOU;ASNIERES-SUR-NOUERE;Poste de transformation;EN EXPLOITATION;225kV;Charente
VENUS;VENUS;Poste de transformation;ACCORD ADMINISTRATIF;225kV;Nord
GUISL;GUISLAIN (LE);Poste de transformation;EN EXPLOITATION;90kV;Manche
ZORVA;PIQUAGE A ORVAULT;Point de piquage;EN EXPLOITATION;225kV;Loire-Atlantique
H.BOU;HORNOY-LE-BOURG;Poste de transformation;EN EXPLOITATION;225kV;Somme
HOQUI;HOQUINS (LES);Poste de transformation;ACCORD ADMINISTRATIF;225kV;Aisne
OLLI5;OLLIERES;Poste de transformation;EN EXPLOITATION;225kV;Var
SSLAI;SAINT-LAID;Poste de transformation;EN EXPLOITATION;225kV;Marne
BRIZE;BRIZEAUX (LES);Poste de transformation;EN EXPLOITATION;225kV;Deux-Sèvres
M.AME;MINE AMELIE (LA);Poste de transformation;EN EXPLOITATION;63kV;Haut-Rhin
TAUPI;TAUPINIERES (LES);Poste de transformation;EN EXPLOITATION;90kV;Marne
BAUMO;BAUMONT;Poste de transformation;EN EXPLOITATION;63kV;Doubs
VERR5;VERRERIE (LA);Poste de transformation;EN EXPLOITATION;225kV;Var
TUPIG;TUPIGNY;Poste de transformation;EN EXPLOITATION;63kV;Aisne
F.MAR;FLANDRE MARITIME;Poste de transformation;ACCORD ADMINISTRATIF;400kV;Pas-de-Calais
PERTR;PERTRE (LE);Poste de transformation;EN EXPLOITATION;225kV;Ille-et-Vilaine
CIBLE;CIBLE (LA);Poste de transformation;ACCORD ADMINISTRATIF;90kV;Indre
ZMEES;PIQUAGE AUX MEES;Point de piquage;EN EXPLOITATION;225kV;Alpes-de-Haute-Provence
GRAMO;GRAMONT;Poste de transformation;EN EXPLOITATION;225kV;Haute-Garonne
NOROI;NOROIT;Poste de transformation;ACCORD ADMINISTRATIF;400kV;Seine-Maritime
ZEST6;PIQUAGE A ESTANCARBON;Point de piquage;EN EXPLOITATION;63kV;Haute-Garonne
G.MO5;GRANDE-MOTTE;Poste de transformation;EN EXPLOITATION;63kV;Hérault
G.QUE;GRAND-QUEVILLY;Poste de transformation;EN EXPLOITATION;225kV;Seine-Maritime
GAIL6;GAILLON;Poste de transformation;EN EXPLOITATION;90kV;Eure
GANDR;GANDRANGE;Poste de transformation;EN EXPLOITATION;225kV;Moselle
GANTE;GANTERIE;Poste de transformation;EN EXPLOITATION;90kV;Eure
GARCH;GARCHIZY;Poste de transformation;EN EXPLOITATION;225kV;Cher
GATEL;GATELLIER;Poste de transformation;EN EXPLOITATION;225kV;Cantal
GATI5;GATINAIS;Poste de transformation;EN EXPLOITATION;400kV;Loiret
GAVET;GAVET (FERROPEM);Poste de transformation;EN EXPLOITATION;63kV;Isère
GAVRE;GAVRELLE;Poste de transformation;EN EXPLOITATION;400kV;Pas-de-Calais
GENAY;GENAY;Poste de transformation;EN EXPLOITATION;63kV;Rhône
GENLI;GENLIS;Poste de transformation;EN EXPLOITATION;63kV;Côte-d'Or
GERBA;GERBAUD;Poste de transformation;EN EXPLOITATION;63kV;Ardèche
GESVR;GESVRES;Poste de transformation;EN EXPLOITATION;63kV;Loire-Atlantique
GIROT;GIROTTE (LA);Poste de transformation;EN EXPLOITATION;45kV;Savoie
GIROU;GIROUFLAT;Poste de transformation;EN EXPLOITATION;63kV;Lot-et-Garonne
GIVET;GIVET;Poste de transformation;EN EXPLOITATION;63kV;
GIVOR;GIVORS;Poste de transformation;EN EXPLOITATION;225kV;Rhône
GOBEL;GOBELINS;Poste de transformation;EN EXPLOITATION;225kV;Paris
GOISE;GOISE;Poste de transformation;EN EXPLOITATION;90kV;Deux-Sèvres
GOLBE;GOLBEY;Poste de transformation;EN EXPLOITATION;225kV;Vosges
GONCO;GONCOURT;Poste de transformation;EN EXPLOITATION;63kV;Haute-Marne
GOUTR;GOUTRENS;Poste de transformation;EN EXPLOITATION;63kV;Aveyron
GRACI;GRACIEUSE (LA);Poste de transformation;EN EXPLOITATION;225kV;Bouches-du-Rhône
GRAN8;GRANDFRESNOY;Poste de transformation;EN EXPLOITATION;63kV;Oise
GRANZ;GRANZAY;Poste de transformation;EN EXPLOITATION;400kV;Deux-Sèvres
GRUES;GRUES (LES);Poste de transformation;EN EXPLOITATION;90kV;Vendée
GUER5;GUERLESQUIN;Poste de transformation;EN EXPLOITATION;63kV;Finistère
GUERE;GUERET;Poste de transformation;EN EXPLOITATION;90kV;Creuse
GUIG5;GUIGNONS (LES);Poste de transformation;EN EXPLOITATION;63kV;Seine-et-Marne
GUING;GUINGAMP;Poste de transformation;EN EXPLOITATION;63kV;Côtes-d'Armor
H.PAU;HENRI-PAUL;Poste de transformation;EN EXPLOITATION;400kV;Saône-et-Loire
H.TOU;HAYANGE-TOURNEBRIDE;Poste de transformation;EN EXPLOITATION;225kV;Moselle
HAGET;HAGETMAU;Poste de transformation;EN EXPLOITATION;63kV;Landes
HANNA;HANNART;Poste de transformation;EN EXPLOITATION;225kV;Nord
HAUTM;HAUTMONT;Poste de transformation;EN EXPLOITATION;45kV;Nord
HEM;HEM;Poste de transformation;EN EXPLOITATION;90kV;Nord
HERIC;HERICOURT;Poste de transformation;EN EXPLOITATION;63kV;Haute-Saône
HIRSI;HIRSINGUE;Poste de transformation;EN EXPLOITATION;225kV;Haut-Rhin
HOSTE;HOSTENS;Poste de transformation;EN EXPLOITATION;63kV;Gironde
HUBER;HUBERVILLE;Poste de transformation;EN EXPLOITATION;90kV;Manche
I.DOD;ISLE-EN-DODON (L);Poste de transformation;EN EXPLOITATION;63kV;Haute-Garonne
I.JO5;ISLE-JOURDAIN;Poste de transformation;EN EXPLOITATION;63kV;Gers
I.POR;ISOLA-PORTIQUE;Poste de transformation;EN EXPLOITATION;63kV;Alpes-Maritimes
INGWI;INGWILLER;Poste de transformation;EN EXPLOITATION;63kV;Bas-Rhin
INSMI;INSMING;Poste de transformation;EN EXPLOITATION;63kV;Moselle
ISCLE;ISCLES (LES);Poste de transformation;EN EXPLOITATION;225kV;Bouches-du-Rhône
ISIGN;ISIGNY;Poste de transformation;EN EXPLOITATION;90kV;Manche
ISSAC;ISSAC;Poste de transformation;EN EXPLOITATION;63kV;Gironde
ISSY;ISSY;Poste de transformation;EN EXPLOITATION;63kV;Hauts-de-Seine
IVRY5;IVRY (CLIENT);Poste de transformation;EN EXPLOITATION;63kV;Paris
IZERN;IZERNORE;Poste de transformation;EN EXPLOITATION;225kV;Ain
J.BOI;JEU-LES-BOIS;Poste de transformation;EN EXPLOITATION;90kV;Indre
J.CLA;JAUNAY-CLAN;Poste de transformation;EN EXPLOITATION;90kV;Vienne
JANAI;JANAIS (LA);Poste de transformation;EN EXPLOITATION;90kV;Ille-et-Vilaine
JOUY;JOUY;Poste de transformation;EN EXPLOITATION;63kV;Seine-et-Marne
JUMEA;JUMEAUX (LES);Poste de transformation;EN EXPLOITATION;400kV;Deux-Sèvres
KERBO;KERBOQUET;Poste de transformation;EN EXPLOITATION;63kV;Morbihan
KERHE;KERHELLEGAN;Poste de transformation;EN EXPLOITATION;63kV;
KERL5;KERLOURY;Poste de transformation;EN EXPLOITATION;63kV;Finistère
KUHL5;KUHLMANN;Poste de transformation;EN EXPLOITATION;63kV;Loire-Atlantique
L.BAL;LAU-BALAGNAS;Poste de transformation;EN EXPLOITATION;150kV;Hautes-Pyrénées
LABOU;LABOUHEYRE;Poste de transformation;EN EXPLOITATION;63kV;Landes
LACAU;LACAUNE;Poste de transformation;EN EXPLOITATION;63kV;Tarn
LAFOX;LAFOX;Poste de transformation;EN EXPLOITATION;63kV;Lot-et-Garonne
LAGAF;LAGAFIERE;Poste de transformation;EN EXPLOITATION;225kV;Drôme
LALBE;LALBENQUE;Poste de transformation;EN EXPLOITATION;63kV;Lot
LALIN;LALINDE;Poste de transformation;EN EXPLOITATION;63kV;Dordogne
LAMAR;LAMARCK;Poste de transformation;EN EXPLOITATION;63kV;Hauts-de-Seine
LAMBA;LAMBALLE;Poste de transformation;EN EXPLOITATION;63kV;Côtes-d'Armor
LAMO5;LAMOTTE (-BREBIERE);Poste de transformation;EN EXPLOITATION;90kV;Somme
LANDI;LANDIVISIAU;Poste de transformation;EN EXPLOITATION;63kV;Finistère
LANG5;LANGONNET;Poste de transformation;EN EXPLOITATION;63kV;Morbihan
LANG8;LANGOGNE;Poste de transformation;EN EXPLOITATION;63kV;Lozère
LANIN;LANINON;Poste de transformation;EN EXPLOITATION;63kV;Finistère
LANN5;LANNEMEZAN ( PECHINEY A LANNEMEZAN);Poste de transformation;EN EXPLOITATION;63kV;Hautes-Pyrénées
LANOB;LANOBRE;Poste de transformation;EN EXPLOITATION;90kV;Corrèze
LARGU;LARGUE (LE);Poste de transformation;EN EXPLOITATION;63kV;Alpes-de-Haute-Provence
LASSA;LASSAY;Poste de transformation;EN EXPLOITATION;90kV;Mayenne
LAVA2;LAVAUR II;Poste de transformation;EN EXPLOITATION;63kV;Corrèze
LAVAL;LAVAL;Poste de transformation;EN EXPLOITATION;225kV;Mayenne
LENCL;LENCLOITRE;Poste de transformation;EN EXPLOITATION;90kV;Vienne
LESP5;LESPARRE (S.N.C.F.);Poste de transformation;EN EXPLOITATION;63kV;Gironde
LESP6;LESPINET;Poste de transformation;EN EXPLOITATION;63kV;Haute-Garonne
LESQU;LESQUIVE;Poste de transformation;EN EXPLOITATION;400kV;Tarn-et-Garonne
LEZIG;LEZIGNAN;Poste de transformation;EN EXPLOITATION;63kV;Aude
LIEVE;LIEVE;Poste de transformation;EN EXPLOITATION;63kV;Puy-de-Dôme
LIMOU;LIMOUZAT (LE);Poste de transformation;EN EXPLOITATION;63kV;Allier
LINGO;LINGOSTIERE;Poste de transformation;EN EXPLOITATION;150kV;Alpes-Maritimes
CORM5;CORMELAI;Poste de transformation;EN EXPLOITATION;90kV;Indre
CORNE;CORNEILLE;Poste de transformation;EN EXPLOITATION;90kV;Seine-Maritime
COUCH;COUCHEY;Poste de transformation;EN EXPLOITATION;225kV;Côte-d'Or
COUE5;COUESMES;Poste de transformation;EN EXPLOITATION;90kV;Indre-et-Loire
COUES;COUESQUE;Poste de transformation;EN EXPLOITATION;225kV;Aveyron
COUL5;COULONDRES;Poste de transformation;EN EXPLOITATION;63kV;Hérault
COULA;COULANGE;Poste de transformation;EN EXPLOITATION;400kV;Ardèche
COULL;COULLONS;Poste de transformation;EN EXPLOITATION;90kV;Loiret
COUTA;COUTANCES;Poste de transformation;EN EXPLOITATION;90kV;Manche
CPFL5;CHAMPFLEUR;Poste de transformation;EN EXPLOITATION;225kV;Orne
CPIGN;CHAMPIGNEULLES;Poste de transformation;EN EXPLOITATION;63kV;Meurthe-et-Moselle
CPNOL;CHAMPAGNOLE;Poste de transformation;EN EXPLOITATION;225kV;Jura
CRAON;CRAON;Poste de transformation;EN EXPLOITATION;90kV;Mayenne
CRAPO;CRAPONNE;Poste de transformation;EN EXPLOITATION;63kV;Rhône
CREDI;CREDIN;Poste de transformation;EN EXPLOITATION;63kV;Morbihan
CREST;CREST;Poste de transformation;EN EXPLOITATION;63kV;Drôme
CROQU;CROQUELOUP;Poste de transformation;EN EXPLOITATION;90kV;Ille-et-Vilaine
CRUCH;CRUCHET (LE);Poste de transformation;EN EXPLOITATION;90kV;Sarthe
CRUSS;CRUSSOL;Poste de transformation;EN EXPLOITATION;63kV;Ardèche
CSLET;CASTELET (LE);Poste de transformation;EN EXPLOITATION;63kV;Ariège
CSLL5;CASTELLAS;Poste de transformation;EN EXPLOITATION;63kV;Hérault
CSLSA;CASTELSARRASIN;Poste de transformation;EN EXPLOITATION;63kV;Tarn-et-Garonne
CST;CASTET (PORTIQUE);Poste de transformation;EN EXPLOITATION;63kV;Pyrénées-Atlantiques
CTAU;CHATEAU (LE);Poste de transformation;EN EXPLOITATION;63kV;Haute-Garonne
CUISE;CUISEAUX;Poste de transformation;EN EXPLOITATION;63kV;Saône-et-Loire
CURBA;CURBANS;Poste de transformation;EN EXPLOITATION;225kV;Hautes-Alpes
CXNAY;CHAUNAY;Poste de transformation;EN EXPLOITATION;225kV;Eure-et-Loir
CXTAG;CHAUTAGNE;Poste de transformation;EN EXPLOITATION;63kV;Ain
CZELL;COURELLES (LES);Poste de transformation;EN EXPLOITATION;90kV;Loiret
CZPIE;COURPIERE;Poste de transformation;EN EXPLOITATION;63kV;Puy-de-Dôme
CZRIE;COURRIERES;Poste de transformation;EN EXPLOITATION;225kV;Pas-de-Calais
D.FON;DOUE-LA-FONTAINE;Poste de transformation;EN EXPLOITATION;90kV;Maine-et-Loire
D.FRA;DIGUE-DES-FRANCAIS;Poste de transformation;EN EXPLOITATION;225kV;Alpes-Maritimes
DARNE;DARNEY;Poste de transformation;EN EXPLOITATION;63kV;Vosges
DARSE;DARSE;Poste de transformation;EN EXPLOITATION;225kV;Bouches-du-Rhône
DAUX;DAUX;Poste de transformation;EN EXPLOITATION;63kV;Haute-Garonne
DEBON;DEBONNAIRE;Poste de transformation;EN EXPLOITATION;63kV;Moselle
DENNA;DENNA;Poste de transformation;EN EXPLOITATION;225kV;
DERVA;DERVAL;Poste de transformation;EN EXPLOITATION;90kV;Loire-Atlantique
DESVR;DESVRES;Poste de transformation;EN EXPLOITATION;90kV;Pas-de-Calais
DETTW;DETTWILLER;Poste de transformation;EN EXPLOITATION;225kV;Bas-Rhin
DISTR;DISTRE;Poste de transformation;EN EXPLOITATION;400kV;Maine-et-Loire
DOL;DOL (-DE-BRETAGNE);Poste de transformation;EN EXPLOITATION;90kV;Ille-et-Vilaine
DOMBA;DOMBASLE (STE SOLVAY);Poste de transformation;EN EXPLOITATION;63kV;Meurthe-et-Moselle
DOMLO;DOMLOUP;Poste de transformation;EN EXPLOITATION;400kV;Ille-et-Vilaine
DONCH;DONCHERY;Poste de transformation;EN EXPLOITATION;63kV;Ardennes
DORE;DORE;Poste de transformation;EN EXPLOITATION;63kV;Puy-de-Dôme
DORNA;DORNACH;Poste de transformation;EN EXPLOITATION;63kV;Haut-Rhin
DOUAI;DOUAIRES;Poste de transformation;EN EXPLOITATION;90kV;Ille-et-Vilaine
DROUG;DROUGES;Poste de transformation;EN EXPLOITATION;90kV;Ille-et-Vilaine
DUNES;DUNES (LES);Poste de transformation;EN EXPLOITATION;225kV;
E.BAI;EVAUX LES BAINS;Poste de transformation;EN EXPLOITATION;63kV;Creuse
E.BON;EAUX-BONNES;Poste de transformation;EN EXPLOITATION;63kV;Pyrénées-Atlantiques
E.FOR;EPINES-FORTES;Poste de transformation;EN EXPLOITATION;90kV;Indre-et-Loire
E.HUC;EMILE-HUCHET;Poste de transformation;EN EXPLOITATION;400kV;Moselle
ECHAL;ECHALAS;Poste de transformation;EN EXPLOITATION;400kV;Loire
ECHIN;ECHINGHEN;Poste de transformation;EN EXPLOITATION;225kV;Pas-de-Calais
EDGAR;EDGAR;Poste de transformation;EN EXPLOITATION;90kV;Seine-Maritime
EDITH;EDITH;Poste de transformation;EN EXPLOITATION;225kV;Drôme
EGET;EGET;Poste de transformation;EN EXPLOITATION;63kV;Hautes-Pyrénées
EGUZO;EGUZON;Poste de transformation;EN EXPLOITATION;400kV;Indre
ENSER;ENSERUNE;Poste de transformation;EN EXPLOITATION;63kV;Hérault
EPER5;EPERNON;Poste de transformation;EN EXPLOITATION;90kV;Eure-et-Loir
EPERN;EPERNAY;Poste de transformation;EN EXPLOITATION;63kV;Marne
EPIER;EPIERRE;Poste de transformation;EN EXPLOITATION;45kV;Savoie
ERASM;ERASME;Poste de transformation;EN EXPLOITATION;225kV;Paris
ERQUY;ERQUY;Poste de transformation;EN EXPLOITATION;63kV;
ESTR6;ESTREUX;Poste de transformation;EN EXPLOITATION;225kV;Nord
F.SUL;FORET DE SULLY;Poste de transformation;EN EXPLOITATION;90kV;Loiret
FAUGA;FAUGA;Poste de transformation;EN EXPLOITATION;63kV;Haute-Garonne
FIRM5;FIRMINY;Poste de transformation;EN EXPLOITATION;225kV;Loire
FLEUR;FLEURVILLE;Poste de transformation;EN EXPLOITATION;63kV;Saône-et-Loire
FLORY;FLORY;Poste de transformation;EN EXPLOITATION;63kV;
FOLIE;FOLIES;Poste de transformation;EN EXPLOITATION;225kV;Hauts-de-Seine
FOSSE;FOSSES (LES);Poste de transformation;EN EXPLOITATION;225kV;Seine-et-Marne
FOUIL;FOUILLOY;Poste de transformation;EN EXPLOITATION;90kV;Oise
FOURA;FOURAUDERIE;Poste de transformation;EN EXPLOITATION;90kV;Sarthe
FOURM;FOURMIES;Poste de transformation;EN EXPLOITATION;63kV;Nord
FOYAU;FOYAUX;Poste de transformation;EN EXPLOITATION;90kV;Nord
FRONT;FRONTIGNAN;Poste de transformation;EN EXPLOITATION;63kV;Hérault
FTAI9;FONTAINES (LES) (AUTOMOBILES PEUGEOT A DOMPIERRE);Poste de transformation;EN EXPLOITATION;63kV;Allier
FURON;FURON;Poste de transformation;EN EXPLOITATION;63kV;Isère
G.CAI;GROS-CAILLOU;Poste de transformation;EN EXPLOITATION;225kV;Nord
B.SE5;BOIS-DE-SERVES;Poste de transformation;EN EXPLOITATION;400kV;Ain
S.GUY;SAUVETERRE-DE-GUYENNE;Poste de transformation;EN EXPLOITATION;225kV;Gironde
BEYR5;BEYREDE (EDF);Poste de transformation;EN EXPLOITATION;63kV;Hautes-Pyrénées
ZFRO8;PIQUAGE AUX FROMONTS;Point de piquage;EN EXPLOITATION;63kV;Seine-et-Marne
1BLER;BLERIOT (BLERIOT);Poste de transformation;EN EXPLOITATION;<45kV;Val-d'Oise
1N.MA;NEUILLY-SUR-MARNE /NEUILL;Poste de transformation;EN EXPLOITATION;<45kV;Seine-Saint-Denis
1P.LO;PAS-DU-LOUP /1P.RE 26KV;Poste de transformation;EN EXPLOITATION;<45kV;Pyrénées-Orientales
1P.RE;PUIG-REDON /TECH 26KV;Poste de transformation;EN EXPLOITATION;<45kV;Pyrénées-Orientales
1POUC;POUCH (HTA);Poste de transformation;EN EXPLOITATION;<45kV;Corrèze
1RENA;RENAULT /SANDOUVILLE 20KV;Poste de transformation;EN EXPLOITATION;<45kV;Seine-Maritime
1SSFO;SAINT-FONS /BELLE-ETOILE;Poste de transformation;EN EXPLOITATION;<45kV;Rhône
A.BA5;AIX-LES-BAINS (CLIENT);Poste de transformation;EN EXPLOITATION;63kV;Savoie
A.LI6;AIR-LIQUIDE (A GRANDE SYNTHE);Poste de transformation;EN EXPLOITATION;225kV;Nord
ABBEN;ABBENANS;Poste de transformation;EN EXPLOITATION;63kV;Doubs
ABERS;ABERS (LES);Poste de transformation;EN EXPLOITATION;63kV;Finistère
AGE;AGE (L );Poste de transformation;EN EXPLOITATION;90kV;Haute-Vienne
AIGU5;AIGUEBELLE (CLIENT);Poste de transformation;EN EXPLOITATION;45kV;Savoie
AIGUE;AIGUEBELLE (ENEDIS);Poste de transformation;EN EXPLOITATION;45kV;Savoie
AIGUR;AIGURANDE;Poste de transformation;EN EXPLOITATION;90kV;Indre
AIRAI;AIRAINES;Poste de transformation;EN EXPLOITATION;90kV;Somme
AIX;AIX;Poste de transformation;EN EXPLOITATION;63kV;Bouches-du-Rhône
ALBER;ALBERTVILLE;Poste de transformation;EN EXPLOITATION;400kV;Savoie
ALGER;ALGER;Poste de transformation;EN EXPLOITATION;63kV;Moselle
ALLEU;ALLEUX (GRANDVILLIERS);Poste de transformation;EN EXPLOITATION;90kV;Oise
ALLON;ALLONNE;Poste de transformation;EN EXPLOITATION;63kV;Oise
ALOUE;ALOUETTES (LES);Poste de transformation;EN EXPLOITATION;225kV;Seine-Saint-Denis
ALSTH;ALSTHOM;Poste de transformation;EN EXPLOITATION;63kV;Haute-Saône
AMBE6;AMBES (CLIENT);Poste de transformation;EN EXPLOITATION;63kV;Gironde
AMELE;AMELECOURT;Poste de transformation;EN EXPLOITATION;63kV;Moselle
ANDRA;ANDRAYE (THERMPHOS);Poste de transformation;EN EXPLOITATION;45kV;Savoie
ANOUL;ANOULD;Poste de transformation;EN EXPLOITATION;225kV;Vosges
ANTIB;ANTIBES;Poste de transformation;EN EXPLOITATION;225kV;Alpes-Maritimes
ANTIF;ANTIFER;Poste de transformation;EN EXPLOITATION;90kV;
AOSTE;AOSTE;Poste de transformation;EN EXPLOITATION;225kV;Isère
ARACH;ARACHES;Poste de transformation;EN EXPLOITATION;63kV;Haute-Savoie
ARCOM;ARCOMIE;Poste de transformation;EN EXPLOITATION;63kV;Cantal
ARGIA;ARGIA (BAYONNE SUD);Poste de transformation;EN EXPLOITATION;400kV;Pyrénées-Atlantiques
ARIET;ARIETAZ;Poste de transformation;EN EXPLOITATION;63kV;Savoie
ARMEN;ARMENTIERES;Poste de transformation;EN EXPLOITATION;225kV;Nord
ARNAG;ARNAGE;Poste de transformation;EN EXPLOITATION;225kV;Sarthe
ARREN;ARRENS;Poste de transformation;EN EXPLOITATION;150kV;Hautes-Pyrénées
ARRI5;ARRIGHI (SITE EX-CENTRALE);Poste de transformation;EN EXPLOITATION;225kV;Val-de-Marne
ARSEN;ARSENAL;Poste de transformation;EN EXPLOITATION;90kV;Manche
AUBI5;AUBIGNY;Poste de transformation;EN EXPLOITATION;63kV;Cher
AUBIG;AUBIGNE;Poste de transformation;EN EXPLOITATION;90kV;Maine-et-Loire
AUBRE;AUBREAUX (LES);Poste de transformation;EN EXPLOITATION;90kV;Charente
AUCH;AUCH (AUCH);Poste de transformation;EN EXPLOITATION;63kV;Gers
AUCUN;AUCUN;Poste de transformation;EN EXPLOITATION;150kV;Hautes-Pyrénées
AUDIE;AUDIERNE;Poste de transformation;EN EXPLOITATION;63kV;Finistère
AUTUN;AUTUN;Poste de transformation;EN EXPLOITATION;63kV;Saône-et-Loire
AUZAT;AUZAT;Poste de transformation;EN EXPLOITATION;225kV;Ariège
AVALL;AVALLON;Poste de transformation;EN EXPLOITATION;225kV;Yonne
AVRIE;AVRIEUX;Poste de transformation;EN EXPLOITATION;63kV;Savoie
AVRON;AVRON;Poste de transformation;EN EXPLOITATION;225kV;Seine-Saint-Denis
AYVEL;AYVELLES (LES);Poste de transformation;EN EXPLOITATION;225kV;Ardennes
B.AUS;BOIS D AUSSOIS;Poste de transformation;EN EXPLOITATION;63kV;Savoie
B.CUR;BOIS-DE-CURE;Poste de transformation;EN EXPLOITATION;63kV;Yonne
B.LAN;BOURBON-LANCY;Poste de transformation;EN EXPLOITATION;63kV;Allier
B.ROC;BAULME-LA-ROCHE;Poste de transformation;EN EXPLOITATION;63kV;Côte-d'Or
B.THI;BOURG-DE-THIZY;Poste de transformation;EN EXPLOITATION;63kV;Loire
BACCH;BACCHUS (ENEDIS);Poste de transformation;EN EXPLOITATION;90kV;Manche
BAGAT;BAGATELLE;Poste de transformation;EN EXPLOITATION;63kV;Aude
BALAN;BALAN (ARKEMA);Poste de transformation;EN EXPLOITATION;63kV;Ain
BALDI;BALDI;Poste de transformation;EN EXPLOITATION;63kV;Hérault
BANCA;BANCAIRON;Poste de transformation;EN EXPLOITATION;150kV;Alpes-Maritimes
BANNE;BANNE (LA);Poste de transformation;EN EXPLOITATION;63kV;Allier
BAOUS;BAOUS;Poste de transformation;EN EXPLOITATION;63kV;Tarn
BARJO;BARJOLS;Poste de transformation;EN EXPLOITATION;63kV;Var
BARLI;BARLIN;Poste de transformation;EN EXPLOITATION;90kV;Pas-de-Calais
BARQU;BARQUET;Poste de transformation;EN EXPLOITATION;225kV;Eure
BASSE;BASSENS;Poste de transformation;EN EXPLOITATION;63kV;Gironde
BAST5;BASTIDONNE (LA);Poste de transformation;EN EXPLOITATION;63kV;Bouches-du-Rhône
BATON;BATON;Poste de transformation;EN EXPLOITATION;63kV;Isère
BEC;BEC (LE);Poste de transformation;EN EXPLOITATION;63kV;Loire
BECQU;BECQUE;Poste de transformation;EN EXPLOITATION;90kV;
BEDAR;BEDARIEUX;Poste de transformation;EN EXPLOITATION;63kV;Hérault
BEINH;BEINHEIM;Poste de transformation;EN EXPLOITATION;63kV;Bas-Rhin
BELI5;BELIC;Poste de transformation;EN EXPLOITATION;<45kV;Landes
BELL4;BELLENAVES;Poste de transformation;EN EXPLOITATION;63kV;Allier
BELLA;BELLAC;Poste de transformation;EN EXPLOITATION;90kV;Haute-Vienne
BELLE;BELLEY;Poste de transformation;EN EXPLOITATION;63kV;Ain
BELMO;BELMONT;Poste de transformation;EN EXPLOITATION;63kV;Rhône
BERAN;BERANVILLE;Poste de transformation;EN EXPLOITATION;225kV;Yvelines
BERAT;BERAT;Poste de transformation;EN EXPLOITATION;63kV;Haute-Garonne
BERNO;BERNO;Poste de transformation;EN EXPLOITATION;63kV;Côtes-d'Armor
BEYSS;BEYSSAC;Poste de transformation;EN EXPLOITATION;63kV;Lozère
BIACA;BIACAVE;Poste de transformation;EN EXPLOITATION;63kV;Hautes-Pyrénées
BIACH;BIACHE;Poste de transformation;EN EXPLOITATION;90kV;Pas-de-Calais
BIANC;BIANCON;Poste de transformation;EN EXPLOITATION;400kV;Var
BIGNY;BIGNY;Poste de transformation;EN EXPLOITATION;90kV;Cher
BILHO;BILHO;Poste de transformation;EN EXPLOITATION;63kV;Loire-Atlantique
BILLY;BILLY;Poste de transformation;EN EXPLOITATION;225kV;Allier
BISCH;BISCHEIM;Poste de transformation;EN EXPLOITATION;63kV;Bas-Rhin
BITCH;BITCHE;Poste de transformation;EN EXPLOITATION;63kV;Moselle
BLAIN;BLAIN;Poste de transformation;EN EXPLOITATION;63kV;Loire-Atlantique
BLAVO;BLAVOZY;Poste de transformation;EN EXPLOITATION;63kV;Haute-Loire
BLENO;BLENOD;Poste de transformation;EN EXPLOITATION;400kV;Meurthe-et-Moselle
BLEVI;BLEVILLE;Poste de transformation;EN EXPLOITATION;90kV;
BODUT;BODUT;Poste de transformation;EN EXPLOITATION;90kV;Deux-Sèvres
BOGNY;BOGNY;Poste de transformation;EN EXPLOITATION;63kV;Ardennes
BORD7;BORDES (PORTIQUE);Poste de transformation;EN EXPLOITATION;63kV;Pyrénées-Atlantiques
BORD8;BORDERES (PORTIQUE);Poste de transformation;EN EXPLOITATION;63kV;Hautes-Pyrénées
BORDI;BORDIERES;Poste de transformation;EN EXPLOITATION;63kV;Haute-Garonne
BORLY;BORLY;Poste de transformation;EN EXPLOITATION;63kV;Haute-Savoie
BOUCE;BOUCEY;Poste de transformation;EN EXPLOITATION;90kV;Ille-et-Vilaine
BOUCH;BOUCHAIN;Poste de transformation;EN EXPLOITATION;400kV;Nord
BOUDE;BOUDEYRE;Poste de transformation;EN EXPLOITATION;225kV;Ardèche
BOUL5;BOULETERNERE;Poste de transformation;EN EXPLOITATION;63kV;Pyrénées-Orientales
BOULA;BOULAY;Poste de transformation;EN EXPLOITATION;63kV;Moselle
BOULI;BOULIEU;Poste de transformation;EN EXPLOITATION;63kV;Ardèche
BOULO;BOULOU;Poste de transformation;EN EXPLOITATION;63kV;Pyrénées-Orientales
BOUTR;BOUTRE;Poste de transformation;EN EXPLOITATION;400kV;Bouches-du-Rhône
BREI5;BREIL;Poste de transformation;EN EXPLOITATION;90kV;Maine-et-Loire
BRENN;BRENNILIS;Poste de transformation;EN EXPLOITATION;225kV;Finistère
BRENS;BRENS;Poste de transformation;EN EXPLOITATION;225kV;Ain
BRETA;BRETAGNE;Poste de transformation;EN EXPLOITATION;63kV;Gers
BREV6;BREVAL;Poste de transformation;EN EXPLOITATION;63kV;Val-d'Oise
BRIOU;BRIOUDE;Poste de transformation;EN EXPLOITATION;63kV;Haute-Loire
BRIVE;BRIVET;Poste de transformation;EN EXPLOITATION;63kV;Loire-Atlantique
BRONS;BRONSONNIERE (LA);Poste de transformation;EN EXPLOITATION;63kV;Savoie
BROSS;BROSSE;Poste de transformation;EN EXPLOITATION;63kV;Rhône
BROTT;BROTTEAUX;Poste de transformation;EN EXPLOITATION;63kV;Rhône
BRUGA;BRUGALE;Poste de transformation;EN EXPLOITATION;63kV;Corrèze
BRUMA;BRUMATH;Poste de transformation;EN EXPLOITATION;63kV;Bas-Rhin
BUSIG;BUSIGNY;Poste de transformation;EN EXPLOITATION;63kV;Nord
BUZAN;BUZANCAIS;Poste de transformation;EN EXPLOITATION;90kV;Indre
BVIL6;BELLEVILLE (HAUTELUCE);Poste de transformation;EN EXPLOITATION;45kV;Savoie
BXBOU;BEAUBOURG;Poste de transformation;EN EXPLOITATION;225kV;Paris
BXCHA;BEAUCHASTEL;Poste de transformation;EN EXPLOITATION;225kV;Ardèche
BXCOU;BEAUCOUZE;Poste de transformation;EN EXPLOITATION;225kV;Maine-et-Loire
BXLIE;BEAULIEU;Poste de transformation;EN EXPLOITATION;225kV;Charente-Maritime
BXNE;BEAUNE;Poste de transformation;EN EXPLOITATION;63kV;Côte-d'Or
BXNE5;BEAUNE (SNCF);Poste de transformation;EN EXPLOITATION;63kV;Côte-d'Or
BXZEE;BEAUZEE;Poste de transformation;EN EXPLOITATION;63kV;Meuse
BZBAK;BOURBAKI;Poste de transformation;EN EXPLOITATION;90kV;Seine-Maritime
BZELI;BOURELIE (LA);Poste de transformation;EN EXPLOITATION;63kV;Tarn
C.LEO;CROIX-LEONARD;Poste de transformation;EN EXPLOITATION;63kV;Saône-et-Loire
C.LEU;CROIX-ST-LEUFROY (LA);Poste de transformation;EN EXPLOITATION;90kV;Eure
C.LO6;CHARITE-SUR-LOIRE (LA);Poste de transformation;EN EXPLOITATION;63kV;Cher
C.MET;CROIX-DE-METZ;Poste de transformation;EN EXPLOITATION;225kV;Meurthe-et-Moselle
C.NOI;CONDE-SUR-NOIREAU;Poste de transformation;EN EXPLOITATION;90kV;Calvados
C.REN;CHATEAU-RENAULT;Poste de transformation;EN EXPLOITATION;90kV;Indre-et-Loire
C.RO6;CAS-ROUGE;Poste de transformation;EN EXPLOITATION;90kV;Loiret
C.ROU;CROIX-ROUSSE;Poste de transformation;EN EXPLOITATION;225kV;Rhône
C.SAU;CHEVIGNY-ST-SAUVEUR;Poste de transformation;EN EXPLOITATION;63kV;Côte-d'Or
C.SEI;CHATILLON-SUR-SEINE;Poste de transformation;EN EXPLOITATION;225kV;Côte-d'Or
C.THI;CHATEAU-THIERRY;Poste de transformation;EN EXPLOITATION;63kV;Aisne
CAHOR;CAHORS;Poste de transformation;EN EXPLOITATION;63kV;Lot
CALCE;CALCE;Poste de transformation;EN EXPLOITATION;63kV;Pyrénées-Orientales
CALYP;CALYPSO;Poste de transformation;EN EXPLOITATION;45kV;Savoie
CARAV;CARAVELLE;Poste de transformation;EN EXPLOITATION;63kV;Loire-Atlantique
CARB5;CARBONNE (CLIENT);Poste de transformation;EN EXPLOITATION;63kV;Haute-Garonne
CARIS;CARISEY;Poste de transformation;EN EXPLOITATION;225kV;Yonne
CARNO;CARNOULES;Poste de transformation;EN EXPLOITATION;63kV;Var
CARQ5;CARQUEFOU;Poste de transformation;EN EXPLOITATION;63kV;Loire-Atlantique
CASSA;CASSAGNE (LA);Poste de transformation;EN EXPLOITATION;63kV;Pyrénées-Orientales
CASTA;CASTAGNARY;Poste de transformation;EN EXPLOITATION;225kV;Hauts-de-Seine
CATEA;CATEAU (LE);Poste de transformation;EN EXPLOITATION;63kV;Nord
CEMPA;CEMPA;Poste de transformation;EN EXPLOITATION;63kV;Bas-Rhin
CERET;CERET;Poste de transformation;EN EXPLOITATION;63kV;Pyrénées-Orientales
CHAB6;CHABOT;Poste de transformation;EN EXPLOITATION;90kV;Vendée
CHAM6;CHAMOUX;Poste de transformation;EN EXPLOITATION;63kV;Savoie
CHAPE;CHAPELLE (LA) (CHAPELLE D ARBLAY);Poste de transformation;EN EXPLOITATION;225kV;Seine-Maritime
CHARD;CHARDES;Poste de transformation;EN EXPLOITATION;90kV;Vienne
CHARO;CHAROLLES;Poste de transformation;EN EXPLOITATION;63kV;Saône-et-Loire
CHART;CHARTREUX;Poste de transformation;EN EXPLOITATION;90kV;Essonne
CHAT8;CHATAIGNIERS (LES);Poste de transformation;EN EXPLOITATION;150kV;Alpes-Maritimes
CHATR;CHATRE (LA);Poste de transformation;EN EXPLOITATION;90kV;Haute-Vienne
CHAVE;CHAVENAT;Poste de transformation;EN EXPLOITATION;90kV;Charente
CHECY;CHECY;Poste de transformation;EN EXPLOITATION;90kV;Loiret
CHERB;CHERBOURG;Poste de transformation;EN EXPLOITATION;90kV;Manche
CHIN5;CHINON;Poste de transformation;EN EXPLOITATION;90kV;Indre-et-Loire
CHOLO;CHOLOY;Poste de transformation;EN EXPLOITATION;63kV;Meurthe-et-Moselle
CIROL;CIROLLIERS;Poste de transformation;EN EXPLOITATION;400kV;Essonne
CLAV5;CLAVAUX (LES) (PORTIQUE);Poste de transformation;EN EXPLOITATION;63kV;Isère
CLAVA;CLAVAUX (LES);Poste de transformation;EN EXPLOITATION;63kV;Isère
CLAYE;CLAYETTE (LA);Poste de transformation;EN EXPLOITATION;63kV;Saône-et-Loire
CLEON;CLEON;Poste de transformation;EN EXPLOITATION;225kV;Seine-Maritime
CLOCH;CLOCHETTE (LA);Poste de transformation;EN EXPLOITATION;225kV;Nord
COLLO;COLLONGES;Poste de transformation;EN EXPLOITATION;63kV;Côte-d'Or
COLON;COLONIE;Poste de transformation;EN EXPLOITATION;225kV;Val-de-Marne
COMB5;COMBEAUX;Poste de transformation;EN EXPLOITATION;63kV;Ardèche
COMB6;COMBE (LA);Poste de transformation;EN EXPLOITATION;63kV;Tarn
COMBE;COMBETTE;Poste de transformation;EN EXPLOITATION;63kV;Ardèche
COMME;COMMENTRY;Poste de transformation;EN EXPLOITATION;63kV;Allier
COMPS;COMPS;Poste de transformation;EN EXPLOITATION;225kV;Puy-de-Dôme
ERSTE;ERSTEIN;Poste de transformation;EN EXPLOITATION;63kV;Bas-Rhin
ESCAI;ESCAILLON (L );Poste de transformation;EN EXPLOITATION;225kV;Var
ESCO2;ESCOULOUBRE II;Poste de transformation;EN EXPLOITATION;63kV;Ariège
ESPAG;ESPAGNOUX;Poste de transformation;EN EXPLOITATION;63kV;Haute-Savoie
ESPON;ESPONDEILHAN (CLIENT);Poste de transformation;EN EXPLOITATION;63kV;Hérault
ESSER;ESSERT;Poste de transformation;EN EXPLOITATION;63kV;Haute-Saône
ESTRE;ESTRESSIN;Poste de transformation;EN EXPLOITATION;63kV;Rhône
ETAN5;ETANG (L);Poste de transformation;EN EXPLOITATION;63kV;Seine-et-Marne
EVIAN;EVIAN;Poste de transformation;EN EXPLOITATION;63kV;Haute-Savoie
EVREU;EVREUX;Poste de transformation;EN EXPLOITATION;90kV;Eure
FAVER;FAVERGES;Poste de transformation;EN EXPLOITATION;63kV;Haute-Savoie
FAYET;FAYET (LE);Poste de transformation;EN EXPLOITATION;63kV;Haute-Savoie
FENOU;FENOUILLERE;Poste de transformation;EN EXPLOITATION;63kV;Bouches-du-Rhône
FERR5;FERRIERE;Poste de transformation;EN EXPLOITATION;90kV;Orne
FEUIL;FEUILLANE;Poste de transformation;EN EXPLOITATION;225kV;Bouches-du-Rhône
FEYZI;FEYZIN (CLIENT);Poste de transformation;EN EXPLOITATION;63kV;Rhône
FINS;FINS (LES);Poste de transformation;EN EXPLOITATION;63kV;Doubs
FLEU5;FLEURANCE;Poste de transformation;EN EXPLOITATION;63kV;Gers
FOS;FOS;Poste de transformation;EN EXPLOITATION;63kV;Haute-Garonne
G.COE;GRAND-COEUR;Poste de transformation;EN EXPLOITATION;225kV;Savoie
G.COL;GRAND-COLOMBIER;Poste de transformation;EN EXPLOITATION;225kV;
G.DEN;GAULT-SAINT-DENIS;Poste de transformation;EN EXPLOITATION;225kV;Eure-et-Loir
LIVIE;LIVIERE;Poste de transformation;EN EXPLOITATION;225kV;Aude
LOCQU;LOCQUELTAS;Poste de transformation;EN EXPLOITATION;63kV;Morbihan
LOGEL;LOGELBACH;Poste de transformation;EN EXPLOITATION;400kV;Haut-Rhin
LOGES;LOGES (LES);Poste de transformation;EN EXPLOITATION;225kV;Essonne
LOUE;LOUE;Poste de transformation;EN EXPLOITATION;90kV;Sarthe
LOUHA;LOUHANS;Poste de transformation;EN EXPLOITATION;63kV;Saône-et-Loire
LOUP;LOUP (LE);Poste de transformation;EN EXPLOITATION;63kV;Alpes-Maritimes
LOUV5;LOUVET;Poste de transformation;EN EXPLOITATION;90kV;Eure
LUCON;LUCON;Poste de transformation;EN EXPLOITATION;90kV;Vendée
LUMIE;LUMIERE;Poste de transformation;EN EXPLOITATION;63kV;Saône-et-Loire
LURE;LURE;Poste de transformation;EN EXPLOITATION;63kV;Haute-Saône
LUSIG;LUSIGNAN;Poste de transformation;EN EXPLOITATION;90kV;Vienne
LUTZE;LUTZELHOUSE;Poste de transformation;EN EXPLOITATION;63kV;Bas-Rhin
LUXEY;LUXEY;Poste de transformation;EN EXPLOITATION;63kV;Landes
LUZEC;LUZECH;Poste de transformation;EN EXPLOITATION;63kV;Lot
LUZI2;LUZIERES II;Poste de transformation;EN EXPLOITATION;63kV;Tarn
M.ACH;MOTHE ACHARD;Poste de transformation;EN EXPLOITATION;90kV;Vendée
M.ALL;MONISTROL-D ALLIER;Poste de transformation;EN EXPLOITATION;63kV;Haute-Loire
M.BLA;MAISON-BLANCHE;Poste de transformation;EN EXPLOITATION;63kV;Hautes-Pyrénées
M.FAM;MAING-FAMARS;Poste de transformation;EN EXPLOITATION;63kV;Nord
M.SER;MOTTE SERVOLEX (LA);Poste de transformation;EN EXPLOITATION;63kV;Savoie
M.TER;MONT-DE-TERRE;Poste de transformation;EN EXPLOITATION;90kV;Nord
MAGEN;MAGENTA;Poste de transformation;EN EXPLOITATION;225kV;Paris
MAGN5;MAGNAZEIX;Poste de transformation;EN EXPLOITATION;90kV;Haute-Vienne
MAGNA;MAGNANVILLE;Poste de transformation;EN EXPLOITATION;90kV;Yvelines
MAIGN;MAIGNELAY;Poste de transformation;EN EXPLOITATION;63kV;Oise
MALAG;MALAGUAY;Poste de transformation;EN EXPLOITATION;90kV;Eure-et-Loir
MALHE;MALHERBE;Poste de transformation;EN EXPLOITATION;63kV;Isère
MARA5;MARAIS (ASCOMETAL AU MARAIS);Poste de transformation;EN EXPLOITATION;63kV;Loire
MARCE;MARCELINE;Poste de transformation;EN EXPLOITATION;63kV;Isère
MARCI;MARCIGNY;Poste de transformation;EN EXPLOITATION;63kV;Saône-et-Loire
MARCL;MARCLAZ;Poste de transformation;EN EXPLOITATION;63kV;
MARIV;MARIVAUX;Poste de transformation;EN EXPLOITATION;63kV;Oise
MARSI;MARSILLON;Poste de transformation;EN EXPLOITATION;400kV;Pyrénées-Atlantiques
MARZE;MARZENS;Poste de transformation;EN EXPLOITATION;63kV;Tarn
MASEV;MASEVAUX;Poste de transformation;EN EXPLOITATION;63kV;Haut-Rhin
MASSA;MASSANE;Poste de transformation;EN EXPLOITATION;63kV;Pyrénées-Orientales
MASSY;MASSY;Poste de transformation;EN EXPLOITATION;225kV;Essonne
MAXE;MAXE (LA);Poste de transformation;EN EXPLOITATION;225kV;Moselle
MAZIE;MAZIERES;Poste de transformation;EN EXPLOITATION;90kV;Cher
MEDE;MEDE (LA);Poste de transformation;EN EXPLOITATION;63kV;Bouches-du-Rhône
MEDIT;MEDITERRANEE;Poste de transformation;EN EXPLOITATION;63kV;Haute-Garonne
MELUN;MELUN;Poste de transformation;EN EXPLOITATION;63kV;Seine-et-Marne
MENUS;MENUS;Poste de transformation;EN EXPLOITATION;225kV;Hauts-de-Seine
MERAN;MERANTAIS;Poste de transformation;EN EXPLOITATION;63kV;Yvelines
MERIG;MERIGNAC;Poste de transformation;EN EXPLOITATION;63kV;Gironde
MERIQ;MERIQUETTE;Poste de transformation;EN EXPLOITATION;63kV;Bouches-du-Rhône
MERLA;MERLATIERE;Poste de transformation;EN EXPLOITATION;225kV;Vendée
MESNA;MESNAY;Poste de transformation;EN EXPLOITATION;63kV;Jura
METHA;METHANIER (TERMINAL DE FOS-SUR-MER);Poste de transformation;EN EXPLOITATION;63kV;Bouches-du-Rhône
MEUNI;MEUNIERES (LES);Poste de transformation;EN EXPLOITATION;225kV;Ain
MEXIM;MEXIMIEUX;Poste de transformation;EN EXPLOITATION;63kV;Ain
MEZEA;MEZEAUX;Poste de transformation;EN EXPLOITATION;90kV;Vienne
MIDOU;MIDOUR;Poste de transformation;EN EXPLOITATION;63kV;Gers
MIGEN;MIGENNES;Poste de transformation;EN EXPLOITATION;63kV;Yonne
MILL5;MILLERY (69);Poste de transformation;EN EXPLOITATION;63kV;Rhône
MIMI5;MIMIZAN (CLIENT);Poste de transformation;EN EXPLOITATION;63kV;
MIMIZ;MIMIZAN;Poste de transformation;EN EXPLOITATION;63kV;Landes
MIRAN;MIRANDE;Poste de transformation;EN EXPLOITATION;63kV;Gers
MIREB;MIREBEAU;Poste de transformation;EN EXPLOITATION;90kV;Vienne
MIRIB;MIRIBEL;Poste de transformation;EN EXPLOITATION;63kV;Rhône
MIST5;MISTROU;Poste de transformation;EN EXPLOITATION;63kV;Aveyron
MISTR;MISTRAL;Poste de transformation;EN EXPLOITATION;63kV;Isère
MOHON;MOHON;Poste de transformation;EN EXPLOITATION;225kV;Ardennes
MOIMO;MOIMONT;Poste de transformation;EN EXPLOITATION;225kV;Val-d'Oise
MOLE5;MOLE;Poste de transformation;EN EXPLOITATION;63kV;Bouches-du-Rhône
MOLIE;MOLIERE;Poste de transformation;EN EXPLOITATION;400kV;Mayenne
MONCO;MONCOUTANT;Poste de transformation;EN EXPLOITATION;90kV;Deux-Sèvres
MONLO;MONLOO;Poste de transformation;EN EXPLOITATION;150kV;Hautes-Pyrénées
MONT5;MONT (ARKEMA);Poste de transformation;EN EXPLOITATION;63kV;Pyrénées-Atlantiques
MOREZ;MOREZ;Poste de transformation;EN EXPLOITATION;63kV;Jura
MORT5;MORTEAU (LE);Poste de transformation;EN EXPLOITATION;63kV;Aisne
MORTE;MORTEMER;Poste de transformation;EN EXPLOITATION;90kV;Seine-Maritime
MORVE;MORVENT;Poste de transformation;EN EXPLOITATION;90kV;Yvelines
MOTTE;MOTTELETTE (LA);Poste de transformation;EN EXPLOITATION;90kV;Pas-de-Calais
MOTZ;MOTZ;Poste de transformation;EN EXPLOITATION;63kV;Ain
MOULA;MOULAINE;Poste de transformation;EN EXPLOITATION;400kV;Meurthe-et-Moselle
MOUZO;MOUZON (SOLLAC);Poste de transformation;EN EXPLOITATION;63kV;Ardennes
MRGUE;MARTIGUES;Poste de transformation;EN EXPLOITATION;63kV;Bouches-du-Rhône
MTBOU;MONTBOUCONS;Poste de transformation;EN EXPLOITATION;63kV;Doubs
MTFOR;MONTFORT (-L AMAURY);Poste de transformation;EN EXPLOITATION;63kV;Yvelines
MTIGN;MONTIGNAC;Poste de transformation;EN EXPLOITATION;90kV;Dordogne
MTLU5;MONTLUC;Poste de transformation;EN EXPLOITATION;63kV;Loire-Atlantique
MTOIS;MONTOIS;Poste de transformation;EN EXPLOITATION;225kV;Meurthe-et-Moselle
MTVER;MONTVERDUN;Poste de transformation;EN EXPLOITATION;63kV;Loire
MTVIC;MONTVICQ;Poste de transformation;EN EXPLOITATION;225kV;Allier
N.MAR;NEUILLY-SUR-MARNE (POSTE D);Poste de transformation;EN EXPLOITATION;225kV;Seine-Saint-Denis
NADIE;NADIERE (LA);Poste de transformation;EN EXPLOITATION;63kV;Aude
NAOUT;NAOUTOT;Poste de transformation;EN EXPLOITATION;225kV;Landes
NARBO;NARBONNE;Poste de transformation;EN EXPLOITATION;63kV;Aude
NAVIL;NAVILLY;Poste de transformation;EN EXPLOITATION;63kV;Saône-et-Loire
NENTI;NENTILLA;Poste de transformation;EN EXPLOITATION;150kV;Aude
NESLE;NESLE;Poste de transformation;EN EXPLOITATION;63kV;Somme
NEUF5;NEUFCHATEL;Poste de transformation;EN EXPLOITATION;90kV;Seine-Maritime
NOURO;NOUROTTES;Poste de transformation;EN EXPLOITATION;225kV;Yvelines
NOUZO;NOUZONVILLE;Poste de transformation;EN EXPLOITATION;63kV;Ardennes
NOYAL;NOYALES;Poste de transformation;EN EXPLOITATION;63kV;Aisne
NOYON;NOYON;Poste de transformation;EN EXPLOITATION;63kV;Oise
O.CHA;ONET-LE-CHATEAU;Poste de transformation;EN EXPLOITATION;225kV;Aveyron
ODET;ODET;Poste de transformation;EN EXPLOITATION;63kV;Finistère
ODON;ODON;Poste de transformation;EN EXPLOITATION;90kV;Calvados
OLLAI;OLLAINVILLE;Poste de transformation;EN EXPLOITATION;90kV;Essonne
ONDES;ONDES;Poste de transformation;EN EXPLOITATION;63kV;Tarn-et-Garonne
ORELL;ORELLE;Poste de transformation;EN EXPLOITATION;225kV;Savoie
ORSON;ORSONVILLE;Poste de transformation;EN EXPLOITATION;225kV;Seine-et-Marne
OSNES;OSNES;Poste de transformation;EN EXPLOITATION;63kV;Ardennes
P.BEN;PIERRE-BENITE;Poste de transformation;EN EXPLOITATION;63kV;Rhône
P.COR;PIVOZ-CORDIER;Poste de transformation;EN EXPLOITATION;400kV;Loire
P.FOS;PONT DU FOSSE;Poste de transformation;EN EXPLOITATION;63kV;Hautes-Alpes
P.HER;PRE-DES-HERBES;Poste de transformation;EN EXPLOITATION;63kV;Isère
P.JE5;PORT-JEROME (CLIENT);Poste de transformation;EN EXPLOITATION;90kV;Seine-Maritime
P.JER;PORT-JEROME;Poste de transformation;EN EXPLOITATION;225kV;Seine-Maritime
P.LAV;PRE LAVAL;Poste de transformation;EN EXPLOITATION;63kV;Isère
P.MED;PIAN-MEDOC (LE);Poste de transformation;EN EXPLOITATION;63kV;Gironde
P.MON;PARAY-LE-MONIAL;Poste de transformation;EN EXPLOITATION;63kV;Saône-et-Loire
P.NOU;PORT-LA-NOUVELLE;Poste de transformation;EN EXPLOITATION;63kV;Aude
P.RH5;PEC-RHIN;Poste de transformation;EN EXPLOITATION;63kV;Haut-Rhin
P.RO6;PEAGE-DE-ROUSSILLON-SUD;Poste de transformation;EN EXPLOITATION;63kV;Ardèche
P.ROL;PONT-ROLLAND;Poste de transformation;EN EXPLOITATION;63kV;
P.ROU;POTEAU-ROUGE;Poste de transformation;EN EXPLOITATION;225kV;Morbihan
P.ROY;PONT-EN-ROYANS;Poste de transformation;EN EXPLOITATION;63kV;Isère
P.SI1;PUITS-SIMON I;Poste de transformation;EN EXPLOITATION;63kV;Moselle
P.TRI;PONT TRINQUAT;Poste de transformation;EN EXPLOITATION;225kV;Hérault
P.VAR;PLAN-DU-VAR;Poste de transformation;EN EXPLOITATION;63kV;Alpes-Maritimes
P.VIZ;PEAGE-DE-VIZILLE;Poste de transformation;EN EXPLOITATION;63kV;Isère
PACY;PACY;Poste de transformation;EN EXPLOITATION;63kV;Yonne
PALAI;PALAIS (LE);Poste de transformation;EN EXPLOITATION;90kV;Haute-Vienne
PALAM;PALAMINY;Poste de transformation;EN EXPLOITATION;63kV;Haute-Garonne
PALEN;PALENTE;Poste de transformation;EN EXPLOITATION;225kV;Doubs
PAMI5;PAMIERS (S.N.C.F.);Poste de transformation;EN EXPLOITATION;63kV;Ariège
PASTO;PASTOUREL;Poste de transformation;EN EXPLOITATION;63kV;Hérault
PATIS;PATIS;Poste de transformation;EN EXPLOITATION;225kV;Oise
PATOU;PATOU;Poste de transformation;EN EXPLOITATION;225kV;Seine-et-Marne
PELTR;PELTRE;Poste de transformation;EN EXPLOITATION;225kV;Moselle
PENCR;PENCRAN;Poste de transformation;EN EXPLOITATION;63kV;Finistère
PENL5;PENLY (POSTE EVACUATION);Poste de transformation;EN EXPLOITATION;400kV;
PENNE;PENNE (LA);Poste de transformation;EN EXPLOITATION;63kV;Bouches-du-Rhône
PERIZ;PERIZET (LE);Poste de transformation;EN EXPLOITATION;225kV;Nord
PERNE;PERNES;Poste de transformation;EN EXPLOITATION;90kV;Pas-de-Calais
PEUGE;PEUGEOT;Poste de transformation;EN EXPLOITATION;63kV;Haut-Rhin
PHELI;PHELIBON;Poste de transformation;EN EXPLOITATION;90kV;Eure-et-Loir
PICHO;PICHON;Poste de transformation;EN EXPLOITATION;63kV;Gironde
PLAGN;PLAGNE (LA);Poste de transformation;EN EXPLOITATION;63kV;Savoie
PLAN6;PLANCOET;Poste de transformation;EN EXPLOITATION;63kV;Côtes-d'Armor
PLANT;PLANTADES;Poste de transformation;EN EXPLOITATION;63kV;Ardèche
PLAUD;PLAUD;Poste de transformation;EN EXPLOITATION;400kV;Charente
PLELA;PLELAN;Poste de transformation;EN EXPLOITATION;90kV;Ille-et-Vilaine
PLESS;PLESSES (LES);Poste de transformation;EN EXPLOITATION;90kV;Vendée
PLISO;PLISON;Poste de transformation;EN EXPLOITATION;225kV;Seine-et-Marne
PLOE5;PLOEREN;Poste de transformation;EN EXPLOITATION;63kV;Morbihan
PLOMB;PLOMBIERES;Poste de transformation;EN EXPLOITATION;150kV;Haute-Saône
PLOUI;PLOUICH;Poste de transformation;EN EXPLOITATION;63kV;Nord
PLUSQ;PLUSQUELLEC;Poste de transformation;EN EXPLOITATION;63kV;Côtes-d'Armor
POIRI;POIRIER;Poste de transformation;EN EXPLOITATION;90kV;Eure-et-Loir
POISA;POISARD;Poste de transformation;EN EXPLOITATION;90kV;Loir-et-Cher
POISE;POISEUL;Poste de transformation;EN EXPLOITATION;63kV;Côte-d'Or
POITI;POITIERS;Poste de transformation;EN EXPLOITATION;90kV;Vienne
POLLI;POLLIAT;Poste de transformation;EN EXPLOITATION;63kV;Ain
POLY5;POLYGONE (CLIENT);Poste de transformation;EN EXPLOITATION;63kV;Ardèche
POM.C;POMBLIERE (POSTE CENTRALE);Poste de transformation;EN EXPLOITATION;63kV;Savoie
PONS;PONS;Poste de transformation;EN EXPLOITATION;90kV;Charente-Maritime
PONTE;PONTEAU;Poste de transformation;EN EXPLOITATION;400kV;
PORNI;PORNIC;Poste de transformation;EN EXPLOITATION;63kV;Loire-Atlantique
POUAN;POUANCE;Poste de transformation;EN EXPLOITATION;90kV;Maine-et-Loire
POULD;POULDREUZIC;Poste de transformation;EN EXPLOITATION;63kV;Finistère
PREGU;PREGUILLAC;Poste de transformation;EN EXPLOITATION;400kV;Charente-Maritime
PRIEU;PRIEURE (LE);Poste de transformation;EN EXPLOITATION;63kV;Marne
PRRF5;PIERREFITTE (PEM);Poste de transformation;EN EXPLOITATION;63kV;Hautes-Pyrénées
PTAC;PONTAC;Poste de transformation;EN EXPLOITATION;63kV;Gironde
PTCHA;PONTCHATEAU;Poste de transformation;EN EXPLOITATION;225kV;Loire-Atlantique
PTIVY;PONTIVY;Poste de transformation;EN EXPLOITATION;63kV;Morbihan
PTMAI;PONTMAIN;Poste de transformation;EN EXPLOITATION;90kV;Ille-et-Vilaine
PUBLI;PUBLIER;Poste de transformation;EN EXPLOITATION;63kV;
PUGET;PUGET;Poste de transformation;EN EXPLOITATION;63kV;Var
PUISE;PUISEUX;Poste de transformation;EN EXPLOITATION;225kV;Val-d'Oise
PUY;PUY (LE);Poste de transformation;EN EXPLOITATION;63kV;Haute-Loire
PUYBE;PUYBELLIARD;Poste de transformation;EN EXPLOITATION;90kV;Vendée
PUYO5;PUYOO (S.N.C.F.);Poste de transformation;EN EXPLOITATION;63kV;Pyrénées-Atlantiques
PUYPE;PUYPERTUS;Poste de transformation;EN EXPLOITATION;90kV;Corrèze
PYMON;PYMONT;Poste de transformation;EN EXPLOITATION;225kV;Jura
PYRAM;PYRAMIDES;Poste de transformation;EN EXPLOITATION;225kV;Paris
PYRIM;PYRIMONT;Poste de transformation;EN EXPLOITATION;63kV;Ain
QUEIG;QUEIGE;Poste de transformation;EN EXPLOITATION;63kV;Savoie
QUES5;QUESNOY (LE);Poste de transformation;EN EXPLOITATION;90kV;Nord
QUIMP;QUIMPER;Poste de transformation;EN EXPLOITATION;63kV;Finistère
QUINS;QUINSON;Poste de transformation;EN EXPLOITATION;225kV;Alpes-de-Haute-Provence
R.CH5;RECHICOURT-LE-CHATEAU;Poste de transformation;EN EXPLOITATION;63kV;Moselle
R.LES;ROUEN-LESSARD;Poste de transformation;EN EXPLOITATION;90kV;Seine-Maritime
R.NEN;ROCHEFORT-SUR-NENON;Poste de transformation;EN EXPLOITATION;63kV;Jura
R.ORA;RIS-ORANGIS;Poste de transformation;EN EXPLOITATION;63kV;Essonne
RABIN;RABINE (LA);Poste de transformation;EN EXPLOITATION;63kV;Morbihan
RAMB5;RAMBOZ;Poste de transformation;EN EXPLOITATION;63kV;Rhône
RANCE;RANCE;Poste de transformation;EN EXPLOITATION;225kV;Ille-et-Vilaine
RANGU;RANGUEVAUX;Poste de transformation;EN EXPLOITATION;63kV;Moselle
REBO5;REBOURSIN;Poste de transformation;EN EXPLOITATION;90kV;Indre
REBOU;REBOUL;Poste de transformation;EN EXPLOITATION;63kV;Ardèche
RECOU;RECOUVRANCE;Poste de transformation;EN EXPLOITATION;225kV;Loire-Atlantique
REICH;REICHSTETT;Poste de transformation;EN EXPLOITATION;225kV;Bas-Rhin
REINA;REINANGE;Poste de transformation;EN EXPLOITATION;63kV;Moselle
REINI;REINIERE;Poste de transformation;EN EXPLOITATION;90kV;Orne
RELA5;RELAIS;Poste de transformation;EN EXPLOITATION;225kV;Bouches-du-Rhône
REMIR;REMIREMONT;Poste de transformation;EN EXPLOITATION;63kV;Vosges
RENAI;RENAIRES;Poste de transformation;EN EXPLOITATION;225kV;
RENNE;RENNES;Poste de transformation;EN EXPLOITATION;225kV;Ille-et-Vilaine
RETHE;RETHEL;Poste de transformation;EN EXPLOITATION;63kV;Ardennes
REVE5;REVEL (PIPE-LINE SUD-EUROPEEN NO 3A);Poste de transformation;EN EXPLOITATION;63kV;Isère
REVES;REVEST;Poste de transformation;EN EXPLOITATION;225kV;Hauts-de-Seine
REVIN;REVIN;Poste de transformation;EN EXPLOITATION;63kV;Ardennes
RIAIL;RIAILLE;Poste de transformation;EN EXPLOITATION;90kV;Loire-Atlantique
RIBAU;RIBAUX;Poste de transformation;EN EXPLOITATION;63kV;Côte-d'Or
RICHE;RICHEMONT;Poste de transformation;EN EXPLOITATION;225kV;Moselle
RISLE;RISLE;Poste de transformation;EN EXPLOITATION;90kV;Eure
RIVI6;RIVIERES;Poste de transformation;EN EXPLOITATION;63kV;Tarn
RIVIE;RIVIERE (LA);Poste de transformation;EN EXPLOITATION;225kV;Loire
ROCH5;ROCHETAILLEE;Poste de transformation;EN EXPLOITATION;63kV;Rhône
ROCH6;ROCHETTE (LA);Poste de transformation;EN EXPLOITATION;63kV;Savoie
ROCH8;ROCHEFORT;Poste de transformation;EN EXPLOITATION;90kV;Charente-Maritime
ROHRW;ROHRWILLER;Poste de transformation;EN EXPLOITATION;63kV;Bas-Rhin
ROISE;ROISEL;Poste de transformation;EN EXPLOITATION;63kV;Somme
ROMB5;ROMBAS (CIMENTS FRANCAIS);Poste de transformation;EN EXPLOITATION;63kV;Moselle
RONCH;RONCHAMP;Poste de transformation;EN EXPLOITATION;63kV;Haute-Saône
ROQUE;ROQUES (LES);Poste de transformation;EN EXPLOITATION;63kV;Bouches-du-Rhône
ROSER;ROSERAIE (LA);Poste de transformation;EN EXPLOITATION;90kV;Maine-et-Loire
ROSPE;ROSPEZ;Poste de transformation;EN EXPLOITATION;225kV;Côtes-d'Armor
ROUGE;ROUGEMONTIER;Poste de transformation;EN EXPLOITATION;400kV;Eure
ROUS5;ROUSSET;Poste de transformation;EN EXPLOITATION;63kV;Bouches-du-Rhône
ROYE;ROYE;Poste de transformation;EN EXPLOITATION;225kV;Somme
RUBLO;RUBLOTS (LES);Poste de transformation;EN EXPLOITATION;63kV;Yonne
RUELL;RUELLE;Poste de transformation;EN EXPLOITATION;<45kV;Charente
RUMEN;RUMENGOL;Poste de transformation;EN EXPLOITATION;63kV;Finistère
RUNGI;RUNGIS;Poste de transformation;EN EXPLOITATION;225kV;Hauts-de-Seine
S.BLA;SALON-CROIX-BLANCHE;Poste de transformation;EN EXPLOITATION;63kV;Bouches-du-Rhône
S.BOE;SCEAUX-BOESSE;Poste de transformation;EN EXPLOITATION;90kV;Sarthe
S.BRE;SAULT-BRENAZ;Poste de transformation;EN EXPLOITATION;63kV;Isère
S.BRI;SUCY-EN-BRIE;Poste de transformation;EN EXPLOITATION;<45kV;Val-de-Marne
S.DAM;SOISSONS-NOTRE-DAME;Poste de transformation;EN EXPLOITATION;225kV;Aisne
S.DEN;SEPT-DENIERS;Poste de transformation;EN EXPLOITATION;63kV;Haute-Garonne
S.SAU;SEPT-SAULX;Poste de transformation;EN EXPLOITATION;63kV;Marne
SABLO;SABLONS (CLIENT);Poste de transformation;EN EXPLOITATION;225kV;Ardèche
SAISS;SAISSE (LA);Poste de transformation;EN EXPLOITATION;63kV;Jura
SAIZE;SAIZERAIS;Poste de transformation;EN EXPLOITATION;63kV;Meurthe-et-Moselle
SALIN;SALINDRES;Poste de transformation;EN EXPLOITATION;63kV;Gard
SALSI;SALSIGNE;Poste de transformation;EN EXPLOITATION;225kV;Aude
SANDR;SANDRICOURT;Poste de transformation;EN EXPLOITATION;63kV;Oise
SANIL;SANILHAC;Poste de transformation;EN EXPLOITATION;225kV;Dordogne
SARDO;SARDON;Poste de transformation;EN EXPLOITATION;63kV;Loire
SARR6;SARREGUEMINES;Poste de transformation;EN EXPLOITATION;225kV;Moselle
SAUCA;SAUCATS;Poste de transformation;EN EXPLOITATION;400kV;Gironde
SAUS6;SAUSSAYE;Poste de transformation;EN EXPLOITATION;90kV;Loiret
SAUV7;SAUVE;Poste de transformation;EN EXPLOITATION;63kV;Gard
SAUVA;SAUVAGEON;Poste de transformation;EN EXPLOITATION;63kV;Loiret
SCAER;SCAER;Poste de transformation;EN EXPLOITATION;63kV;Finistère
SCHIR;SCHIRMECK;Poste de transformation;EN EXPLOITATION;63kV;Bas-Rhin
SEES;SEES;Poste de transformation;EN EXPLOITATION;90kV;Orne
SEIGN;SEIGNY;Poste de transformation;EN EXPLOITATION;63kV;Côte-d'Or
SELO5;SELONNET (LE);Poste de transformation;EN EXPLOITATION;63kV;Alpes-de-Haute-Provence
SENAR;SENART;Poste de transformation;EN EXPLOITATION;225kV;Essonne
SENON;SENONCHES;Poste de transformation;EN EXPLOITATION;90kV;Eure-et-Loir
SENS;SENS;Poste de transformation;EN EXPLOITATION;63kV;Yonne
SEQUE;SEQUEDIN;Poste de transformation;EN EXPLOITATION;225kV;Nord
SEREI;SEREIN;Poste de transformation;EN EXPLOITATION;400kV;Yonne
SERV5;SERVES;Poste de transformation;EN EXPLOITATION;63kV;Ardèche
SETE;SETE;Poste de transformation;EN EXPLOITATION;63kV;Hérault
SETE5;SETE (CLIENT);Poste de transformation;EN EXPLOITATION;63kV;Hérault
SEUIL;SEUIL;Poste de transformation;EN EXPLOITATION;400kV;Ardennes
SEYNE;SEYNE (LA);Poste de transformation;EN EXPLOITATION;63kV;Var
SEYSS;SEYSSEL;Poste de transformation;EN EXPLOITATION;63kV;Ain
SIERE;SIERENTZ;Poste de transformation;EN EXPLOITATION;400kV;Haut-Rhin
SINAR;SINARD;Poste de transformation;EN EXPLOITATION;225kV;Isère
SIRMI;SIRMIERE;Poste de transformation;EN EXPLOITATION;225kV;Vendée
SOLEI;SOLEIL (LE);Poste de transformation;EN EXPLOITATION;225kV;Loire
SOUL6;SOULAC;Poste de transformation;EN EXPLOITATION;63kV;
SOURD;SOURDRIE (LA);Poste de transformation;EN EXPLOITATION;90kV;Maine-et-Loire
SOUTE;SOUTERRAINE (LA);Poste de transformation;EN EXPLOITATION;90kV;Creuse
SSAL6;ST-PIERRE-D ALBIGNY (S.N.C.F.);Poste de transformation;EN EXPLOITATION;63kV;Savoie
SSAM7;ST-AMOUR (S.N.C.F.);Poste de transformation;EN EXPLOITATION;63kV;Ain
SSANG;ST-JEAN-D ANGELY;Poste de transformation;EN EXPLOITATION;90kV;Charente-Maritime
SSANJ;ST-SYLVAIN-D'ANJOU;Poste de transformation;EN EXPLOITATION;90kV;Maine-et-Loire
SSARD;ST-JEAN D ARDIERES;Poste de transformation;EN EXPLOITATION;63kV;Rhône
SSAST;ST-ASTIER;Poste de transformation;EN EXPLOITATION;63kV;Dordogne
SSAV7;ST-AVE;Poste de transformation;EN EXPLOITATION;63kV;Morbihan
SSBE5;ST-BERNARD;Poste de transformation;EN EXPLOITATION;63kV;Rhône
SSBON;ST-BONNET (-LE-CHATEAU);Poste de transformation;EN EXPLOITATION;63kV;Loire
SSCAL;ST-CALAIS;Poste de transformation;EN EXPLOITATION;225kV;Sarthe
SSCON;ST-CONTEST;Poste de transformation;EN EXPLOITATION;90kV;Calvados
SSCRA;ST-MARTIN-DE-CRAU;Poste de transformation;EN EXPLOITATION;63kV;Bouches-du-Rhône
SSCRO;STE-CROIX-DU-VERDON;Poste de transformation;EN EXPLOITATION;225kV;Alpes-de-Haute-Provence
SSFAU;ST-PIERRE-DE-FAUCIGNY;Poste de transformation;EN EXPLOITATION;63kV;Haute-Savoie
SSGEO;ST-GEORGES;Poste de transformation;EN EXPLOITATION;63kV;Aude
SSHON;ST-HONORE;Poste de transformation;EN EXPLOITATION;63kV;Nièvre
SSHUB;ST-HUBERT;Poste de transformation;EN EXPLOITATION;225kV;Moselle
SSJEA;ST-JEAN;Poste de transformation;EN EXPLOITATION;63kV;Aisne
SSJUN;ST-JUNIEN;Poste de transformation;EN EXPLOITATION;90kV;Haute-Vienne
SSLIV;STE-LIVRADE;Poste de transformation;EN EXPLOITATION;63kV;Lot-et-Garonne
SSMAY;ST-MAYME;Poste de transformation;EN EXPLOITATION;63kV;Dordogne
SSMC6;ST-MARCEL (CLIENT);Poste de transformation;EN EXPLOITATION;90kV;Indre
SSMEN;STE-MENEHOULD;Poste de transformation;EN EXPLOITATION;63kV;Marne
SSMON;ST-JEAN-DE-MONTS;Poste de transformation;EN EXPLOITATION;90kV;
SSNA6;ST-NAZAIRE (S.N.C.F.);Poste de transformation;EN EXPLOITATION;63kV;Gard
SSNOB;ST-LEONARD-DE-NOBLAT;Poste de transformation;EN EXPLOITATION;90kV;Haute-Vienne
SSORE;ST-ORENS;Poste de transformation;EN EXPLOITATION;225kV;Haute-Garonne
SSPMA;ST-PIERRE-MAREGES;Poste de transformation;EN EXPLOITATION;225kV;Corrèze
SSPOU;ST-GENIS-POUILLY;Poste de transformation;EN EXPLOITATION;63kV;Ain
SSRET;ST-PERE-EN-RETZ;Poste de transformation;EN EXPLOITATION;63kV;Loire-Atlantique
SSRO5;ST-PIERRE-ROCHE;Poste de transformation;EN EXPLOITATION;63kV;Puy-de-Dôme
SSSE5;ST-SERVAN;Poste de transformation;EN EXPLOITATION;63kV;Ille-et-Vilaine
SSTER;ST-MARTIN-DU-TERTRE;Poste de transformation;EN EXPLOITATION;63kV;Yonne
SSV.E;ST-VULBAS-EST;Poste de transformation;EN EXPLOITATION;225kV;Ain
SSVI5;ST-JEAN-LE-VIEUX;Poste de transformation;EN EXPLOITATION;63kV;Pyrénées-Atlantiques
SSVIN;ST-VINCENT;Poste de transformation;EN EXPLOITATION;225kV;Hérault
SSYRI;ST-YRIEIX;Poste de transformation;EN EXPLOITATION;90kV;Haute-Vienne
STP;ATELIER POLYETHYLENE;Poste de transformation;EN EXPLOITATION;63kV;Moselle
SUIPP;SUIPPES;Poste de transformation;EN EXPLOITATION;63kV;Marne
SUZE;SUZE (LA);Poste de transformation;EN EXPLOITATION;90kV;Sarthe
T.CH5;TRIE-CHATEAU;Poste de transformation;EN EXPLOITATION;63kV;Eure
T.SAV;TOURS EN SAVOIE;Poste de transformation;EN EXPLOITATION;63kV;Savoie
T.VIC;TRINITE-VICTOR;Poste de transformation;EN EXPLOITATION;225kV;Alpes-Maritimes
TADEN;TADEN;Poste de transformation;EN EXPLOITATION;63kV;Côtes-d'Armor
TAMAR;TAMAREAU;Poste de transformation;EN EXPLOITATION;400kV;Hérault
TANNE;TANNEURS;Poste de transformation;EN EXPLOITATION;63kV;Loire-Atlantique
TARAR;TARARE;Poste de transformation;EN EXPLOITATION;63kV;Rhône
TARB5;TARBES (S.N.C.F.);Poste de transformation;EN EXPLOITATION;63kV;Hautes-Pyrénées
TARNO;TARNON;Poste de transformation;EN EXPLOITATION;63kV;Lozère
TARTI;TARTIFUME;Poste de transformation;EN EXPLOITATION;63kV;Gironde
TERGN;TERGNIER;Poste de transformation;EN EXPLOITATION;63kV;Aisne
TERRA;TERRADOU;Poste de transformation;EN EXPLOITATION;225kV;Vaucluse
TERRE;TERRENOIRE;Poste de transformation;EN EXPLOITATION;63kV;Loire
TESTE;TESTE (LA);Poste de transformation;EN EXPLOITATION;63kV;
THEIX;THEIX;Poste de transformation;EN EXPLOITATION;225kV;Morbihan
THERA;THERAIN;Poste de transformation;EN EXPLOITATION;63kV;Oise
THIER;THIERS (BRUAY-SUR-L'ESCAUT);Poste de transformation;EN EXPLOITATION;225kV;Nord
THIME;THIMERT;Poste de transformation;EN EXPLOITATION;90kV;Eure-et-Loir
THIVI;THIVIERS;Poste de transformation;EN EXPLOITATION;63kV;Dordogne
THONE;THONES;Poste de transformation;EN EXPLOITATION;63kV;Haute-Savoie
THONO;THONON;Poste de transformation;EN EXPLOITATION;63kV;
THOUA;THOUARS;Poste de transformation;EN EXPLOITATION;90kV;Deux-Sèvres
THOUR;THOUROTTE;Poste de transformation;EN EXPLOITATION;63kV;Oise
THUES;THUES;Poste de transformation;EN EXPLOITATION;63kV;Pyrénées-Orientales
TILL5;TILLEUL;Poste de transformation;EN EXPLOITATION;400kV;Eure
TOLBI;TOLBIAC;Poste de transformation;EN EXPLOITATION;225kV;Paris
TOLME;TOLMER;Poste de transformation;EN EXPLOITATION;90kV;Manche
TONNE;TONNERRE;Poste de transformation;EN EXPLOITATION;225kV;Yonne
TORCY;TORCY (CEPIA );Poste de transformation;EN EXPLOITATION;63kV;Ardennes
TOULO;TOULOUSE (CEAT);Poste de transformation;EN EXPLOITATION;63kV;Haute-Garonne
TOUR6;TOURNAY;Poste de transformation;EN EXPLOITATION;63kV;Hautes-Pyrénées
TOUR7;TOURNEMIRE;Poste de transformation;EN EXPLOITATION;63kV;Aveyron
TOURB;TOURBE;Poste de transformation;EN EXPLOITATION;400kV;Calvados
TOURY;TOURY;Poste de transformation;EN EXPLOITATION;90kV;Eure-et-Loir
TOUVR;TOUVRE;Poste de transformation;EN EXPLOITATION;90kV;Charente
TREIG;TREIGNAC;Poste de transformation;EN EXPLOITATION;90kV;Corrèze
TRELA;TRELAZE;Poste de transformation;EN EXPLOITATION;90kV;Maine-et-Loire
TRES5;TRESSE;Poste de transformation;EN EXPLOITATION;90kV;Côtes-d'Armor
TRING;TRINGUE;Poste de transformation;EN EXPLOITATION;90kV;
TUCOY;TUCOY;Poste de transformation;EN EXPLOITATION;150kV;Hautes-Pyrénées
TUCQU;TUCQUEGNIEUX;Poste de transformation;EN EXPLOITATION;63kV;Meurthe-et-Moselle
UGIN7;UGINE (UGINE SAVOIE A UGINE)3;Poste de transformation;EN EXPLOITATION;45kV;Haute-Savoie
UGINE;UGINE (UGINE SAVOIE A UGINE)1;Poste de transformation;EN EXPLOITATION;225kV;Haute-Savoie
UNET;UNET;Poste de transformation;EN EXPLOITATION;63kV;Lot-et-Garonne
USSEL;USSEL;Poste de transformation;EN EXPLOITATION;90kV;Corrèze
V.BIG;VIC-EN-BIGORRE;Poste de transformation;EN EXPLOITATION;63kV;Hautes-Pyrénées
V.CO5;VILLEFRANCHE-DE-CONFLENT;Poste de transformation;EN EXPLOITATION;63kV;Pyrénées-Orientales
V.COT;VILLERS-COTTERETS;Poste de transformation;EN EXPLOITATION;63kV;Oise
V.GRA;VILLE-SOUS-GRANGE (LA);Poste de transformation;EN EXPLOITATION;90kV;Haute-Vienne
V.LOT;VILLENEUVE-SUR-LOT;Poste de transformation;EN EXPLOITATION;63kV;Lot-et-Garonne
V.MOU;VIEUX-MOULIN;Poste de transformation;EN EXPLOITATION;225kV;Savoie
V.PRE;VIEUX-PRE;Poste de transformation;EN EXPLOITATION;63kV;Meurthe-et-Moselle
V.ROU;VILLEFRANCHE-DE-ROUERGUE;Poste de transformation;EN EXPLOITATION;63kV;Aveyron
V.SEV;VAL-DE-SEVRE;Poste de transformation;EN EXPLOITATION;225kV;Vendée
VAISO;VAISON (-LA-ROMAINE);Poste de transformation;EN EXPLOITATION;63kV;Vaucluse
VALAB;VALABRES;Poste de transformation;EN EXPLOITATION;150kV;Alpes-Maritimes
VALCA;VALCANVILLE;Poste de transformation;EN EXPLOITATION;90kV;Manche
VALDI;VALDIVIENNE;Poste de transformation;EN EXPLOITATION;400kV;Vienne
VALE6;VALENTIGNEY;Poste de transformation;EN EXPLOITATION;63kV;Doubs
VALE8;VALENCE;Poste de transformation;EN EXPLOITATION;225kV;Ardèche
VALLO;VALLORCINE;Poste de transformation;EN EXPLOITATION;225kV;
VALMY;VALMY;Poste de transformation;EN EXPLOITATION;63kV;Paris
VALTI;VALTIER (LE);Poste de transformation;EN EXPLOITATION;90kV;Eure
VAREN;VARENNES;Poste de transformation;EN EXPLOITATION;63kV;Saône-et-Loire
VAUJA;VAUJANY;Poste de transformation;EN EXPLOITATION;400kV;Isère
VENDE;VENDETS;Poste de transformation;EN EXPLOITATION;63kV;Haute-Loire
VENDO;VENDOME;Poste de transformation;EN EXPLOITATION;90kV;Loir-et-Cher
VENES;VENESMES;Poste de transformation;EN EXPLOITATION;90kV;Cher
VENIS;VENISSIEUX;Poste de transformation;EN EXPLOITATION;225kV;Rhône
VERCH;VERCHERES (LES);Poste de transformation;EN EXPLOITATION;63kV;Isère
VERDU;VERDUN;Poste de transformation;EN EXPLOITATION;63kV;Meuse
VERN;VERN;Poste de transformation;EN EXPLOITATION;90kV;Ille-et-Vilaine
VERPI;VERPILLIERE (LA);Poste de transformation;EN EXPLOITATION;63kV;Isère
VERSA;VERSAILLES;Poste de transformation;EN EXPLOITATION;225kV;Yvelines
VERTU;VERTUS;Poste de transformation;EN EXPLOITATION;90kV;Marne
VESAI;VESAIGNES;Poste de transformation;EN EXPLOITATION;63kV;Haute-Marne
VEZIL;VEZILLY;Poste de transformation;EN EXPLOITATION;225kV;Aisne
VIEVR;VIEVRE;Poste de transformation;EN EXPLOITATION;90kV;Eure
VIGY;VIGY;Poste de transformation;EN EXPLOITATION;400kV;Moselle
VIMOU;VIMOUTIERS;Poste de transformation;EN EXPLOITATION;90kV;Orne
VINON;VINON;Poste de transformation;EN EXPLOITATION;63kV;Var
VIVI5;VIVIERS;Poste de transformation;EN EXPLOITATION;63kV;Ardèche
VLEMA;VILLEMANDEUR;Poste de transformation;EN EXPLOITATION;225kV;Loiret
VLERB;VILLERBON;Poste de transformation;EN EXPLOITATION;400kV;Loir-et-Cher
VLERE;VILLEREST;Poste de transformation;EN EXPLOITATION;63kV;Loire
VLERS;VILLERS;Poste de transformation;EN EXPLOITATION;63kV;Essonne
VNERE;VIGNERES;Poste de transformation;EN EXPLOITATION;63kV;Haute-Savoie
VOGEL;VOGELGRUN;Poste de transformation;EN EXPLOITATION;225kV;Haut-Rhin
VOUGL;VOUGLANS;Poste de transformation;EN EXPLOITATION;225kV;Jura
VUARC;VUARCHE;Poste de transformation;EN EXPLOITATION;63kV;
WALDI;WALDIGHOFFEN;Poste de transformation;EN EXPLOITATION;63kV;Haut-Rhin
WARHE;WARHEM;Poste de transformation;EN EXPLOITATION;90kV;Nord
WEPPE;WEPPES;Poste de transformation;EN EXPLOITATION;400kV;Pas-de-Calais
Y.EVE;YVRE L EVEQUE;Poste de transformation;EN EXPLOITATION;90kV;Sarthe
YAINV;YAINVILLE;Poste de transformation;EN EXPLOITATION;225kV;Seine-Maritime
YENNE;YENNE;Poste de transformation;EN EXPLOITATION;63kV;Ain
YQUEL;YQUELON;Poste de transformation;EN EXPLOITATION;90kV;
YVE.O;YVELINES-OUEST;Poste de transformation;EN EXPLOITATION;400kV;Yvelines
ZA.LI;PIQUAGE A GARDON;Point de piquage;EN EXPLOITATION;63kV;Ardèche
ZAIG6;AIGU6 / GANNA RIOM 1;Point de piquage;EN EXPLOITATION;63kV;Puy-de-Dôme
ZALLA;ALLAR / C.LO5 LUDE 1;Point de piquage;EN EXPLOITATION;90kV;Sarthe
ZAMPE;AMPE5 / JOUX VLEFR 1;Point de piquage;EN EXPLOITATION;63kV;Rhône
ZARLO;PIQUAGE ARLOS (LIAISON CIERPZ31M.MAU);Point de piquage;EN EXPLOITATION;63kV;Haute-Garonne
ZAUCU;PIQUAGE AUCUN (LIAISON ARRENZ51L.BAL);Point de piquage;EN EXPLOITATION;150kV;Hautes-Pyrénées
ZB.MA;B.MAU / ARC18 MALGO 1;Point de piquage;EN EXPLOITATION;63kV;Savoie
ZB20;PIQUAGE A CHANTURGUE;Point de piquage;EN EXPLOITATION;63kV;Puy-de-Dôme
ZBASI;PIQUAGE BASIN;Point de piquage;EN EXPLOITATION;63kV;Marne
ZBENA;RENAU / ARNAG PLUMA 1;Point de piquage;EN EXPLOITATION;90kV;Sarthe
ZBER5;PIQUAGE BERGERAC 2 (LIAISON BERG5Z32TUILI);Point de piquage;EN EXPLOITATION;63kV;Dordogne
ZBER7;PIQUAGE A VILLENEUVE-SAINT-GEORGES;Point de piquage;EN EXPLOITATION;63kV;Val-de-Marne
ZBERG;PIQUAGE BERGERAC 1 (LIAISON BERG5Z31TUILI);Point de piquage;EN EXPLOITATION;63kV;Dordogne
ZBETH;PIQUAGE A NERY;Point de piquage;EN EXPLOITATION;63kV;Oise
ZBEY5;PIQUAGE BEYREDE (LIAISON ARRE5Z32LANNE);Point de piquage;EN EXPLOITATION;63kV;Hautes-Pyrénées
ZBEZ5;PIQUAGE BEZIERS (LIAISON SAUCLZ33SSVIN);Point de piquage;EN EXPLOITATION;63kV;Hérault
ZBIA7;PIQUAGE BIACAVE (LIAISON BASTIZ31V.BIG);Point de piquage;EN EXPLOITATION;63kV;Hautes-Pyrénées
ZBOR5;PIQUAGE BORDERES (LIAISON ARRE5Z31EGET);Point de piquage;EN EXPLOITATION;63kV;Hautes-Pyrénées
ZBOR7;PIQUAGE BORDERES (LIAISON ARRE5Z32EGET);Point de piquage;EN EXPLOITATION;63kV;Hautes-Pyrénées
ZBZRA;BZRAY / P.GEN ZY.EV 2;Point de piquage;EN EXPLOITATION;90kV;Sarthe
ZC.FO;PIQUAGE COLOMBIER-FONTAINE;Point de piquage;EN EXPLOITATION;63kV;Doubs
ZC.LA;PIQUAGE CONDAT (LIAISON MTIGNZ41P.ELL);Point de piquage;EN EXPLOITATION;90kV;Dordogne
ZCAR6;PIQUAGE LES CARRES A MARCOUSSIS (ZCAR6);Point de piquage;EN EXPLOITATION;225kV;Essonne
ZCARL;PIQUAGE CARLA (LIAISON GOURJZ31LUZI1);Point de piquage;EN EXPLOITATION;63kV;Tarn
ZCHA5;PIQUAGE CHARNY;Point de piquage;EN EXPLOITATION;63kV;Loiret
ZCHA6;CHAV6 / CHAVA VALLI 1;Point de piquage;EN EXPLOITATION;63kV;Haute-Savoie
ZCHAM;CHAMP / CPNIE SSCOM 1;Point de piquage;EN EXPLOITATION;63kV;Isère
ZCHED;CHED5 / ABBA5 PASSY 1;Point de piquage;EN EXPLOITATION;45kV;Haute-Savoie
ZCHOU;PIQUAGE CHOUY;Point de piquage;EN EXPLOITATION;63kV;Aisne
ZCOR6;CORBI / BXCOU LAVAL 1;Point de piquage;EN EXPLOITATION;225kV;Maine-et-Loire
ZCORO;PIQUAGE A  LE CORONG;Point de piquage;EN EXPLOITATION;225kV;Côtes-d'Armor
ZCOU5;PIQUAGE COUGNALA (LIAISON CANTEZ32DAX);Point de piquage;EN EXPLOITATION;63kV;Landes
ZCOU8;COUDE / DUNES G.SYN 1;Point de piquage;EN EXPLOITATION;90kV;Nord
ZCOU9;COUDE / HOLQU NOORD 1;Point de piquage;EN EXPLOITATION;90kV;Nord
ZCOUG;PIQUAGE COUGNALA (LIAISON DAX Z31R.LAN);Point de piquage;EN EXPLOITATION;63kV;Landes
ZCPFL;PIQUAGE A CHAMPFLEURY;Point de piquage;EN EXPLOITATION;63kV;Gard
ZCRE7;PIQUAGE A CARCAGNY;Point de piquage;EN EXPLOITATION;90kV;Calvados
ZCROI;GENEV / MUSSA VLEME 1;Point de piquage;EN EXPLOITATION;90kV;Indre
ZCSLS;PIQUAGE CASTELSARRASIN(CLIENT) (LIAISON CSLSAZ31MOISS);Point de piquage;EN EXPLOITATION;63kV;Tarn-et-Garonne
ZCUBR;PIQUAGE CUBRY;Point de piquage;EN EXPLOITATION;90kV;Marne
ZCZE5;PIQUAGE A COUREGES;Point de piquage;EN EXPLOITATION;63kV;Vaucluse
ZCZEG;PIQUAGE 1 A COUREGES;Point de piquage;EN EXPLOITATION;63kV;Gard
ZD.IN;D.INF / CPNIE PARIS 1;Point de piquage;EN EXPLOITATION;63kV;Isère
ZDEGA;PIQUAGE DEGAGNAC SNCF (LIAISON DEGA5Z31GOURD);Point de piquage;EN EXPLOITATION;63kV;Lot
ZDOME;DOMEN / FROGE MEYLA 1;Point de piquage;EN EXPLOITATION;63kV;Isère
ZEDGA;PIQUAGE A LILLEBONNE;Point de piquage;EN EXPLOITATION;90kV;Seine-Maritime
ZEMAL;PIQUAGE A FRENOUVILLE;Point de piquage;EN EXPLOITATION;225kV;Calvados
ZESSA;ESSAR / BEUVR ESTAI 1;Point de piquage;EN EXPLOITATION;90kV;Pas-de-Calais
ZFERE;PIQUAGE FERE;Point de piquage;EN EXPLOITATION;63kV;Aisne
ZFOUI;FOUIL / ALLEU BLOCA 2;Point de piquage;EN EXPLOITATION;90kV;Oise
ZFRE6;PIQUAGE FREJORGUES (LIAISON CSLN5Z31MTPEL);Point de piquage;EN EXPLOITATION;63kV;Hérault
ZG.M5;PIQUAGE GDE MOTTE (LIAISON A.MORZ31SSCHR);Point de piquage;EN EXPLOITATION;63kV;Hérault
ZGANN;PIQUAGE A GANNES;Point de piquage;EN EXPLOITATION;63kV;Oise
ZGENE;PIQUAGE GENEUILLE;Point de piquage;EN EXPLOITATION;63kV;Doubs
ZGIR5;PIQUAGE GIROUFLAT (LIAISON GUPIEZ32MARM5);Point de piquage;EN EXPLOITATION;63kV;Lot-et-Garonne
ZGLAC;GIEN / TABAR VLEMA 1;Point de piquage;EN EXPLOITATION;225kV;Loiret
ZGOIS;GOISE / MELLE SSFLO 1;Point de piquage;EN EXPLOITATION;90kV;Deux-Sèvres
ZGOR6;PIQUAGE GORRE 6 (LIAISON SSJUNZ41TANNI);Point de piquage;EN EXPLOITATION;90kV;Charente
ZGORG;PIQUAGE A L ILE-ROSE;Point de piquage;EN EXPLOITATION;63kV;Isère
ZGREN;GRENA / AOSTE MIONS 1;Point de piquage;EN EXPLOITATION;225kV;Rhône
ZHAUT;HAUT5 / BVIL6 BXFOR 1;Point de piquage;EN EXPLOITATION;45kV;Savoie
ZHEMI;PIQUAGE HEMING;Point de piquage;EN EXPLOITATION;63kV;Moselle
ZHEND;PIQUAGE HENDAYE (LIAISON ERRONZ31SSLUZ);Point de piquage;EN EXPLOITATION;63kV;
ZHER9;PIQUAGE A HERBIGNAC;Point de piquage;EN EXPLOITATION;63kV;Loire-Atlantique
ZJOUX;JOUX / BOISS MACON 1;Point de piquage;EN EXPLOITATION;225kV;Ain
ZKERL;PIQUAGE A KERLAN;Point de piquage;EN EXPLOITATION;225kV;Loire-Atlantique
ZLAC5;PIQUAGE LACQ SNCF (LIAISON DAX Z31MARSI);Point de piquage;EN EXPLOITATION;63kV;Pyrénées-Atlantiques
ZLALI;PIQUAGE LALINDE (LIAISON MAUZAZ32TUILI);Point de piquage;EN EXPLOITATION;63kV;Dordogne
ZLAMO;PIQUAGE LAMOTHE (LIAISON ARCACZ31FACTU);Point de piquage;EN EXPLOITATION;63kV;Gironde
ZLANC;LANCE / EYBEN FROGE 1;Point de piquage;EN EXPLOITATION;225kV;Isère
ZLIE5;PIQUAGE A SAINT-OUEN-L AUMONE;Point de piquage;EN EXPLOITATION;225kV;Val-d'Oise
ZLIES;LIESS / CERGY H.BOR 1;Point de piquage;EN EXPLOITATION;225kV;Val-d'Oise
ZLIM5;LIMON / BESS5 GAMPA 1;Point de piquage;EN EXPLOITATION;63kV;Loire
ZLIM6;LIMOU / THIE5 ZP.G5 1;Point de piquage;EN EXPLOITATION;63kV;Puy-de-Dôme
ZLISL;PIQUAGE A MELLAC;Point de piquage;EN EXPLOITATION;63kV;Finistère
ZLISS;CHAT7 / BUZAN LOCHE 1;Point de piquage;EN EXPLOITATION;90kV;Indre
ZLUSS;PIQUAGE LUSSAGNET (LIAISON MIDOUZ31NAOUT);Point de piquage;EN EXPLOITATION;63kV;Landes
ZMAC.;PIQUAGE MACON-SUD;Point de piquage;EN EXPLOITATION;63kV;Saône-et-Loire
ZMAGN;PIQUAGE A MAGNY-SUR-TILLE;Point de piquage;EN EXPLOITATION;225kV;Côte-d'Or
ZMAIN;MAINT / ARPEN EPER5 1;Point de piquage;EN EXPLOITATION;90kV;Eure-et-Loir
ZMANS;MANSL / LUXE NAUCL 1;Point de piquage;EN EXPLOITATION;90kV;Charente
ZMAR1;PIQUAGE A VILLENEUVE-LES-SABLONS;Point de piquage;EN EXPLOITATION;63kV;Oise
ZMARG;PIQUAGE A VIEILLE-EGLISE-EN-YVELINES;Point de piquage;EN EXPLOITATION;63kV;Yvelines
ZMEDO;PIQUAGE MEDOQUINE (LIAISON GLACIZ31TALEN);Point de piquage;EN EXPLOITATION;63kV;Gironde
ZMERE;PIQUAGE MERENS (LIAISON HOSPIZ61TARAS);Point de piquage;EN EXPLOITATION;225kV;Ariège
ZMEY5;MEYLA / EYBEN I.VER 1;Point de piquage;EN EXPLOITATION;63kV;Isère
ZMIGE;PIQUAGE A MIGENNES (LIGNE N0 1);Point de piquage;EN EXPLOITATION;63kV;Yonne
ZMIGN;MIGNA / BONN6 POITI 3;Point de piquage;EN EXPLOITATION;90kV;Vienne
ZMOHE;PIQUAGE MOHET 1;Point de piquage;EN EXPLOITATION;63kV;Somme
ZMOIS;MOIS5 / MOUCH OULLI 1;Point de piquage;EN EXPLOITATION;63kV;Rhône
ZNARB;PIQUAGE NARBONNE (LIAISON LIVIEZ31P.NOU);Point de piquage;EN EXPLOITATION;63kV;Aude
ZNEUV;NEUVY / COSNE FORTA 1;Point de piquage;EN EXPLOITATION;63kV;Loiret
ZOLLA;PIQUAGE A OLLAINVILLE;Point de piquage;EN EXPLOITATION;90kV;Essonne
ZORS6;PIQUAGE A CROISSY-BEAUBOURG;Point de piquage;EN EXPLOITATION;225kV;Seine-et-Marne
ZOSTR;OSTRO / ECHIN MQISE 1;Point de piquage;EN EXPLOITATION;90kV;Pas-de-Calais
ZP.BE;P.BEN / B.ETO MOUCH 2;Point de piquage;EN EXPLOITATION;63kV;Rhône
ZPERP;PIQUAGE PERPIGNAN 1 (LIAISON CABESZ31M.BRU);Point de piquage;EN EXPLOITATION;63kV;Pyrénées-Orientales
ZPICH;PIQUAGE PICHON (LIAISON BASSEZ31SSEUL);Point de piquage;EN EXPLOITATION;63kV;Gironde
ZPIN;ECOUF / CORBI THORI 1;Point de piquage;EN EXPLOITATION;90kV;Maine-et-Loire
ZPINE;PIQUAGE A  LA BOCCA 1;Point de piquage;EN EXPLOITATION;63kV;Var
ZPLEL;PIQUAGE A MAURE-DE-BRETAGNE (PLELAN);Point de piquage;EN EXPLOITATION;90kV;Morbihan
ZPLOU;PLOUI / P.FOR THIER 1;Point de piquage;EN EXPLOITATION;63kV;Nord
ZPLUZ;PIQUAGE A PLUZUNET;Point de piquage;EN EXPLOITATION;63kV;Côtes-d'Armor
ZPOLL;POLLI / CRUET MTREV 1;Point de piquage;EN EXPLOITATION;63kV;Ain
ZPOUL;PP A PLOGASTEL-ST-GERMAIN (POULDREUZIC)-SAINT-GERMAIN;Point de piquage;EN EXPLOITATION;63kV;Finistère
ZPOUZ;PIQUAGE A POUZI LORIOL;Point de piquage;EN EXPLOITATION;63kV;Ardèche
ZPRA5;PRATC / M.ALL ZNAUS 1;Point de piquage;EN EXPLOITATION;63kV;Haute-Loire
ZPRR6;PIQUAGE A PIERREFITTE;Point de piquage;EN EXPLOITATION;90kV;Ille-et-Vilaine
ZQUA5;QUARO / THIER V.CON 1;Point de piquage;EN EXPLOITATION;63kV;Nord
ZRAMB;PIQUAGE A RAMBOUILLET;Point de piquage;EN EXPLOITATION;63kV;Yvelines
ZROBI;PIQUAGE ROBINSON A LE PLESSIS-ROBINSON (ZROBI);Point de piquage;EN EXPLOITATION;225kV;Yvelines
ZROJA;PIQUAGE ROJA (LIAISON MARM5Z31TONN5);Point de piquage;EN EXPLOITATION;63kV;Lot-et-Garonne
ZROU2;PIQUAGE A ROULEAUX 2;Point de piquage;EN EXPLOITATION;63kV;Loire-Atlantique
ZROUY;PIQUAGE ROUYE (LIAISON DAX Z31MARSI);Point de piquage;EN EXPLOITATION;63kV;Landes
ZRQBI;RQBIL / LINGO SSDAL 1;Point de piquage;EN EXPLOITATION;150kV;Alpes-Maritimes
ZS.CH;S.CHE / SEIGY VARE5 1;Point de piquage;EN EXPLOITATION;90kV;Loir-et-Cher
ZSAUG;PIQUAGE SAUGEES A SAINT-MICHEL-SUR-ORGE (ZSAUG);Point de piquage;EN EXPLOITATION;90kV;Essonne
ZSER5;SERVA / C.CHA CIZE 1;Point de piquage;EN EXPLOITATION;63kV;Ain
ZSERI;GRIBO / BXGEN LESTI 1;Point de piquage;EN EXPLOITATION;90kV;Loir-et-Cher
ZSEV5;PIQUAGE A SEVENANS;Point de piquage;EN EXPLOITATION;63kV;Territoire de Belfort
ZSOLE;SOLES / FAMAR PERIZ 1;Point de piquage;EN EXPLOITATION;63kV;Nord
ZSOSP;PIQUAGE A SOSPEL;Point de piquage;EN EXPLOITATION;63kV;Alpes-Maritimes
ZSSAP;SSAP5 / ARCOM MARGE 1;Point de piquage;EN EXPLOITATION;63kV;Lozère
ZSSBO;PIQUAGE A SAINT-PHILBERT-DE-BOUAINE;Point de piquage;EN EXPLOITATION;90kV;Loire-Atlantique
ZSSC6;PIQUAGE A PLONEVEZ-PORZAY (ST-COULITZ);Point de piquage;EN EXPLOITATION;63kV;Finistère
ZSSC7;SSCO5 / ARDOI MOTT5 1;Point de piquage;EN EXPLOITATION;63kV;Gard
ZSSCY;PIQUAGE ST CYPRIEN LIAISON A.MERZ31M.BRU;Point de piquage;EN EXPLOITATION;63kV;Pyrénées-Orientales
ZSSEU;PIQUAGE A THOMER-LA-SOGNE;Point de piquage;EN EXPLOITATION;90kV;Eure
ZSSFA;PIQUAGE A CREDO;Point de piquage;EN EXPLOITATION;63kV;Haute-Savoie
ZSSFE;PIQUAGE ST-FERJEUX;Point de piquage;EN EXPLOITATION;63kV;Doubs
ZSSJU;PIQUAGE ST JULIEN (LIAISON CARBOZ31PALAM);Point de piquage;EN EXPLOITATION;63kV;Haute-Garonne
ZSSL5;PIQUAGE ST LARY (LIAISON ARRE5Z31EGET);Point de piquage;EN EXPLOITATION;63kV;Hautes-Pyrénées
ZSSMC;SSMCE / J.BOI MADRO 1;Point de piquage;EN EXPLOITATION;90kV;Indre
ZSSRI;SSRIV / CONTE CZBAI 1;Point de piquage;EN EXPLOITATION;63kV;Alpes-Maritimes
ZSTE5;PIQUAGE MOUZON;Point de piquage;EN EXPLOITATION;63kV;Ardennes
ZT.BA;PIQUAGE A TRONVILLE-EN-BARROIS;Point de piquage;EN EXPLOITATION;63kV;Meuse
ZTALA;PIQUAGE TALAMET (LIAISON BREUIZ61L.CE2);Point de piquage;EN EXPLOITATION;225kV;Corrèze
ZTERT;TERTR / C.REN VENDO 1;Point de piquage;EN EXPLOITATION;90kV;Loir-et-Cher
ZTHIM;PIQUAGE A LE BOULLAY-MIVOYE;Point de piquage;EN EXPLOITATION;90kV;Eure-et-Loir
ZTREL;J.LOI / CORBI ROSER 1;Point de piquage;EN EXPLOITATION;90kV;Maine-et-Loire
ZTRUE;PIQUAGE TRUEL (LIAISON JOURDZ31SSVIC);Point de piquage;EN EXPLOITATION;63kV;Aveyron
ZVIRI;VIRIA / CADAL FLEYR 1;Point de piquage;EN EXPLOITATION;63kV;Ain
ZY.EV;Y.EVE / ARNAG ZBZRA 2;Point de piquage;EN EXPLOITATION;90kV;Sarthe
ZYVE5;PIQUAGE YVETOT A SAINT-WANDRILLE-RANCON (ZYVE5);Point de piquage;EN EXPLOITATION;90kV;Seine-Maritime
J.MAC;JEAN-BAPTISTE MACAUX;Poste de transformation;EN EXPLOITATION;90kV;Pas-de-Calais
D.ROU;DEVILLE-LES-ROUEN;Poste de transformation;EN EXPLOITATION;90kV;Seine-Maritime
ZLAB6;PIQUAGE A LABOUHEYRE (CLIENT);Point de piquage;EN EXPLOITATION;63kV;Landes
NUISE;NUISEMENT;Poste de transformation;EN EXPLOITATION;225kV;Eure-et-Loir
GUEU8;GUEUGNON (ENEDIS);Poste de transformation;EN EXPLOITATION;63kV;Saône-et-Loire
QUATR;QUATROUILLOTS (LES);Poste de transformation;EN EXPLOITATION;225kV;Doubs
ZMEL5;PIQUAGE MELUN A MELUN (ZMEL5);Point de piquage;EN EXPLOITATION;63kV;Seine-et-Marne
ZSAU9;PIQUAGE SAULNOIS;Point de piquage;EN EXPLOITATION;225kV;Moselle
MTGRO;MONTGROS;Poste de transformation;EN EXPLOITATION;225kV;Lozère
FLAC5;FLACE (SOUS STATION SNCF);Poste de transformation;EN EXPLOITATION;63kV;Saône-et-Loire
ZEYRE;PIQUAGE EYREIN (LIAISON EGLETZ41NAVES);Point de piquage;EN EXPLOITATION;90kV;Corrèze
ZCAR8;PIQUAGE A CARLING (LIGNE N2);Point de piquage;EN EXPLOITATION;63kV;Moselle
ZVILA;PIQUAGE A VILASSOLE;Point de piquage;EN EXPLOITATION;225kV;Bouches-du-Rhône
ZSSSA;PIQUAGE A SAINT-SAUVEUR;Point de piquage;EN EXPLOITATION;63kV;Isère
NAVA6;NAVARRE;Poste de transformation;ACCORD ADMINISTRATIF;400kV;
P.NO7;PETITES-NOUES;Poste de transformation;EN EXPLOITATION;90kV;Marne
ARBOR;ARBORIA;Poste de transformation;EN EXPLOITATION;90kV;Loiret
B.PLU;BOUIN-PLUMOISON;Poste de transformation;EN EXPLOITATION;90kV;Pas-de-Calais
ZHAST;PIQUAGE A HASTIGNAN;Point de piquage;EN EXPLOITATION;63kV;Gironde
ANNIB;ANNIBAL;Poste de transformation;EN EXPLOITATION;63kV;Bouches-du-Rhône
B.SEP;BATTERIE-DE-SEPT;Poste de transformation;EN EXPLOITATION;63kV;Finistère
ZEPIZ;PIQUAGE A EPIZON;Point de piquage;EN EXPLOITATION;225kV;Haute-Marne
ZV.OR;PIQUAGE A VILLEJUST ORSAY;Point de piquage;EN EXPLOITATION;225kV;Essonne
MALBO;MALBOUSQUET (PORT MILITAIRE TOULON);Poste de transformation;EN EXPLOITATION;63kV;Var
REBEU;REBEUVILLE;Poste de transformation;EN EXPLOITATION;63kV;Vosges
ZMES6;PIQUAGE A MESNIER;Point de piquage;EN EXPLOITATION;90kV;Charente
FOUCA;FOUCAUDIERE (LA);Poste de transformation;EN EXPLOITATION;90kV;Sarthe
LOUD7;LOUDENVIELLE (RTE);Poste de transformation;EN EXPLOITATION;63kV;Hautes-Pyrénées
CSLL8;CASTELLE (LA);Poste de transformation;EN EXPLOITATION;225kV;Hérault
ORLEA;ORLEANS;Poste de transformation;EN EXPLOITATION;90kV;Loiret
P.BO8;PETIT-BOULAY;Poste de transformation;EN EXPLOITATION;150kV;Saône-et-Loire
G.ENF;GUEULE D ENFER (MASSHYLIA LA MEDE);Poste de transformation;ACCORD ADMINISTRATIF;150kV;Bouches-du-Rhône
C.COL;CHATILLON-COLIGNY;Poste de transformation;ACCORD ADMINISTRATIF;90kV;Loiret
FARAM;FARAMAN;Poste de transformation;EN EXPLOITATION;COURANT CONTINU;
M.HER;MOTHE-ST-HERAY (LA);Poste de transformation;EN EXPLOITATION;90kV;Deux-Sèvres
ZLIC6;PIQUAGE LICAUGAS (LIAISON MASQUZ31PAREN);Point de piquage;EN EXPLOITATION;63kV;Landes
AUREE;AURE;Poste de transformation;EN EXPLOITATION;225kV;Hautes-Pyrénées
ZR.V5;PIQUAGE A RIVIERE LE VIEUX 2;Point de piquage;EN EXPLOITATION;63kV;Ariège
CONRA;CONRAIE (LA);Poste de transformation;EN EXPLOITATION;63kV;Loire-Atlantique
ZGERR;PIQUAGE A GER;Point de piquage;EN EXPLOITATION;90kV;Manche
C.VIL;CAMI-DE-VILANOVA;Poste de transformation;EN EXPLOITATION;225kV;Pyrénées-Orientales
ZHEL5;HELLE / AVELI H.VIN 1;Point de piquage;EN EXPLOITATION;225kV;Nord
ZPEY5;PIQUAGE A PEYRUSSE;Point de piquage;EN EXPLOITATION;63kV;Cantal
SAIN5;SAINTOIS;Poste de transformation;EN EXPLOITATION;225kV;Meurthe-et-Moselle
SSRIE;ST-HILAIRE-DE-RIEZ;Poste de transformation;EN EXPLOITATION;90kV;Vendée
SSSU5;ST-SULAN;Poste de transformation;EN EXPLOITATION;63kV;Morbihan
ZSSPE;PIQUAGE A SAINT-PEYRE;Point de piquage;EN EXPLOITATION;63kV;Tarn-et-Garonne
L.PR5;LONGS-PRES (LES);Poste de transformation;EN EXPLOITATION;63kV;Meurthe-et-Moselle
G.BA5;GREOUX-LES-BAINS (CLIENT);Poste de transformation;EN EXPLOITATION;225kV;Alpes-de-Haute-Provence
CRAYW;CRAYWICK;Poste de transformation;EN EXPLOITATION;225kV;Pas-de-Calais
V.REU;VAL-DE-REUIL;Poste de transformation;EN EXPLOITATION;90kV;Eure
VAROI;VAROILLES (LES);Poste de transformation;EN EXPLOITATION;225kV;Doubs
ZG.BA;PIQUAGE A GREOUX-LES-BAINS;Point de piquage;EN EXPLOITATION;225kV;Alpes-de-Haute-Provence
PAUDY;PAUDY;Poste de transformation;EN EXPLOITATION;225kV;Indre
ZVNES;PIQUAGE A VIGNES (LES);Point de piquage;EN EXPLOITATION;63kV;Indre
DOPPL;DOPPLER;Poste de transformation;EN EXPLOITATION;63kV;Loire-Atlantique
ZCP.M;PIQUAGE A CHAMP-MOLLET;Point de piquage;EN EXPLOITATION;225kV;Aisne
TIZEE;TIZE;Poste de transformation;EN EXPLOITATION;90kV;Ille-et-Vilaine
ZTRAN;TRAN5 / GAVRE PERTA 1;Point de piquage;EN EXPLOITATION;225kV;Somme
ZBLAU;PIQUAGE A BLAUX;Point de piquage;EN EXPLOITATION;225kV;Hautes-Alpes
COUB6;COUBERTIN;Poste de transformation;EN EXPLOITATION;63kV;Côte-d'Or
C.SSH;CHAMPAGNE-ST-HILAIRE;Poste de transformation;EN EXPLOITATION;90kV;Vienne
PEUP5;PEUPLINGUES;Poste de transformation;EN EXPLOITATION;400kV;Pas-de-Calais
SAGN5;SAGNES (LES);Poste de transformation;EN EXPLOITATION;63kV;Hautes-Alpes
CESSI;CESSIER (LE);Poste de transformation;EN EXPLOITATION;225kV;Aisne
ZMA12;PIQUAGE-A-MARECAGES (LES);Point de piquage;EN EXPLOITATION;63kV;Val-d'Oise
G.CO6;GRAND-COURBIS;Poste de transformation;EN EXPLOITATION;225kV;Drôme
P.MOE;PREVESSIN-MOENS;Poste de transformation;EN EXPLOITATION;63kV;Ain
HARDT;HARDT;Poste de transformation;EN EXPLOITATION;225kV;Haut-Rhin
V.BAC;VILLIERS-LE-BACLE  (CEA SACLAY);Poste de transformation;EN EXPLOITATION;63kV;Yvelines
BDROU;BORDEROUGE;Poste de transformation;ACCORD ADMINISTRATIF;63kV;Haute-Garonne
CRAIE;CRAIES (LES);Poste de transformation;EN EXPLOITATION;63kV;Yonne
B.BRU;BOIS-BRUNET;Poste de transformation;ACCORD ADMINISTRATIF;90kV;Vienne
FONDA;FONDAMENTE;Poste de transformation;EN EXPLOITATION;63kV;Aveyron
C.OME;CRESSY-OMENCOURT;Poste de transformation;EN EXPLOITATION;225kV;Somme
SSVA6;ST-CYR-EN-VAL;Poste de transformation;EN EXPLOITATION;225kV;Loiret
ZFAUG;PIQUAGE A FAUGERES;Point de piquage;EN EXPLOITATION;63kV;Hérault
SAISI;SAISIES (LES);Poste de transformation;EN EXPLOITATION;45kV;Savoie
ZG.P5;PIQUAGE A LA GRANDE PAROISSE;Point de piquage;EN EXPLOITATION;63kV;Seine-et-Marne
ZCXC5;PIQUAGE A CHAUCONIN;Point de piquage;EN EXPLOITATION;63kV;Seine-et-Marne
ECUVI;ECUVILLY;Poste de transformation;ACCORD ADMINISTRATIF;63kV;Oise
PEYR7;PEYRILHAC;Poste de transformation;EN EXPLOITATION;90kV;Haute-Vienne
CEREE;CERE;Poste de transformation;ACCORD ADMINISTRATIF;225kV;Landes
VALDE;VALDEROURE;Poste de transformation;EN EXPLOITATION;225kV;Var
MERIE;MERIE;Poste de transformation;EN EXPLOITATION;90kV;Loiret
BERCL;BERCLAU;Poste de transformation;EN EXPLOITATION;225kV;Pas-de-Calais
T.GAT;THIMERT-GATELLES (PROD. CRUCEY);Poste de transformation;EN EXPLOITATION;90kV;Eure-et-Loir
B.SSB;BAIE-DE-ST-BRIEUC;Poste de transformation;ACCORD ADMINISTRATIF;225kV;
V.CH7;VIEUX-CHATEAU;Poste de transformation;EN EXPLOITATION;63kV;Isère
ROSEA;ROSEAUX;Poste de transformation;ACCORD ADMINISTRATIF;225kV;Seine-Maritime
ZB.C6;PIQUAGE AU BOIS COURTIN;Point de piquage;ACCORD ADMINISTRATIF;225kV;Essonne
ZG.DO;PIQUAGE AU GRAND DOME;Point de piquage;ACCORD ADMINISTRATIF;225kV;Essonne
A.MOU;AIX-MOURET;Poste de transformation;EN EXPLOITATION;225kV;Bouches-du-Rhône
C.GUE;CHAMPS GUERIN (LES);Poste de transformation;EN EXPLOITATION;63kV;Nièvre
N.SEU;NOUE-SEUIL;Poste de transformation;EN EXPLOITATION;90kV;Ardennes
ZCO10;PIQUAGE A LA COULINIERE;Point de piquage;EN EXPLOITATION;90kV;Eure
BOCHE;BOCHET (LE);Poste de transformation;EN EXPLOITATION;63kV;Savoie
VINGE;VINGEANNE;Poste de transformation;EN EXPLOITATION;63kV;Côte-d'Or
ROM;ROM;Poste de transformation;EN EXPLOITATION;400kV;Vienne
POMPI;POMPIGNAC;Poste de transformation;EN EXPLOITATION;63kV;Gironde
VLARG;VILLARGONDRAN (SSJM SNCF);Poste de transformation;EN EXPLOITATION;63kV;Savoie
SSGCO;SAINT-GERAUD-DE-CORPS;Poste de transformation;EN EXPLOITATION;225kV;Dordogne
KALKO;KALKOFEN;Poste de transformation;ACCORD ADMINISTRATIF;63kV;Moselle
SSSA6;SAINT-SAVOURNIN;Poste de transformation;EN EXPLOITATION;63kV;Bouches-du-Rhône
G.PAT;GRAND-PATURAL;Poste de transformation;ACCORD ADMINISTRATIF;225kV;Haute-Vienne
B.MAN;BOINVILLE-EN-MANTOIS;Poste de transformation;EN EXPLOITATION;225kV;Yvelines
ANTUG;ANTUGNAC;Poste de transformation;EN EXPLOITATION;63kV;Aude
POTEA;POTEAU (LE);Poste de transformation;EN EXPLOITATION;225kV;Marne
L.ROU;LACHAPELLE-SOUS-ROUGEMONT;Poste de transformation;EN EXPLOITATION;63kV;Territoire de Belfort
JUVIG;JUVIGNY;Poste de transformation;EN EXPLOITATION;225kV;
